Timestamp,Open,High,Low,Close,Volume
2025-01-01T22:00:00,1.03503,1.03514,1.03503,1.03514,5.97000002861023
2025-01-01T22:02:00,1.03514,1.03514,1.03514,1.03514,0.75
2025-01-01T22:04:00,1.03514,1.03514,1.03507,1.03507,7.5
2025-01-01T22:05:00,1.03514,1.03519,1.03507,1.03515,17.7599997520447
2025-01-01T22:06:00,1.03516,1.03516,1.03513,1.03513,3.59999990463257
2025-01-01T22:07:00,1.03512,1.03513,1.035,1.035,11.0099999904633
2025-01-01T22:08:00,1.03504,1.03504,1.03496,1.03496,7.19999980926514
2025-01-01T22:09:00,1.03495,1.035,1.03484,1.035,7.19999992847443
2025-01-01T22:10:00,1.03499,1.03503,1.03496,1.03501,5.39999985694885
2025-01-01T22:11:00,1.03501,1.03501,1.03501,1.03501,4.49999988079071
2025-01-01T22:12:00,1.03501,1.03504,1.03495,1.03504,13.4999997615814
2025-01-01T22:13:00,1.03503,1.03503,1.035,1.035,1.79999995231628
2025-01-01T22:14:00,1.03483,1.03485,1.03483,1.03485,5.25
2025-01-01T22:15:00,1.03485,1.03503,1.03485,1.03501,8.84999978542328
2025-01-01T22:16:00,1.03502,1.03506,1.03502,1.03506,6.29999983310699
2025-01-01T22:17:00,1.03507,1.0353,1.035,1.0353,19.9799998402596
2025-01-01T22:18:00,1.03529,1.03532,1.03503,1.03532,28.7999999523163
2025-01-01T22:19:00,1.03531,1.03531,1.03527,1.03527,10.4400000572205
2025-01-01T22:20:00,1.0353,1.0353,1.0353,1.0353,4.5
2025-01-01T22:21:00,1.03531,1.03531,1.035,1.035,29.3399999141693
2025-01-01T22:22:00,1.03504,1.03521,1.03504,1.03521,23.039999961853
2025-01-01T22:23:00,1.03522,1.03522,1.03522,1.03522,9
2025-01-01T22:24:00,1.03522,1.03525,1.03519,1.03525,20.3400000333786
2025-01-01T22:25:00,1.03522,1.03534,1.03522,1.03531,41.3999999761581
2025-01-01T22:26:00,1.0353,1.03534,1.0353,1.03531,7.73999989032745
2025-01-01T22:27:00,1.03535,1.03541,1.03534,1.03541,3.59999990463257
2025-01-01T22:28:00,1.03542,1.03546,1.03541,1.03545,8.09999978542328
2025-01-01T22:29:00,1.03544,1.03544,1.0354,1.03543,19.1699998378754
2025-01-01T22:30:00,1.03542,1.03545,1.03541,1.03541,60.3000001907349
2025-01-01T22:31:00,1.0354,1.0354,1.0354,1.0354,1.16999995708466
2025-01-01T22:32:00,1.03538,1.03538,1.03537,1.03537,4.94999999552965
2025-01-01T22:33:00,1.03526,1.03537,1.03526,1.03537,7.19999992847443
2025-01-01T22:34:00,1.03538,1.0354,1.03533,1.0354,16.0799999088049
2025-01-01T22:35:00,1.0354,1.03541,1.0354,1.03541,4.1399998664856
2025-01-01T22:36:00,1.03545,1.0356,1.03545,1.03559,45.4499988332391
2025-01-01T22:37:00,1.0356,1.03564,1.03549,1.03551,17.9999996423721
2025-01-01T22:38:00,1.0355,1.03566,1.03545,1.03566,12.0899999067187
2025-01-01T22:39:00,1.03565,1.03573,1.03562,1.03572,71.0999981164932
2025-01-01T22:40:00,1.03571,1.03573,1.03558,1.03567,133.209996558726
2025-01-01T22:41:00,1.03569,1.03569,1.03558,1.03559,26.8799993619323
2025-01-01T22:42:00,1.03565,1.03567,1.03558,1.0356,27.7199993953109
2025-01-01T22:43:00,1.0356,1.0357,1.0356,1.03566,36.7199990749359
2025-01-01T22:44:00,1.03567,1.03571,1.03557,1.03566,107.549997210503
2025-01-01T22:45:00,1.03561,1.0357,1.0356,1.0356,60.5699984580278
2025-01-01T22:46:00,1.03568,1.03573,1.0356,1.03569,65.729998499155
2025-01-01T22:47:00,1.0357,1.03571,1.03553,1.03553,61.1999988555908
2025-01-01T22:48:00,1.03566,1.0357,1.03556,1.03561,56.699998497963
2025-01-01T22:49:00,1.03565,1.0357,1.03561,1.03561,21.3899994939566
2025-01-01T22:50:00,1.0356,1.03564,1.03552,1.03553,4.94999986886978
2025-01-01T22:51:00,1.03552,1.03567,1.03552,1.03559,18.8399995043874
2025-01-01T22:52:00,1.03565,1.03566,1.03551,1.03565,25.4399993270636
2025-01-01T22:53:00,1.03564,1.03566,1.03559,1.03564,41.6399988979101
2025-01-01T22:54:00,1.03565,1.03571,1.03564,1.03569,22.4999994039536
2025-01-01T22:55:00,1.03571,1.03576,1.0357,1.03576,41.3999989032745
2025-01-01T22:56:00,1.03575,1.03577,1.0355,1.03554,57.8699988722801
2025-01-01T22:57:00,1.0355,1.03568,1.0355,1.0355,17.1000001132488
2025-01-01T22:58:00,1.0355,1.03567,1.0355,1.0355,24.1199995875359
2025-01-01T22:59:00,1.0355,1.03559,1.0355,1.0355,19.1699996590614
2025-01-01T23:00:00,1.0355,1.0355,1.03501,1.03531,680.219999849796
2025-01-01T23:01:00,1.0353,1.03532,1.03514,1.03532,186.299999892712
2025-01-01T23:02:00,1.03532,1.03548,1.03512,1.03543,112.050001740456
2025-01-01T23:03:00,1.03543,1.03546,1.03537,1.03538,41.3999996185303
2025-01-01T23:04:00,1.03537,1.03563,1.03537,1.03563,36.8999998569489
2025-01-01T23:05:00,1.03563,1.03563,1.03531,1.03544,48.1499999165535
2025-01-01T23:06:00,1.03544,1.03544,1.03538,1.03539,8.54999989271164
2025-01-01T23:07:00,1.03539,1.03539,1.03532,1.03538,26.0999994874001
2025-01-01T23:08:00,1.03538,1.03544,1.03537,1.03544,16.139999628067
2025-01-01T23:09:00,1.03547,1.03551,1.03543,1.03543,19.8000000715256
2025-01-01T23:10:00,1.03543,1.03543,1.03527,1.03527,40.5000000596046
2025-01-01T23:11:00,1.0353,1.03538,1.0353,1.03533,23.4000003933907
2025-01-01T23:12:00,1.03533,1.03543,1.03531,1.03532,51.4200000688434
2025-01-01T23:13:00,1.03536,1.03536,1.03531,1.03531,31.1400000452995
2025-01-01T23:14:00,1.03531,1.03536,1.03531,1.03536,56.7900004982948
2025-01-01T23:15:00,1.03536,1.03536,1.03527,1.03528,32.1999997422099
2025-01-01T23:16:00,1.03528,1.03534,1.03528,1.03533,34.7400004863739
2025-01-01T23:17:00,1.03534,1.03538,1.03533,1.03534,13.4999998807907
2025-01-01T23:18:00,1.03536,1.03536,1.03529,1.03534,38.7000002861023
2025-01-01T23:19:00,1.03536,1.03543,1.03533,1.03539,118.969999969006
2025-01-01T23:20:00,1.03539,1.03539,1.03533,1.03535,48.6900000572205
2025-01-01T23:21:00,1.03535,1.03535,1.03528,1.03529,66.2700005099177
2025-01-01T23:22:00,1.03531,1.03534,1.03531,1.03533,22.0500001907349
2025-01-01T23:23:00,1.03536,1.03538,1.03523,1.03523,50.0899999067187
2025-01-01T23:24:00,1.03526,1.03526,1.03523,1.03524,22.9499996900558
2025-01-01T23:25:00,1.03523,1.03527,1.03523,1.03526,17.1000002622604
2025-01-01T23:26:00,1.03527,1.03528,1.03523,1.03523,354.270005106926
2025-01-01T23:27:00,1.03524,1.03527,1.03518,1.03521,41.7299997657537
2025-01-01T23:28:00,1.03521,1.03521,1.03517,1.03517,23.4000000953674
2025-01-01T23:29:00,1.03521,1.03523,1.03513,1.03513,122.349998816848
2025-01-01T23:30:00,1.03515,1.03517,1.03502,1.03503,55.9899998903275
2025-01-01T23:31:00,1.03506,1.03506,1.03499,1.03501,118.219998687506
2025-01-01T23:32:00,1.03501,1.03501,1.03481,1.03483,114.419998578727
2025-01-01T23:33:00,1.03482,1.03482,1.03471,1.03473,125.129999034107
2025-01-01T23:34:00,1.03476,1.03485,1.03476,1.03485,38.9699991941452
2025-01-01T23:35:00,1.03485,1.03488,1.03482,1.03484,92.9999990388751
2025-01-01T23:36:00,1.03483,1.03483,1.03469,1.03477,95.3999990820885
2025-01-01T23:37:00,1.03476,1.03476,1.03471,1.03472,62.4299995526671
2025-01-01T23:38:00,1.03472,1.03472,1.03462,1.03466,165.95999956131
2025-01-01T23:39:00,1.03467,1.03485,1.03466,1.03485,71.1899984478951
2025-01-01T23:40:00,1.03485,1.03485,1.03482,1.03484,66.9600006937981
2025-01-01T23:41:00,1.03485,1.03486,1.03484,1.03486,27.0899995565414
2025-01-01T23:42:00,1.03486,1.03487,1.03478,1.03483,48.9299993366003
2025-01-01T23:43:00,1.03482,1.03489,1.03482,1.03489,5.60999988764524
2025-01-01T23:44:00,1.03489,1.03491,1.03488,1.03491,39.2099999040365
2025-01-01T23:45:00,1.03491,1.03493,1.03491,1.03492,41.190000936389
2025-01-01T23:46:00,1.03494,1.03494,1.03492,1.03494,45.3900000974536
2025-01-01T23:47:00,1.03496,1.03496,1.03492,1.03494,20.6099996343255
2025-01-01T23:48:00,1.03497,1.03516,1.03496,1.03516,84.5099998041987
2025-01-01T23:49:00,1.03517,1.0352,1.03502,1.03512,125.389999836683
2025-01-01T23:50:00,1.03513,1.03524,1.03512,1.03524,53.040000192821
2025-01-01T23:51:00,1.03524,1.03526,1.03521,1.03521,13.2899999395013
2025-01-01T23:52:00,1.03521,1.03531,1.03518,1.03526,55.009999640286
2025-01-01T23:53:00,1.03526,1.0353,1.03523,1.03527,54.4499991312623
2025-01-01T23:54:00,1.03525,1.03527,1.03509,1.03512,89.9399991258979
2025-01-01T23:55:00,1.03512,1.03514,1.03507,1.0351,25.5600002110004
2025-01-01T23:56:00,1.03513,1.03519,1.03513,1.03513,18.000000089407
2025-01-01T23:57:00,1.03512,1.03512,1.03508,1.03508,42.6299998611212
2025-01-01T23:58:00,1.03507,1.03516,1.03507,1.03516,115.82999908179
2025-01-01T23:59:00,1.03514,1.03514,1.03502,1.03507,148.150000371039
2025-01-02T00:00:00,1.03508,1.03511,1.03504,1.03507,138.649999141693
2025-01-02T00:01:00,1.03506,1.0351,1.03505,1.03506,59.6099992692471
2025-01-02T00:02:00,1.03506,1.03506,1.03495,1.035,62.4499994069338
2025-01-02T00:03:00,1.03499,1.03502,1.03497,1.035,48.4499997571111
2025-01-02T00:04:00,1.03498,1.03504,1.03491,1.03493,53.1299995705485
2025-01-02T00:05:00,1.03492,1.03507,1.03492,1.03507,87.4199990332127
2025-01-02T00:06:00,1.03508,1.03508,1.03504,1.03504,10.0799996852875
2025-01-02T00:07:00,1.03505,1.03509,1.03499,1.03506,72.9499992057681
2025-01-02T00:08:00,1.03506,1.03513,1.03505,1.03511,70.3099992275238
2025-01-02T00:09:00,1.03511,1.03514,1.03511,1.03514,37.7999994754791
2025-01-02T00:10:00,1.03513,1.03518,1.03512,1.03516,32.3999996185303
2025-01-02T00:11:00,1.03515,1.03515,1.03508,1.03508,42.2999997735023
2025-01-02T00:12:00,1.03507,1.03507,1.03499,1.035,56.0099986717105
2025-01-02T00:13:00,1.03501,1.03501,1.03499,1.035,34.3799992799759
2025-01-02T00:14:00,1.03495,1.03495,1.03491,1.03493,44.7799998521805
2025-01-02T00:15:00,1.03492,1.03494,1.03478,1.03478,66.9599996805191
2025-01-02T00:16:00,1.03478,1.03499,1.03478,1.03489,88.2899982333183
2025-01-02T00:17:00,1.0349,1.03494,1.03487,1.03493,55.7999992370605
2025-01-02T00:18:00,1.03493,1.03493,1.03482,1.03485,70.2000004053116
2025-01-02T00:19:00,1.03487,1.0349,1.03482,1.03489,63.4499993920326
2025-01-02T00:20:00,1.0349,1.035,1.03489,1.03498,44.999999165535
2025-01-02T00:21:00,1.03498,1.03498,1.03491,1.03491,126.000000238419
2025-01-02T00:22:00,1.03491,1.03497,1.03472,1.03496,104.639999851584
2025-01-02T00:23:00,1.03496,1.03512,1.03496,1.03511,153.119999647141
2025-01-02T00:24:00,1.03511,1.03513,1.03497,1.035,95.1600000783801
2025-01-02T00:25:00,1.03499,1.03508,1.03499,1.03508,72.8999999761581
2025-01-02T00:26:00,1.03511,1.03511,1.03505,1.03506,59.5099987983704
2025-01-02T00:27:00,1.03506,1.03512,1.03505,1.03506,83.2500002384186
2025-01-02T00:28:00,1.03505,1.03505,1.03504,1.03504,33.5099996328354
2025-01-02T00:29:00,1.03505,1.03508,1.03505,1.03506,52.199999332428
2025-01-02T00:30:00,1.03505,1.03505,1.03491,1.03495,52.8600000739098
2025-01-02T00:31:00,1.03496,1.03502,1.03495,1.03498,55.6099996566772
2025-01-02T00:32:00,1.03498,1.03501,1.03498,1.03499,29.8799991607666
2025-01-02T00:33:00,1.035,1.035,1.03485,1.03485,63.7199999094009
2025-01-02T00:34:00,1.03488,1.03489,1.03486,1.03488,30.1499997377396
2025-01-02T00:35:00,1.03488,1.03493,1.03486,1.03493,31.5
2025-01-02T00:36:00,1.03494,1.03496,1.03494,1.03495,10.3499998450279
2025-01-02T00:37:00,1.03498,1.03506,1.03498,1.03506,73.8800000846386
2025-01-02T00:38:00,1.0351,1.03516,1.03508,1.03513,84.319999396801
2025-01-02T00:39:00,1.03513,1.03513,1.03498,1.03503,92.3399995565414
2025-01-02T00:40:00,1.03504,1.03504,1.03497,1.03499,87.4099990129471
2025-01-02T00:41:00,1.03499,1.03505,1.03499,1.03504,25.6499996185303
2025-01-02T00:42:00,1.03505,1.03509,1.03505,1.03509,11.2499999403954
2025-01-02T00:43:00,1.03508,1.03512,1.03507,1.03512,29.2499995827675
2025-01-02T00:44:00,1.0351,1.03516,1.03508,1.03508,75.2199990153313
2025-01-02T00:45:00,1.03509,1.03513,1.03507,1.03513,48.889999628067
2025-01-02T00:46:00,1.03514,1.03517,1.0351,1.03515,51.1499996855855
2025-01-02T00:47:00,1.03516,1.0352,1.03513,1.03516,86.1299992799759
2025-01-02T00:48:00,1.03515,1.03516,1.0351,1.03511,54.7199995517731
2025-01-02T00:49:00,1.03512,1.03516,1.03511,1.03514,58.5899995565414
2025-01-02T00:50:00,1.03513,1.03518,1.0351,1.03514,94.9499994516373
2025-01-02T00:51:00,1.03517,1.03528,1.03517,1.03528,36.2699994966388
2025-01-02T00:52:00,1.03527,1.03536,1.03525,1.0353,67.709999255836
2025-01-02T00:53:00,1.03531,1.03538,1.03531,1.03536,84.389999255538
2025-01-02T00:54:00,1.03536,1.03546,1.03536,1.03543,83.39999935776
2025-01-02T00:55:00,1.03544,1.03564,1.03544,1.03564,107.609998889267
2025-01-02T00:56:00,1.03563,1.03564,1.03555,1.03559,11.3399999216199
2025-01-02T00:57:00,1.03559,1.0356,1.03553,1.03555,14.2799998447299
2025-01-02T00:58:00,1.03556,1.03556,1.03503,1.03526,95.9599991738796
2025-01-02T00:59:00,1.03527,1.03527,1.03519,1.0352,11.8799998611212
2025-01-02T01:00:00,1.03521,1.03521,1.03442,1.03506,135.509998530149
2025-01-02T01:01:00,1.03506,1.03512,1.03494,1.03499,210.959998600185
2025-01-02T01:02:00,1.035,1.0351,1.03491,1.03499,133.169999696314
2025-01-02T01:03:00,1.035,1.03514,1.03492,1.03503,84.0299994722009
2025-01-02T01:04:00,1.03504,1.03506,1.03493,1.03494,54.9599999710917
2025-01-02T01:05:00,1.03495,1.03496,1.03484,1.03487,86.8499993681908
2025-01-02T01:06:00,1.03487,1.03508,1.03487,1.03507,49.4399996474385
2025-01-02T01:07:00,1.03508,1.03509,1.03482,1.03482,138.419999472797
2025-01-02T01:08:00,1.03483,1.03484,1.03475,1.03479,28.5899996086955
2025-01-02T01:09:00,1.03479,1.03487,1.03474,1.03486,70.94999961555
2025-01-02T01:10:00,1.03486,1.03486,1.03471,1.03474,116.729998789728
2025-01-02T01:11:00,1.03476,1.03489,1.03473,1.03474,140.129999004304
2025-01-02T01:12:00,1.03477,1.03479,1.03469,1.0347,115.949998408556
2025-01-02T01:13:00,1.0347,1.03494,1.03469,1.03494,130.439998313785
2025-01-02T01:14:00,1.03495,1.03504,1.03489,1.03489,34.409999653697
2025-01-02T01:15:00,1.03489,1.03502,1.03489,1.03491,84.7799994722009
2025-01-02T01:16:00,1.0349,1.03495,1.0348,1.03481,49.1399997100234
2025-01-02T01:17:00,1.03481,1.03481,1.03463,1.03464,187.359997719526
2025-01-02T01:18:00,1.03465,1.03476,1.03465,1.03466,65.1599993184209
2025-01-02T01:19:00,1.03466,1.03476,1.03465,1.03473,101.249998919666
2025-01-02T01:20:00,1.03474,1.03477,1.03468,1.03474,86.4899995774031
2025-01-02T01:21:00,1.03474,1.03484,1.03473,1.03476,70.3800002411008
2025-01-02T01:22:00,1.03478,1.03498,1.03478,1.03492,55.8000001013279
2025-01-02T01:23:00,1.03491,1.03502,1.03484,1.03502,42.4799998998642
2025-01-02T01:24:00,1.03504,1.03517,1.03504,1.03517,83.4599993675947
2025-01-02T01:25:00,1.03518,1.03528,1.03517,1.03528,34.4399999305606
2025-01-02T01:26:00,1.0353,1.03538,1.03528,1.03533,25.0200000628829
2025-01-02T01:27:00,1.03534,1.03534,1.03527,1.03533,43.8899997994304
2025-01-02T01:28:00,1.03532,1.03536,1.03527,1.03529,70.8599998801947
2025-01-02T01:29:00,1.0353,1.03531,1.03508,1.03508,70.2899992987514
2025-01-02T01:30:00,1.03509,1.03519,1.03504,1.03506,45.990000076592
2025-01-02T01:31:00,1.03505,1.03505,1.03499,1.03499,100.590000197291
2025-01-02T01:32:00,1.035,1.03507,1.03489,1.03491,77.6099997460842
2025-01-02T01:33:00,1.03495,1.03514,1.03495,1.03513,45.6899999603629
2025-01-02T01:34:00,1.03515,1.03518,1.035,1.03513,43.4699998348951
2025-01-02T01:35:00,1.03513,1.03534,1.03512,1.03533,26.279999949038
2025-01-02T01:36:00,1.03534,1.03537,1.03527,1.03537,80.0399995222688
2025-01-02T01:37:00,1.03538,1.03548,1.03538,1.03543,65.0699994638562
2025-01-02T01:38:00,1.03543,1.03548,1.0354,1.03547,95.9699997901917
2025-01-02T01:39:00,1.03549,1.03559,1.03549,1.03557,79.7599999830127
2025-01-02T01:40:00,1.03558,1.03564,1.03558,1.03561,66.0599993243814
2025-01-02T01:41:00,1.03562,1.03605,1.03557,1.03591,116.610000133514
2025-01-02T01:42:00,1.03591,1.03603,1.03582,1.03602,121.379999503493
2025-01-02T01:43:00,1.03601,1.03606,1.03585,1.03585,86.5499993413687
2025-01-02T01:44:00,1.03587,1.03587,1.03581,1.03581,48.8699994087219
2025-01-02T01:45:00,1.03581,1.0359,1.03579,1.03587,82.9799995198846
2025-01-02T01:46:00,1.03588,1.03588,1.03577,1.03579,44.1199997663498
2025-01-02T01:47:00,1.03577,1.03582,1.03576,1.03581,92.2499994039536
2025-01-02T01:48:00,1.03579,1.03591,1.03579,1.03589,125.549999713898
2025-01-02T01:49:00,1.03589,1.0359,1.03584,1.03585,77.4199993610382
2025-01-02T01:50:00,1.03584,1.03591,1.03584,1.03589,80.9999986886978
2025-01-02T01:51:00,1.0359,1.03598,1.03588,1.03596,95.3999989032745
2025-01-02T01:52:00,1.03597,1.03598,1.0359,1.03591,62.1599996984005
2025-01-02T01:53:00,1.0359,1.03591,1.03572,1.03573,100.469998888671
2025-01-02T01:54:00,1.03574,1.03583,1.03574,1.03581,78.8399988412857
2025-01-02T01:55:00,1.0358,1.03592,1.0358,1.03589,131.539999365807
2025-01-02T01:56:00,1.03589,1.03595,1.03588,1.03593,72.5899991989136
2025-01-02T01:57:00,1.03593,1.03593,1.03582,1.03586,87.1399995088577
2025-01-02T01:58:00,1.03584,1.03584,1.03574,1.03581,113.619998931885
2025-01-02T01:59:00,1.03581,1.03581,1.03574,1.03578,66.0899997279048
2025-01-02T02:00:00,1.03577,1.03595,1.03577,1.03594,19.6500001251698
2025-01-02T02:01:00,1.03595,1.03597,1.03592,1.03597,90.3600008636713
2025-01-02T02:02:00,1.03596,1.03596,1.03585,1.03586,59.96999912709
2025-01-02T02:03:00,1.03587,1.03595,1.03586,1.03595,39.5099994540215
2025-01-02T02:04:00,1.03595,1.03606,1.03595,1.03605,123.829999908805
2025-01-02T02:05:00,1.03606,1.0361,1.03601,1.03607,45.4799997285008
2025-01-02T02:06:00,1.03606,1.03609,1.03601,1.03607,77.9599998146296
2025-01-02T02:07:00,1.03607,1.03611,1.03603,1.03605,69.3299995884299
2025-01-02T02:08:00,1.03605,1.03609,1.03603,1.03608,22.6200000792742
2025-01-02T02:09:00,1.03608,1.03611,1.03605,1.03605,59.90999956429
2025-01-02T02:10:00,1.03604,1.03613,1.03604,1.03609,59.3100000396371
2025-01-02T02:11:00,1.03608,1.03609,1.03606,1.03608,27.6299999132752
2025-01-02T02:12:00,1.03609,1.03611,1.03601,1.03602,60.2999998256564
2025-01-02T02:13:00,1.03603,1.03603,1.03594,1.03594,39.1800004318357
2025-01-02T02:14:00,1.03594,1.03604,1.03593,1.03602,27.0900000482798
2025-01-02T02:15:00,1.03602,1.03602,1.03596,1.03601,23.849999576807
2025-01-02T02:16:00,1.03601,1.03601,1.03596,1.03596,25.1000000685453
2025-01-02T02:17:00,1.03595,1.03598,1.03594,1.03598,40.9499999284744
2025-01-02T02:18:00,1.03598,1.03606,1.03598,1.03606,50.6700000762939
2025-01-02T02:19:00,1.03607,1.03611,1.03606,1.03606,54.4499989151955
2025-01-02T02:20:00,1.03606,1.03607,1.03602,1.03605,27.08999979496
2025-01-02T02:21:00,1.03604,1.03609,1.03602,1.03604,64.2599997520447
2025-01-02T02:22:00,1.03604,1.03607,1.036,1.03601,126.900001108646
2025-01-02T02:23:00,1.03602,1.03611,1.03602,1.03611,57.5099992752075
2025-01-02T02:24:00,1.03612,1.0362,1.0361,1.03619,67.9500000476837
2025-01-02T02:25:00,1.03619,1.03627,1.03617,1.03622,55.0199993550777
2025-01-02T02:26:00,1.03622,1.0363,1.03622,1.03629,44.0999997034669
2025-01-02T02:27:00,1.0363,1.03632,1.03628,1.03631,18.7499995678663
2025-01-02T02:28:00,1.0363,1.03632,1.03629,1.03631,28.799999833107
2025-01-02T02:29:00,1.03631,1.03635,1.03629,1.0363,118.349999666214
2025-01-02T02:30:00,1.0363,1.03638,1.03629,1.03636,68.399998664856
2025-01-02T02:31:00,1.03637,1.03638,1.03631,1.03631,36.6299998760223
2025-01-02T02:32:00,1.03631,1.0364,1.03631,1.0364,31.3799998611212
2025-01-02T02:33:00,1.03639,1.03644,1.03639,1.03643,27.0899995565414
2025-01-02T02:34:00,1.03642,1.03646,1.03639,1.03642,34.7399999499321
2025-01-02T02:35:00,1.03643,1.03643,1.03642,1.03643,8.6399998664856
2025-01-02T02:36:00,1.03644,1.03645,1.0364,1.03643,41.8499993085861
2025-01-02T02:37:00,1.03643,1.03643,1.03639,1.03639,23.8499997854233
2025-01-02T02:38:00,1.03639,1.03642,1.03639,1.03642,18.8999997377396
2025-01-02T02:39:00,1.0364,1.03654,1.0364,1.03653,49.9499996900558
2025-01-02T02:40:00,1.03656,1.03661,1.03656,1.0366,51.8399990797043
2025-01-02T02:41:00,1.0366,1.03662,1.03657,1.03662,25.649999499321
2025-01-02T02:42:00,1.03663,1.03671,1.03662,1.03667,29.7899994850159
2025-01-02T02:43:00,1.03667,1.03669,1.03663,1.03668,18.8999996185303
2025-01-02T02:44:00,1.03669,1.03669,1.03665,1.03668,22.0499997138977
2025-01-02T02:45:00,1.03667,1.03679,1.03662,1.03678,51.2999993562698
2025-01-02T02:46:00,1.03679,1.03686,1.03677,1.03683,45.8999988436699
2025-01-02T02:47:00,1.03681,1.03685,1.03679,1.03685,60.7500001192093
2025-01-02T02:48:00,1.03685,1.03691,1.0368,1.03691,39.5999991893768
2025-01-02T02:49:00,1.0369,1.03703,1.0369,1.03702,57.5999991893768
2025-01-02T02:50:00,1.037,1.03701,1.03699,1.03699,68.400000333786
2025-01-02T02:51:00,1.03699,1.03705,1.03699,1.03705,30.8699992895126
2025-01-02T02:52:00,1.03701,1.03701,1.03695,1.03699,21.2399997711182
2025-01-02T02:53:00,1.037,1.03702,1.03698,1.03702,25.2899997234344
2025-01-02T02:54:00,1.03701,1.03701,1.03692,1.03692,44.3299997374415
2025-01-02T02:55:00,1.03693,1.03701,1.03693,1.03701,34.4099991321564
2025-01-02T02:56:00,1.037,1.03707,1.037,1.03707,25.7399994134903
2025-01-02T02:57:00,1.03707,1.03711,1.03705,1.03711,57.3599988147616
2025-01-02T02:58:00,1.03712,1.03712,1.03701,1.03706,50.9499997496605
2025-01-02T02:59:00,1.03706,1.03711,1.03704,1.03709,62.189998626709
2025-01-02T03:00:00,1.03711,1.03712,1.03705,1.03709,102.449998609722
2025-01-02T03:01:00,1.03708,1.03711,1.03706,1.0371,107.81999874115
2025-01-02T03:02:00,1.03712,1.03716,1.0371,1.03716,40.9499998092651
2025-01-02T03:03:00,1.03716,1.03716,1.03711,1.03712,56.2699998617172
2025-01-02T03:04:00,1.03713,1.03715,1.03711,1.03713,58.9499990940094
2025-01-02T03:05:00,1.03714,1.03715,1.03711,1.03712,66.7800004482269
2025-01-02T03:06:00,1.03712,1.03714,1.0371,1.03713,20.909999795258
2025-01-02T03:07:00,1.03713,1.0372,1.03713,1.0372,10.7399998828769
2025-01-02T03:08:00,1.03718,1.03722,1.03718,1.03722,10.2600000277162
2025-01-02T03:09:00,1.03722,1.03732,1.03722,1.0373,44.7299996167421
2025-01-02T03:10:00,1.03731,1.03731,1.03725,1.03727,64.0799996852875
2025-01-02T03:11:00,1.03727,1.03731,1.03711,1.03718,58.3800001591444
2025-01-02T03:12:00,1.03721,1.03721,1.03713,1.0372,36.5700000226498
2025-01-02T03:13:00,1.03719,1.03719,1.03716,1.03717,34.4099995791912
2025-01-02T03:14:00,1.03716,1.03716,1.03713,1.03713,21.7799999713898
2025-01-02T03:15:00,1.03717,1.03717,1.03695,1.03696,98.3099991828203
2025-01-02T03:16:00,1.03698,1.03705,1.03688,1.03688,71.7599994987249
2025-01-02T03:17:00,1.03688,1.03689,1.03682,1.03687,93.5399995148182
2025-01-02T03:18:00,1.03687,1.03687,1.03682,1.03682,20.629999756813
2025-01-02T03:19:00,1.03684,1.03695,1.03684,1.03694,18.6299998313189
2025-01-02T03:20:00,1.03694,1.03694,1.03693,1.03693,13.2300001382828
2025-01-02T03:21:00,1.03692,1.03693,1.03692,1.03693,14.3999997377396
2025-01-02T03:22:00,1.03693,1.03697,1.03693,1.03697,14.4899996519089
2025-01-02T03:23:00,1.03698,1.03701,1.03697,1.03701,15.2999997138977
2025-01-02T03:24:00,1.03701,1.03711,1.03701,1.03711,53.5499999523163
2025-01-02T03:25:00,1.03712,1.03713,1.03711,1.03711,22.6499998420477
2025-01-02T03:26:00,1.03712,1.03712,1.03703,1.03706,25.7699996158481
2025-01-02T03:27:00,1.03706,1.03707,1.03703,1.03703,39.599999666214
2025-01-02T03:28:00,1.03702,1.03705,1.03702,1.03705,9.17999994754791
2025-01-02T03:29:00,1.03705,1.03705,1.03702,1.03704,27.629999756813
2025-01-02T03:30:00,1.03707,1.03708,1.03706,1.03707,37.3800002261996
2025-01-02T03:31:00,1.03708,1.03709,1.03701,1.03703,70.5599993467331
2025-01-02T03:32:00,1.03703,1.03703,1.03701,1.03702,20.6999996304512
2025-01-02T03:33:00,1.03702,1.03738,1.037,1.03737,54.559999383986
2025-01-02T03:34:00,1.03738,1.0374,1.03733,1.03733,36.8699997290969
2025-01-02T03:35:00,1.03735,1.0374,1.03733,1.03737,34.5300003290176
2025-01-02T03:36:00,1.03737,1.03737,1.03721,1.03722,31.22999997437
2025-01-02T03:37:00,1.03721,1.03722,1.03716,1.03717,56.2499996423721
2025-01-02T03:38:00,1.03718,1.0372,1.03717,1.03719,46.8899996876717
2025-01-02T03:39:00,1.03719,1.03719,1.03714,1.03716,63.5399991869926
2025-01-02T03:40:00,1.03717,1.03719,1.03715,1.03717,64.799999833107
2025-01-02T03:41:00,1.03717,1.03717,1.03709,1.03711,59.3100000619888
2025-01-02T03:42:00,1.0371,1.03719,1.0371,1.03712,154.020000509918
2025-01-02T03:43:00,1.03711,1.03711,1.03709,1.0371,173.549997977912
2025-01-02T03:44:00,1.0371,1.03718,1.0371,1.03718,84.5999999046326
2025-01-02T03:45:00,1.03718,1.0372,1.03718,1.03719,46.4399998188019
2025-01-02T03:46:00,1.03719,1.03725,1.03718,1.03725,114.750000238419
2025-01-02T03:47:00,1.03724,1.03724,1.0372,1.03721,51.2999995946884
2025-01-02T03:48:00,1.03721,1.03721,1.03716,1.03717,58.9499999284744
2025-01-02T03:49:00,1.03716,1.03716,1.03697,1.03697,95.5099993944168
2025-01-02T03:50:00,1.03698,1.03699,1.03694,1.03695,19.0499998182058
2025-01-02T03:51:00,1.03695,1.03697,1.03695,1.03696,11.1500000581145
2025-01-02T03:52:00,1.03699,1.03701,1.03699,1.03699,11.3399998918176
2025-01-02T03:53:00,1.037,1.03702,1.03699,1.03701,16.6500000953674
2025-01-02T03:54:00,1.03701,1.03708,1.03699,1.03707,28.0499996393919
2025-01-02T03:55:00,1.03707,1.03709,1.03706,1.03707,26.4299996718764
2025-01-02T03:56:00,1.03706,1.03706,1.03701,1.03703,20.7900002971292
2025-01-02T03:57:00,1.03703,1.03711,1.03702,1.03711,45.4199995622039
2025-01-02T03:58:00,1.03712,1.03716,1.03711,1.03715,16.2599997892976
2025-01-02T03:59:00,1.03716,1.03717,1.03714,1.03715,16.8000000864267
2025-01-02T04:00:00,1.03716,1.03725,1.03716,1.03723,37.7400001734495
2025-01-02T04:01:00,1.03723,1.03723,1.03721,1.03722,19.0200000703335
2025-01-02T04:02:00,1.03723,1.03736,1.03721,1.03731,32.8199998140335
2025-01-02T04:03:00,1.0373,1.03734,1.0373,1.03734,27.8999998345971
2025-01-02T04:04:00,1.03733,1.03733,1.0373,1.03731,68.0399998426437
2025-01-02T04:05:00,1.03732,1.03733,1.03729,1.0373,27.7699997425079
2025-01-02T04:06:00,1.03729,1.03736,1.03729,1.03734,40.7699991464615
2025-01-02T04:07:00,1.03733,1.03735,1.03732,1.03734,42.6599996089935
2025-01-02T04:08:00,1.03737,1.03741,1.03737,1.0374,81.1799999475479
2025-01-02T04:09:00,1.03739,1.03746,1.03738,1.03744,84.0599995851517
2025-01-02T04:10:00,1.03745,1.03745,1.03741,1.03743,44.8199994564056
2025-01-02T04:11:00,1.03743,1.03744,1.03742,1.03742,37.4400001764297
2025-01-02T04:12:00,1.03741,1.03744,1.03741,1.03744,67.9799998924136
2025-01-02T04:13:00,1.03744,1.03744,1.03743,1.03744,21.4199997186661
2025-01-02T04:14:00,1.03745,1.03756,1.03741,1.03743,81.5399994850159
2025-01-02T04:15:00,1.03742,1.03745,1.03737,1.03739,121.49999922514
2025-01-02T04:16:00,1.0374,1.03751,1.03735,1.03747,46.0799992084503
2025-01-02T04:17:00,1.03746,1.03746,1.03737,1.03738,19.9799998998642
2025-01-02T04:18:00,1.03738,1.0374,1.03736,1.03736,63.1799997091293
2025-01-02T04:19:00,1.03735,1.0374,1.03735,1.03737,43.6499998569489
2025-01-02T04:20:00,1.03739,1.03739,1.03731,1.03731,76.9500000476837
2025-01-02T04:21:00,1.0373,1.0373,1.03717,1.03719,70.1999998092651
2025-01-02T04:22:00,1.03719,1.03726,1.03719,1.0372,49.0499995946884
2025-01-02T04:23:00,1.03721,1.03733,1.03721,1.03731,82.6499996110797
2025-01-02T04:24:00,1.0373,1.0373,1.03726,1.03726,42.1200000047684
2025-01-02T04:25:00,1.03725,1.03725,1.03721,1.03724,39.240000128746
2025-01-02T04:26:00,1.03724,1.03725,1.03717,1.03717,71.7299996614456
2025-01-02T04:27:00,1.03718,1.03718,1.0371,1.03712,36.5399998426437
2025-01-02T04:28:00,1.03711,1.03714,1.03709,1.03712,87.7500009536743
2025-01-02T04:29:00,1.03714,1.03715,1.0371,1.03711,28.7999994754791
2025-01-02T04:30:00,1.03712,1.03713,1.03704,1.03713,98.0699997767806
2025-01-02T04:31:00,1.03713,1.03716,1.03706,1.03707,38.1300001740456
2025-01-02T04:32:00,1.03706,1.03706,1.03696,1.03699,207.899998784065
2025-01-02T04:33:00,1.037,1.03701,1.03688,1.03689,172.769999608397
2025-01-02T04:34:00,1.03688,1.03689,1.03681,1.03685,62.6399989724159
2025-01-02T04:35:00,1.03686,1.03686,1.03683,1.03684,11.6999999284744
2025-01-02T04:36:00,1.03683,1.03684,1.03683,1.03684,8.10000014305115
2025-01-02T04:37:00,1.03683,1.03685,1.03677,1.03678,36.5400000810623
2025-01-02T04:38:00,1.03678,1.03683,1.03674,1.03676,88.2899998426437
2025-01-02T04:39:00,1.03676,1.03676,1.03671,1.03671,53.9999992847443
2025-01-02T04:40:00,1.03672,1.03675,1.03667,1.03667,69.7499996423721
2025-01-02T04:41:00,1.03671,1.03671,1.03667,1.03667,40.5899993181229
2025-01-02T04:42:00,1.03668,1.03673,1.03668,1.03668,81.0900002717972
2025-01-02T04:43:00,1.03669,1.03669,1.03666,1.03666,25.1999999284744
2025-01-02T04:44:00,1.03664,1.03669,1.03664,1.03669,46.889999628067
2025-01-02T04:45:00,1.03669,1.03669,1.03665,1.03668,42.75
2025-01-02T04:46:00,1.03667,1.03677,1.03664,1.03671,59.8499991297722
2025-01-02T04:47:00,1.03672,1.03681,1.03669,1.03681,50.4899991750717
2025-01-02T04:48:00,1.03681,1.03683,1.03681,1.03681,32.849999666214
2025-01-02T04:49:00,1.03683,1.03689,1.03683,1.03689,29.699999332428
2025-01-02T04:50:00,1.0369,1.03694,1.0369,1.03692,47.6999992132187
2025-01-02T04:51:00,1.03691,1.03692,1.03691,1.03691,7.19999980926514
2025-01-02T04:52:00,1.03693,1.03694,1.03687,1.03688,66.5100005269051
2025-01-02T04:53:00,1.03687,1.03692,1.03687,1.03692,15.8399999141693
2025-01-02T04:54:00,1.03692,1.03694,1.03691,1.03693,28.7099999189377
2025-01-02T04:55:00,1.03694,1.03705,1.03694,1.03696,49.949999704957
2025-01-02T04:56:00,1.03695,1.03695,1.03691,1.03693,36.8999999761581
2025-01-02T04:57:00,1.03692,1.03692,1.0369,1.03692,24.2999997138977
2025-01-02T04:58:00,1.03691,1.03694,1.03691,1.03694,66.2099999040365
2025-01-02T04:59:00,1.03693,1.03699,1.03692,1.03692,63.0899999141693
2025-01-02T05:00:00,1.03693,1.03694,1.03693,1.03693,27.0000002384186
2025-01-02T05:01:00,1.03694,1.03699,1.03693,1.03694,68.9399999380112
2025-01-02T05:02:00,1.03696,1.03706,1.03696,1.037,170.550000667572
2025-01-02T05:03:00,1.03701,1.03702,1.03699,1.037,28.3499999046326
2025-01-02T05:04:00,1.037,1.037,1.03692,1.03692,30.5999999046326
2025-01-02T05:05:00,1.03692,1.03692,1.03685,1.03687,22.9499996900558
2025-01-02T05:06:00,1.03688,1.03688,1.03686,1.03686,12.1500000953674
2025-01-02T05:07:00,1.03687,1.03689,1.03673,1.03673,53.2799994945526
2025-01-02T05:08:00,1.03674,1.03674,1.03663,1.03664,76.9499995708466
2025-01-02T05:09:00,1.03667,1.03667,1.03655,1.03656,78.7499988079071
2025-01-02T05:10:00,1.03656,1.03663,1.03656,1.0366,99.1799993515015
2025-01-02T05:11:00,1.03661,1.03663,1.0366,1.03663,46.8899993896484
2025-01-02T05:12:00,1.03663,1.03668,1.03663,1.03666,68.4900000095367
2025-01-02T05:13:00,1.03667,1.03668,1.03662,1.03662,90.6599997207522
2025-01-02T05:14:00,1.03663,1.03663,1.03657,1.03662,71.8500006496906
2025-01-02T05:15:00,1.03663,1.03665,1.03658,1.03658,63.7499998733401
2025-01-02T05:16:00,1.03659,1.03662,1.03657,1.03657,33.7499996423721
2025-01-02T05:17:00,1.03654,1.03657,1.03649,1.03656,68.3999998569489
2025-01-02T05:18:00,1.03657,1.03657,1.03655,1.03656,20.2499997615814
2025-01-02T05:19:00,1.03657,1.03666,1.03656,1.03661,67.949999332428
2025-01-02T05:20:00,1.03662,1.0367,1.03661,1.03663,168.929998278618
2025-01-02T05:21:00,1.03663,1.03663,1.0366,1.03661,42.2999995946884
2025-01-02T05:22:00,1.03662,1.03662,1.03652,1.03653,214.469999670982
2025-01-02T05:23:00,1.03654,1.03654,1.0365,1.03653,25.1999999284744
2025-01-02T05:24:00,1.03652,1.03653,1.03649,1.0365,26.5499999523163
2025-01-02T05:25:00,1.03651,1.03652,1.03644,1.03644,49.9499995708466
2025-01-02T05:26:00,1.03642,1.03642,1.03638,1.03639,36.8999996185303
2025-01-02T05:27:00,1.03638,1.03638,1.03635,1.03637,43.2000004053116
2025-01-02T05:28:00,1.03636,1.03643,1.03636,1.03642,36.1799998283386
2025-01-02T05:29:00,1.03642,1.03646,1.03641,1.03646,31.2300001382828
2025-01-02T05:30:00,1.03647,1.03653,1.03647,1.03651,46.8900001049042
2025-01-02T05:31:00,1.03652,1.03652,1.03637,1.03637,56.1299999803305
2025-01-02T05:32:00,1.03637,1.03637,1.03627,1.03627,78.389998793602
2025-01-02T05:33:00,1.03627,1.03627,1.03627,1.03627,23.3999993801117
2025-01-02T05:34:00,1.03627,1.03627,1.03623,1.03627,101.009999267757
2025-01-02T05:35:00,1.03626,1.03631,1.03623,1.03623,54.3899992629886
2025-01-02T05:36:00,1.03625,1.03629,1.03625,1.03628,45.0499994754791
2025-01-02T05:37:00,1.03629,1.03639,1.03629,1.03639,14.3999999761581
2025-01-02T05:38:00,1.03638,1.03639,1.03632,1.03632,26.9999999403954
2025-01-02T05:39:00,1.03632,1.03632,1.03628,1.03628,12.2399999499321
2025-01-02T05:40:00,1.03627,1.03641,1.03627,1.03638,71.549999833107
2025-01-02T05:41:00,1.03638,1.03638,1.03632,1.03632,17.1000002622604
2025-01-02T05:42:00,1.0363,1.03631,1.03627,1.03627,55.6499993130565
2025-01-02T05:43:00,1.03625,1.03631,1.03625,1.03627,55.3199997395277
2025-01-02T05:44:00,1.03625,1.03625,1.03618,1.03618,30.4200002551079
2025-01-02T05:45:00,1.03619,1.03622,1.03619,1.03622,10.3500000834465
2025-01-02T05:46:00,1.03623,1.03623,1.03617,1.03618,33.6299998611212
2025-01-02T05:47:00,1.03617,1.03623,1.03617,1.03622,17.069999858737
2025-01-02T05:48:00,1.03622,1.03624,1.03619,1.03624,29.5799998492002
2025-01-02T05:49:00,1.03623,1.03632,1.03623,1.03632,21.6299999058247
2025-01-02T05:50:00,1.03632,1.03639,1.03632,1.03632,39.840000256896
2025-01-02T05:51:00,1.03632,1.03632,1.03622,1.03622,51.8700003549457
2025-01-02T05:52:00,1.03623,1.03632,1.03622,1.03632,54.990000128746
2025-01-02T05:53:00,1.03633,1.03634,1.03627,1.03628,60.2099997997284
2025-01-02T05:54:00,1.03629,1.03642,1.03628,1.03642,124.859998516738
2025-01-02T05:55:00,1.03643,1.03644,1.0364,1.03641,66.0600003004074
2025-01-02T05:56:00,1.03642,1.03648,1.03639,1.03643,66.5999995470047
2025-01-02T05:57:00,1.03643,1.03647,1.03642,1.03643,53.0999991893768
2025-01-02T05:58:00,1.03643,1.03644,1.03641,1.03642,48.7199994251132
2025-01-02T05:59:00,1.03643,1.03643,1.03638,1.03638,27.8999997377396
2025-01-02T06:00:00,1.03637,1.03637,1.03618,1.03627,72.8999993801117
2025-01-02T06:01:00,1.03627,1.03627,1.03614,1.03617,101.519999861717
2025-01-02T06:02:00,1.03617,1.0362,1.03607,1.03608,84.3599999845028
2025-01-02T06:03:00,1.03609,1.03623,1.03609,1.03621,90.9899994134903
2025-01-02T06:04:00,1.03619,1.03636,1.03619,1.03629,152.520000264049
2025-01-02T06:05:00,1.03628,1.0363,1.03622,1.03628,64.7999994754791
2025-01-02T06:06:00,1.03629,1.03632,1.03627,1.03629,44.1899993419647
2025-01-02T06:07:00,1.03628,1.03629,1.03622,1.03622,40.229999601841
2025-01-02T06:08:00,1.03622,1.03625,1.03616,1.03619,57.2399995923042
2025-01-02T06:09:00,1.03618,1.03622,1.03617,1.03619,30.8099994584918
2025-01-02T06:10:00,1.03619,1.03619,1.03615,1.03617,34.1999997496605
2025-01-02T06:11:00,1.03617,1.03627,1.03617,1.03622,76.8299997895956
2025-01-02T06:12:00,1.03626,1.03632,1.03626,1.03627,34.1999995708466
2025-01-02T06:13:00,1.03627,1.03627,1.03615,1.03625,61.4100003764033
2025-01-02T06:14:00,1.03625,1.03625,1.03621,1.03623,16.1999998092651
2025-01-02T06:15:00,1.03622,1.03633,1.03622,1.03628,50.4000000357628
2025-01-02T06:16:00,1.03627,1.03627,1.03617,1.0362,49.4999997019768
2025-01-02T06:17:00,1.0362,1.03622,1.03615,1.03616,37.0800000429153
2025-01-02T06:18:00,1.03616,1.03625,1.03615,1.03622,77.4000002145767
2025-01-02T06:19:00,1.03623,1.03626,1.03619,1.03625,65.7000005245209
2025-01-02T06:20:00,1.03623,1.03623,1.03615,1.03617,64.8899999260902
2025-01-02T06:21:00,1.03616,1.03616,1.03612,1.03613,28.7999997138977
2025-01-02T06:22:00,1.03612,1.03613,1.03607,1.03611,89.6699983999133
2025-01-02T06:23:00,1.03611,1.03615,1.03611,1.03615,36.899999320507
2025-01-02T06:24:00,1.03616,1.03621,1.03613,1.03615,47.9699996709824
2025-01-02T06:25:00,1.03614,1.03633,1.03614,1.03632,25.7099997922778
2025-01-02T06:26:00,1.03631,1.03632,1.03627,1.03627,47.42999958992
2025-01-02T06:27:00,1.03626,1.03628,1.03603,1.03607,126.239999815822
2025-01-02T06:28:00,1.03608,1.03613,1.03607,1.03612,61.3799998164177
2025-01-02T06:29:00,1.03614,1.03617,1.03613,1.03616,14.8499998450279
2025-01-02T06:30:00,1.03616,1.03617,1.03607,1.03608,89.1000002622604
2025-01-02T06:31:00,1.03607,1.03608,1.036,1.036,73.199999243021
2025-01-02T06:32:00,1.03601,1.03622,1.03599,1.03619,87.6299995183945
2025-01-02T06:33:00,1.03618,1.03638,1.03618,1.03637,92.5800003707409
2025-01-02T06:34:00,1.03637,1.03637,1.03632,1.03634,79.6499997377396
2025-01-02T06:35:00,1.03634,1.03639,1.03627,1.03632,88.1999992132187
2025-01-02T06:36:00,1.03632,1.03632,1.03618,1.03624,89.1899995803833
2025-01-02T06:37:00,1.03625,1.03625,1.03617,1.03624,68.249999396503
2025-01-02T06:38:00,1.03626,1.03627,1.03617,1.03618,81.7499994337559
2025-01-02T06:39:00,1.03618,1.03625,1.03616,1.0362,75.3599998876452
2025-01-02T06:40:00,1.0362,1.03623,1.03619,1.03621,30.5999998450279
2025-01-02T06:41:00,1.03621,1.03623,1.0362,1.0362,74.2499985098839
2025-01-02T06:42:00,1.03621,1.03626,1.03617,1.03622,103.94999986887
2025-01-02T06:43:00,1.03621,1.03623,1.03617,1.03617,112.860000252724
2025-01-02T06:44:00,1.03618,1.03633,1.03616,1.03632,90.359999537468
2025-01-02T06:45:00,1.03633,1.03639,1.03629,1.03639,52.5299990996718
2025-01-02T06:46:00,1.03638,1.0365,1.03637,1.03641,64.3499998450279
2025-01-02T06:47:00,1.03642,1.03643,1.03623,1.0363,108.599999047816
2025-01-02T06:48:00,1.03631,1.03631,1.03626,1.03627,63.6300003528595
2025-01-02T06:49:00,1.03628,1.03643,1.03627,1.03639,61.7399994134903
2025-01-02T06:50:00,1.0364,1.0364,1.03636,1.03637,37.7999993562698
2025-01-02T06:51:00,1.03637,1.03637,1.03629,1.03633,78.8399990797043
2025-01-02T06:52:00,1.03634,1.03634,1.03627,1.03629,82.7099997997284
2025-01-02T06:53:00,1.03628,1.03632,1.03625,1.0363,52.0799994319677
2025-01-02T06:54:00,1.03631,1.03639,1.03631,1.03635,36.480000205338
2025-01-02T06:55:00,1.03634,1.03634,1.03625,1.03631,98.2799983024597
2025-01-02T06:56:00,1.03631,1.03631,1.03622,1.03626,87.3899991512299
2025-01-02T06:57:00,1.03626,1.03628,1.03622,1.03627,104.400000095367
2025-01-02T06:58:00,1.03627,1.03641,1.03627,1.0364,50.8499991893768
2025-01-02T06:59:00,1.0364,1.03645,1.03637,1.03637,85.9499986171722
2025-01-02T07:00:00,1.03637,1.03649,1.03629,1.03636,176.009998641908
2025-01-02T07:01:00,1.03637,1.0366,1.03637,1.03651,177.179998360574
2025-01-02T07:02:00,1.03652,1.03673,1.03649,1.03671,73.7999993339181
2025-01-02T07:03:00,1.03672,1.03675,1.03668,1.0367,62.7599993348122
2025-01-02T07:04:00,1.03667,1.03668,1.03635,1.0364,165.599998392165
2025-01-02T07:05:00,1.0364,1.03648,1.03632,1.03637,221.670001268387
2025-01-02T07:06:00,1.03638,1.03659,1.03638,1.03658,276.659999549389
2025-01-02T07:07:00,1.03659,1.03667,1.03657,1.03659,166.589999318123
2025-01-02T07:08:00,1.03658,1.0368,1.03658,1.03679,270.449999213219
2025-01-02T07:09:00,1.03678,1.03682,1.0367,1.03673,264.959998607635
2025-01-02T07:10:00,1.03672,1.03672,1.0364,1.0364,152.819999575615
2025-01-02T07:11:00,1.03639,1.0365,1.03635,1.03645,206.729999542236
2025-01-02T07:12:00,1.03649,1.0367,1.03645,1.03669,163.799998797476
2025-01-02T07:13:00,1.03668,1.03676,1.03662,1.03674,134.969999298453
2025-01-02T07:14:00,1.03674,1.03676,1.03669,1.03675,71.1899991035461
2025-01-02T07:15:00,1.03675,1.03675,1.03664,1.0367,128.309999331832
2025-01-02T07:16:00,1.0367,1.03675,1.03659,1.03669,203.100000023842
2025-01-02T07:17:00,1.03669,1.03677,1.03663,1.03669,86.0999990552664
2025-01-02T07:18:00,1.03672,1.03677,1.03669,1.0367,144.979998528957
2025-01-02T07:19:00,1.03671,1.0368,1.0367,1.03674,119.069998674095
2025-01-02T07:20:00,1.03673,1.03673,1.0366,1.03665,137.139999620616
2025-01-02T07:21:00,1.03664,1.03676,1.03662,1.03676,94.2499992549419
2025-01-02T07:22:00,1.03676,1.03682,1.03674,1.0368,57.9599997997284
2025-01-02T07:23:00,1.03679,1.03679,1.03671,1.03673,43.8499994277954
2025-01-02T07:24:00,1.03673,1.03679,1.0367,1.03673,104.019999019802
2025-01-02T07:25:00,1.03672,1.03686,1.0367,1.03682,103.079999201
2025-01-02T07:26:00,1.03682,1.03689,1.0368,1.03689,86.1899992078543
2025-01-02T07:27:00,1.0369,1.03695,1.03675,1.03677,71.8199995830655
2025-01-02T07:28:00,1.03676,1.03682,1.03673,1.03679,42.5099994987249
2025-01-02T07:29:00,1.03679,1.03686,1.03679,1.03686,171.269999265671
2025-01-02T07:30:00,1.03688,1.03688,1.03679,1.03679,142.829998828471
2025-01-02T07:31:00,1.03679,1.0368,1.03677,1.0368,86.039999961853
2025-01-02T07:32:00,1.0368,1.0369,1.0368,1.03685,148.139998316765
2025-01-02T07:33:00,1.03685,1.03694,1.03684,1.03692,72.8999997377396
2025-01-02T07:34:00,1.0369,1.03692,1.03683,1.03684,104.969998948276
2025-01-02T07:35:00,1.03683,1.0369,1.03683,1.03686,60.2999993562698
2025-01-02T07:36:00,1.03685,1.03693,1.03681,1.03684,116.729998938739
2025-01-02T07:37:00,1.03687,1.03689,1.03679,1.03679,163.11999976635
2025-01-02T07:38:00,1.03678,1.0368,1.03671,1.03672,132.769998908043
2025-01-02T07:39:00,1.03672,1.03672,1.03659,1.03661,190.749998569489
2025-01-02T07:40:00,1.0366,1.03679,1.03659,1.03678,167.489997625351
2025-01-02T07:41:00,1.03678,1.03682,1.03673,1.03681,179.569999575615
2025-01-02T07:42:00,1.0368,1.03684,1.03679,1.03684,61.6499997377396
2025-01-02T07:43:00,1.03684,1.03684,1.03667,1.03673,108.820000261068
2025-01-02T07:44:00,1.03672,1.03683,1.03669,1.03681,155.359999060631
2025-01-02T07:45:00,1.03682,1.03683,1.03678,1.0368,106.509999871254
2025-01-02T07:46:00,1.03679,1.03681,1.03677,1.03679,52.5999999642372
2025-01-02T07:47:00,1.0368,1.0369,1.03679,1.0369,107.479998707771
2025-01-02T07:48:00,1.0369,1.03717,1.0369,1.03717,118.799998760223
2025-01-02T07:49:00,1.03718,1.03723,1.03714,1.03718,86.4900004863739
2025-01-02T07:50:00,1.03718,1.03722,1.03714,1.03721,193.069997549057
2025-01-02T07:51:00,1.0372,1.03722,1.03705,1.0371,114.949999809265
2025-01-02T07:52:00,1.03711,1.03711,1.0368,1.03689,139.219998002052
2025-01-02T07:53:00,1.03689,1.03698,1.03684,1.03696,71.2099989652634
2025-01-02T07:54:00,1.03695,1.03702,1.03692,1.03702,50.3999992609024
2025-01-02T07:55:00,1.03701,1.03702,1.03685,1.03686,161.289998888969
2025-01-02T07:56:00,1.03686,1.03688,1.03679,1.03679,125.009999334812
2025-01-02T07:57:00,1.03679,1.03691,1.03677,1.03681,74.369999460876
2025-01-02T07:58:00,1.0368,1.0368,1.03652,1.03653,187.209998488426
2025-01-02T07:59:00,1.03652,1.03653,1.03623,1.03627,228.149999074638
2025-01-02T08:00:00,1.03628,1.0367,1.03616,1.03662,523.439998537302
2025-01-02T08:01:00,1.03662,1.03693,1.03656,1.03663,307.459999665618
2025-01-02T08:02:00,1.03664,1.03668,1.03651,1.03663,235.529997825623
2025-01-02T08:03:00,1.03662,1.03706,1.0366,1.03706,167.360000006855
2025-01-02T08:04:00,1.03708,1.03709,1.03677,1.03678,226.18999683857
2025-01-02T08:05:00,1.03683,1.03686,1.03666,1.03672,260.859998047352
2025-01-02T08:06:00,1.03671,1.03677,1.03661,1.03661,161.229998767376
2025-01-02T08:07:00,1.03662,1.03662,1.03637,1.03637,197.019996747375
2025-01-02T08:08:00,1.03638,1.03646,1.03628,1.03637,162.149997338653
2025-01-02T08:09:00,1.03638,1.03641,1.03595,1.03596,241.28999632597
2025-01-02T08:10:00,1.03597,1.03606,1.03584,1.03593,322.139998428524
2025-01-02T08:11:00,1.03594,1.03594,1.0358,1.0358,225.199997715652
2025-01-02T08:12:00,1.03581,1.036,1.03578,1.03597,209.339998722076
2025-01-02T08:13:00,1.03597,1.03607,1.03588,1.03607,219.689996361732
2025-01-02T08:14:00,1.03606,1.03616,1.03578,1.03579,219.299999199808
2025-01-02T08:15:00,1.03579,1.0359,1.03567,1.03583,271.999997921288
2025-01-02T08:16:00,1.03584,1.03594,1.03565,1.03567,211.589998483658
2025-01-02T08:17:00,1.03569,1.03569,1.0355,1.03555,137.709998890758
2025-01-02T08:18:00,1.03556,1.03556,1.03536,1.03541,270.289998628199
2025-01-02T08:19:00,1.03542,1.03556,1.03533,1.03533,142.899998657405
2025-01-02T08:20:00,1.03531,1.03531,1.03506,1.03511,189.159998379648
2025-01-02T08:21:00,1.03512,1.03531,1.03512,1.03527,176.399998009205
2025-01-02T08:22:00,1.03527,1.0353,1.03521,1.03527,127.349998831749
2025-01-02T08:23:00,1.03527,1.03529,1.03505,1.03505,145.799998104572
2025-01-02T08:24:00,1.03504,1.03512,1.03501,1.03507,102.149997770786
2025-01-02T08:25:00,1.03506,1.03511,1.03501,1.0351,134.119998216629
2025-01-02T08:26:00,1.0351,1.03538,1.03509,1.03527,258.599998287857
2025-01-02T08:27:00,1.03526,1.0353,1.035,1.03504,103.86999951303
2025-01-02T08:28:00,1.03503,1.03504,1.03484,1.03484,109.320000238717
2025-01-02T08:29:00,1.03484,1.03492,1.03483,1.03487,73.5899997800589
2025-01-02T08:30:00,1.03487,1.03496,1.0348,1.03482,100.31999938935
2025-01-02T08:31:00,1.03482,1.03488,1.03461,1.03482,176.779999300838
2025-01-02T08:32:00,1.03482,1.03506,1.03477,1.03505,111.109998628497
2025-01-02T08:33:00,1.03506,1.03526,1.03506,1.03518,174.119998916984
2025-01-02T08:34:00,1.03519,1.03554,1.03519,1.03553,117.569998905063
2025-01-02T08:35:00,1.03554,1.03587,1.03553,1.03587,146.369999036193
2025-01-02T08:36:00,1.03588,1.03594,1.03569,1.03594,181.819997429848
2025-01-02T08:37:00,1.03596,1.03604,1.03586,1.03594,161.099999547005
2025-01-02T08:38:00,1.03595,1.03595,1.03568,1.03577,167.939998745918
2025-01-02T08:39:00,1.03576,1.03582,1.03551,1.03558,265.089998602867
2025-01-02T08:40:00,1.03557,1.03567,1.03555,1.0356,156.149996757507
2025-01-02T08:41:00,1.03559,1.03564,1.03549,1.03563,241.239999346435
2025-01-02T08:42:00,1.03563,1.03585,1.03559,1.03584,176.969998888671
2025-01-02T08:43:00,1.03585,1.03594,1.03584,1.03588,109.329998195171
2025-01-02T08:44:00,1.03587,1.0359,1.0358,1.03581,128.519998431206
2025-01-02T08:45:00,1.03587,1.03599,1.0358,1.03589,165.539997451007
2025-01-02T08:46:00,1.03588,1.03591,1.03577,1.03582,185.579998612404
2025-01-02T08:47:00,1.03583,1.03594,1.03578,1.03594,126.449998140335
2025-01-02T08:48:00,1.03593,1.03598,1.03587,1.03597,162.659997530282
2025-01-02T08:49:00,1.03596,1.036,1.03579,1.03579,138.119998775423
2025-01-02T08:50:00,1.03578,1.03585,1.03575,1.03581,68.96999912709
2025-01-02T08:51:00,1.03581,1.03588,1.03571,1.03572,60.3899999186397
2025-01-02T08:52:00,1.03573,1.0358,1.03563,1.03579,132.049999631941
2025-01-02T08:53:00,1.03577,1.03579,1.03558,1.03567,193.92999894172
2025-01-02T08:54:00,1.03567,1.03577,1.03562,1.03576,142.589998990297
2025-01-02T08:55:00,1.03576,1.03578,1.03552,1.03556,113.789999060333
2025-01-02T08:56:00,1.03558,1.03581,1.03558,1.03577,110.169999793172
2025-01-02T08:57:00,1.03578,1.03597,1.03564,1.03597,123.179999314249
2025-01-02T08:58:00,1.03598,1.03623,1.03598,1.03623,134.909998968244
2025-01-02T08:59:00,1.03624,1.03628,1.03616,1.03627,135.449997842312
2025-01-02T09:00:00,1.03626,1.03652,1.03618,1.03626,248.849998250604
2025-01-02T09:01:00,1.03627,1.03657,1.03626,1.03653,200.159998096526
2025-01-02T09:02:00,1.03653,1.03666,1.03648,1.03648,320.60999879986
2025-01-02T09:03:00,1.0365,1.03655,1.03628,1.03634,249.299998380244
2025-01-02T09:04:00,1.03636,1.03641,1.03599,1.03601,251.209996856749
2025-01-02T09:05:00,1.03601,1.03601,1.03592,1.03594,107.699999317527
2025-01-02T09:06:00,1.03595,1.036,1.03569,1.03569,147.089998431504
2025-01-02T09:07:00,1.03572,1.03596,1.03571,1.03593,83.7899984121323
2025-01-02T09:08:00,1.03596,1.03603,1.0359,1.03597,125.279997885227
2025-01-02T09:09:00,1.03597,1.03605,1.03592,1.03603,60.7499989271164
2025-01-02T09:10:00,1.03601,1.03612,1.03599,1.03612,107.219997875392
2025-01-02T09:11:00,1.03617,1.03629,1.03617,1.03624,116.639998793602
2025-01-02T09:12:00,1.03621,1.03622,1.03604,1.0361,69.2999992519617
2025-01-02T09:13:00,1.03612,1.03632,1.03609,1.03631,118.189998745918
2025-01-02T09:14:00,1.03633,1.03639,1.03625,1.03629,63.4999995753169
2025-01-02T09:15:00,1.0363,1.0365,1.03627,1.03649,110.219999156892
2025-01-02T09:16:00,1.03648,1.03672,1.03645,1.03665,81.2099989578128
2025-01-02T09:17:00,1.03666,1.03678,1.03666,1.03677,97.1399996206164
2025-01-02T09:18:00,1.03678,1.03692,1.03676,1.03689,168.029998995364
2025-01-02T09:19:00,1.03688,1.03698,1.03688,1.03691,188.929999768734
2025-01-02T09:20:00,1.03691,1.03701,1.03673,1.03674,197.569997884333
2025-01-02T09:21:00,1.03676,1.03676,1.03658,1.03658,104.9399985075
2025-01-02T09:22:00,1.0366,1.03667,1.03624,1.03628,234.379998207092
2025-01-02T09:23:00,1.03629,1.03649,1.03629,1.03648,316.39999961108
2025-01-02T09:24:00,1.03647,1.03648,1.03635,1.03636,171.929998129606
2025-01-02T09:25:00,1.03637,1.0364,1.03629,1.03637,122.579999089241
2025-01-02T09:26:00,1.03638,1.03656,1.03633,1.03633,178.849999427795
2025-01-02T09:27:00,1.03634,1.03639,1.03627,1.03628,56.8199995681643
2025-01-02T09:28:00,1.03627,1.03639,1.03615,1.03616,178.649998426437
2025-01-02T09:29:00,1.03617,1.0363,1.03614,1.0362,142.639999985695
2025-01-02T09:30:00,1.0362,1.0362,1.03601,1.03605,95.3999992609024
2025-01-02T09:31:00,1.03603,1.03635,1.03601,1.03633,63.5699989125133
2025-01-02T09:32:00,1.03632,1.03647,1.03627,1.03627,247.499998897314
2025-01-02T09:33:00,1.03627,1.03635,1.03621,1.03623,129.689999341965
2025-01-02T09:34:00,1.03622,1.03623,1.03606,1.03611,93.5999982357025
2025-01-02T09:35:00,1.03609,1.03609,1.03588,1.03596,135.83999877423
2025-01-02T09:36:00,1.03595,1.03609,1.03589,1.03599,130.949999213219
2025-01-02T09:37:00,1.03601,1.03602,1.03585,1.03592,116.359998807311
2025-01-02T09:38:00,1.03591,1.03601,1.03585,1.03586,208.590000465512
2025-01-02T09:39:00,1.03586,1.03589,1.03578,1.03581,119.819999627769
2025-01-02T09:40:00,1.0358,1.03585,1.03562,1.03565,153.359998941422
2025-01-02T09:41:00,1.03566,1.0357,1.0355,1.03566,193.529998674989
2025-01-02T09:42:00,1.03563,1.03569,1.03556,1.03567,85.1699989959598
2025-01-02T09:43:00,1.03568,1.03568,1.03551,1.03552,97.2799991220236
2025-01-02T09:44:00,1.03555,1.0356,1.0355,1.03557,110.359998703003
2025-01-02T09:45:00,1.03556,1.03565,1.03556,1.03565,67.4999990463257
2025-01-02T09:46:00,1.03563,1.03565,1.0354,1.03542,77.3999992609024
2025-01-02T09:47:00,1.03541,1.03566,1.03538,1.03566,125.369998455048
2025-01-02T09:48:00,1.03566,1.03572,1.03562,1.03563,148.299997963011
2025-01-02T09:49:00,1.03564,1.03569,1.03554,1.03568,91.3699989318848
2025-01-02T09:50:00,1.03567,1.0357,1.03559,1.03563,54.1199989244342
2025-01-02T09:51:00,1.03563,1.03563,1.03544,1.03544,129.599997997284
2025-01-02T09:52:00,1.03546,1.03549,1.03543,1.03548,38.249999165535
2025-01-02T09:53:00,1.03547,1.03548,1.03537,1.03547,77.399998486042
2025-01-02T09:54:00,1.03546,1.03548,1.03538,1.0354,79.649999499321
2025-01-02T09:55:00,1.03538,1.0354,1.03517,1.03518,125.579999089241
2025-01-02T09:56:00,1.03517,1.0352,1.0351,1.0351,94.5899996757507
2025-01-02T09:57:00,1.03509,1.03516,1.03501,1.0351,135.359997838736
2025-01-02T09:58:00,1.03509,1.0351,1.03493,1.03495,217.189998209476
2025-01-02T09:59:00,1.03495,1.03517,1.03495,1.03515,243.239998877048
2025-01-02T10:00:00,1.03514,1.03534,1.03514,1.03528,151.439999476075
2025-01-02T10:01:00,1.03531,1.03538,1.03522,1.03527,245.279998488724
2025-01-02T10:02:00,1.03527,1.03533,1.03525,1.03533,229.769999794662
2025-01-02T10:03:00,1.03532,1.03537,1.03525,1.03535,143.489999242127
2025-01-02T10:04:00,1.03535,1.03545,1.03527,1.03533,96.2399993985891
2025-01-02T10:05:00,1.03533,1.03543,1.03527,1.03536,113.039999231696
2025-01-02T10:06:00,1.03537,1.03544,1.03528,1.03544,128.429998457432
2025-01-02T10:07:00,1.03544,1.03551,1.03524,1.03524,224.429998800159
2025-01-02T10:08:00,1.03523,1.03528,1.03519,1.03525,81.8099998235703
2025-01-02T10:09:00,1.03527,1.03533,1.03522,1.03531,100.259998314083
2025-01-02T10:10:00,1.0353,1.03534,1.03521,1.0353,64.9799988269806
2025-01-02T10:11:00,1.03529,1.03529,1.0352,1.03521,76.1599988937378
2025-01-02T10:12:00,1.03521,1.03544,1.03519,1.03542,165.639997839928
2025-01-02T10:13:00,1.03541,1.03544,1.03531,1.03539,190.109997421503
2025-01-02T10:14:00,1.03538,1.03543,1.03536,1.03536,74.339999973774
2025-01-02T10:15:00,1.03536,1.03544,1.03532,1.03543,84.1499989628792
2025-01-02T10:16:00,1.03543,1.03546,1.03534,1.03535,91.6199995055795
2025-01-02T10:17:00,1.03536,1.03537,1.0353,1.03536,55.5899989455938
2025-01-02T10:18:00,1.03534,1.0355,1.0353,1.0355,71.4299995675683
2025-01-02T10:19:00,1.0355,1.03568,1.0355,1.03566,66.3299993425608
2025-01-02T10:20:00,1.03566,1.03568,1.0356,1.03561,75.0599998161197
2025-01-02T10:21:00,1.03562,1.03563,1.03549,1.03551,54.2699992656708
2025-01-02T10:22:00,1.03552,1.03563,1.03552,1.0356,117.559997856617
2025-01-02T10:23:00,1.03559,1.03559,1.0355,1.03557,125.029997825623
2025-01-02T10:24:00,1.03558,1.03558,1.03533,1.03544,194.119998633862
2025-01-02T10:25:00,1.03545,1.03546,1.03522,1.0353,140.729997858405
2025-01-02T10:26:00,1.0353,1.03532,1.0352,1.0352,70.0399990081787
2025-01-02T10:27:00,1.03519,1.03522,1.03504,1.03505,154.609997972846
2025-01-02T10:28:00,1.03506,1.03509,1.03499,1.035,102.149998307228
2025-01-02T10:29:00,1.03503,1.03508,1.03499,1.03506,62.279999256134
2025-01-02T10:30:00,1.03506,1.03506,1.03491,1.03495,101.009999327362
2025-01-02T10:31:00,1.03493,1.03493,1.03439,1.0344,237.069998621941
2025-01-02T10:32:00,1.0344,1.0344,1.03399,1.03424,387.719997279346
2025-01-02T10:33:00,1.03425,1.03425,1.03399,1.03409,234.389999337494
2025-01-02T10:34:00,1.03412,1.0343,1.03401,1.03424,222.909999214113
2025-01-02T10:35:00,1.03423,1.03435,1.03407,1.03423,127.509999223053
2025-01-02T10:36:00,1.03423,1.03447,1.03423,1.0343,263.849997803569
2025-01-02T10:37:00,1.03429,1.03437,1.0341,1.03413,250.199998855591
2025-01-02T10:38:00,1.03414,1.03415,1.034,1.03401,158.689997673035
2025-01-02T10:39:00,1.034,1.03416,1.03399,1.0341,172.70999918133
2025-01-02T10:40:00,1.0341,1.03415,1.03403,1.03413,229.839998342097
2025-01-02T10:41:00,1.03414,1.03417,1.03402,1.03416,140.699998468161
2025-01-02T10:42:00,1.03417,1.03426,1.03399,1.03407,290.159997500479
2025-01-02T10:43:00,1.03406,1.03406,1.03398,1.03399,223.82999932766
2025-01-02T10:44:00,1.03402,1.03409,1.03399,1.03405,216.899998523295
2025-01-02T10:45:00,1.03406,1.03411,1.03399,1.03405,102.419998288155
2025-01-02T10:46:00,1.03406,1.03419,1.03398,1.03419,346.200001344085
2025-01-02T10:47:00,1.03418,1.03418,1.03405,1.03406,114.119999803603
2025-01-02T10:48:00,1.03405,1.03411,1.03227,1.03227,471.149997398257
2025-01-02T10:49:00,1.03229,1.03247,1.03135,1.03172,899.569993376732
2025-01-02T10:50:00,1.03169,1.03237,1.03153,1.03185,238.739999353886
2025-01-02T10:51:00,1.03189,1.03227,1.03189,1.03205,391.459999017417
2025-01-02T10:52:00,1.03206,1.03225,1.03169,1.03202,523.259999550879
2025-01-02T10:53:00,1.032,1.03269,1.03197,1.03253,276.099998556077
2025-01-02T10:54:00,1.03253,1.03277,1.03219,1.0322,163.169999025762
2025-01-02T10:55:00,1.03219,1.03234,1.03209,1.03222,325.839999400079
2025-01-02T10:56:00,1.0322,1.03224,1.03184,1.03185,295.049999110401
2025-01-02T10:57:00,1.03185,1.03185,1.03158,1.03171,265.779997162521
2025-01-02T10:58:00,1.03172,1.03185,1.03151,1.03154,343.789997160435
2025-01-02T10:59:00,1.03155,1.03174,1.03151,1.03168,189.479997985065
2025-01-02T11:00:00,1.03166,1.03198,1.03157,1.03187,192.389999218285
2025-01-02T11:01:00,1.03188,1.03189,1.03167,1.0318,253.859998688102
2025-01-02T11:02:00,1.0318,1.03185,1.03169,1.03179,159.029998660088
2025-01-02T11:03:00,1.0318,1.03217,1.03172,1.03216,169.769998244941
2025-01-02T11:04:00,1.03216,1.03244,1.03211,1.0324,183.259997352958
2025-01-02T11:05:00,1.0324,1.0327,1.03237,1.03265,151.829997755587
2025-01-02T11:06:00,1.03265,1.03269,1.03256,1.03262,126.86999925226
2025-01-02T11:07:00,1.03263,1.03272,1.03251,1.03256,162.419999308884
2025-01-02T11:08:00,1.03259,1.03264,1.03254,1.03263,218.909999042749
2025-01-02T11:09:00,1.03266,1.03284,1.03262,1.03282,117.20999865979
2025-01-02T11:10:00,1.03282,1.03311,1.03276,1.03311,147.329999007285
2025-01-02T11:11:00,1.03309,1.03321,1.03297,1.03298,167.489999182522
2025-01-02T11:12:00,1.03297,1.03324,1.03297,1.03321,96.6299990713596
2025-01-02T11:13:00,1.03322,1.03322,1.033,1.033,193.729998759925
2025-01-02T11:14:00,1.03299,1.03315,1.03297,1.03309,103.919999241829
2025-01-02T11:15:00,1.03309,1.03321,1.03289,1.03311,274.579998537898
2025-01-02T11:16:00,1.03312,1.03321,1.03305,1.0332,188.259998507798
2025-01-02T11:17:00,1.03325,1.0334,1.03322,1.0334,110.079999104142
2025-01-02T11:18:00,1.03339,1.03339,1.03323,1.03335,166.499997973442
2025-01-02T11:19:00,1.03336,1.0334,1.03332,1.03339,104.669999718666
2025-01-02T11:20:00,1.03338,1.03339,1.03315,1.03317,182.069998025894
2025-01-02T11:21:00,1.03319,1.03323,1.033,1.033,243.539998233318
2025-01-02T11:22:00,1.03301,1.03301,1.03287,1.0329,221.939999222755
2025-01-02T11:23:00,1.03291,1.03296,1.03284,1.03287,239.219999849796
2025-01-02T11:24:00,1.03289,1.03304,1.03289,1.03296,93.6599982827902
2025-01-02T11:25:00,1.03295,1.03295,1.03256,1.03259,183.309999220073
2025-01-02T11:26:00,1.03258,1.03265,1.0325,1.0325,151.109999470413
2025-01-02T11:27:00,1.03251,1.03263,1.03236,1.03236,99.8599998652935
2025-01-02T11:28:00,1.03238,1.03255,1.03229,1.03255,175.259997360408
2025-01-02T11:29:00,1.03256,1.03256,1.03218,1.03218,197.099997676909
2025-01-02T11:30:00,1.03218,1.0322,1.03209,1.03214,186.859999157488
2025-01-02T11:31:00,1.03216,1.03224,1.03204,1.03205,129.059998512268
2025-01-02T11:32:00,1.03206,1.03212,1.03193,1.032,227.609998941422
2025-01-02T11:33:00,1.03199,1.032,1.03188,1.03194,188.280000448227
2025-01-02T11:34:00,1.03197,1.03199,1.03186,1.03187,88.1999989748001
2025-01-02T11:35:00,1.03186,1.03186,1.03168,1.03176,86.0699994489551
2025-01-02T11:36:00,1.03175,1.03176,1.03159,1.0317,196.499999396503
2025-01-02T11:37:00,1.0317,1.03183,1.03163,1.03164,131.819997906685
2025-01-02T11:38:00,1.03167,1.03176,1.0315,1.03175,170.969998478889
2025-01-02T11:39:00,1.03175,1.03223,1.03175,1.03222,200.699997067451
2025-01-02T11:40:00,1.03223,1.03235,1.0322,1.03231,65.1299989074469
2025-01-02T11:41:00,1.03231,1.0325,1.03231,1.03235,79.5299990028143
2025-01-02T11:42:00,1.03236,1.03242,1.03225,1.03231,83.5199988484383
2025-01-02T11:43:00,1.03233,1.03241,1.03223,1.03225,62.2799986600876
2025-01-02T11:44:00,1.03224,1.0324,1.03218,1.03238,88.7399988770485
2025-01-02T11:45:00,1.03238,1.03274,1.03236,1.03274,74.7899985313416
2025-01-02T11:46:00,1.03273,1.03279,1.0327,1.03278,58.4999989271164
2025-01-02T11:47:00,1.03276,1.03289,1.03268,1.03289,89.9999983310699
2025-01-02T11:48:00,1.0329,1.03291,1.0328,1.03281,51.7499996423721
2025-01-02T11:49:00,1.03281,1.03287,1.03279,1.03281,110.249998807907
2025-01-02T11:50:00,1.0328,1.0328,1.03242,1.03242,124.049998991191
2025-01-02T11:51:00,1.03243,1.03243,1.03226,1.03228,136.169998764992
2025-01-02T11:52:00,1.03228,1.03229,1.03213,1.03221,131.189998731017
2025-01-02T11:53:00,1.03221,1.0323,1.03218,1.0323,45.3599996119738
2025-01-02T11:54:00,1.0323,1.03238,1.0322,1.03229,124.739998020232
2025-01-02T11:55:00,1.0323,1.03261,1.03228,1.03261,76.1199986860156
2025-01-02T11:56:00,1.0326,1.03265,1.03251,1.03261,110.959998726845
2025-01-02T11:57:00,1.03263,1.0328,1.03263,1.03278,79.8899986594915
2025-01-02T11:58:00,1.03278,1.033,1.03278,1.03299,82.9499989598989
2025-01-02T11:59:00,1.03299,1.03322,1.03299,1.03321,58.9499989524484
2025-01-02T12:00:00,1.03321,1.03342,1.03316,1.03334,164.009997695684
2025-01-02T12:01:00,1.03337,1.03341,1.03331,1.03339,110.479998461902
2025-01-02T12:02:00,1.03338,1.03342,1.03326,1.03337,153.089998789132
2025-01-02T12:03:00,1.03336,1.03337,1.03324,1.03328,121.679998546839
2025-01-02T12:04:00,1.03327,1.03327,1.03315,1.03318,85.3199990987778
2025-01-02T12:05:00,1.03317,1.03318,1.03298,1.03299,75.4199992865324
2025-01-02T12:06:00,1.033,1.03311,1.03289,1.0331,112.349999450147
2025-01-02T12:07:00,1.0331,1.0331,1.0328,1.0328,123.119999743998
2025-01-02T12:08:00,1.0328,1.03286,1.03271,1.03284,137.039998292923
2025-01-02T12:09:00,1.03285,1.03297,1.03282,1.03296,119.429997801781
2025-01-02T12:10:00,1.03295,1.03306,1.03278,1.03286,165.899997979403
2025-01-02T12:11:00,1.03285,1.0329,1.0328,1.03288,90.8099989444017
2025-01-02T12:12:00,1.03288,1.03306,1.03286,1.03306,108.179998897016
2025-01-02T12:13:00,1.03306,1.03316,1.03306,1.03307,78.3899986892939
2025-01-02T12:14:00,1.03307,1.03307,1.0329,1.03297,54.6599999964237
2025-01-02T12:15:00,1.03297,1.03308,1.03281,1.03307,79.7699993848801
2025-01-02T12:16:00,1.03306,1.03315,1.03304,1.03311,53.5399993211031
2025-01-02T12:17:00,1.03309,1.03316,1.03305,1.03314,76.0199993699789
2025-01-02T12:18:00,1.03315,1.03315,1.03295,1.03308,72.3299996703863
2025-01-02T12:19:00,1.03308,1.03314,1.03302,1.03309,99.3599989414215
2025-01-02T12:20:00,1.0331,1.03311,1.03294,1.03299,207.779998600483
2025-01-02T12:21:00,1.03298,1.03303,1.03285,1.03285,180.659998528659
2025-01-02T12:22:00,1.03286,1.03286,1.03266,1.0327,82.7999997660518
2025-01-02T12:23:00,1.03274,1.03298,1.03274,1.03298,72.8699992820621
2025-01-02T12:24:00,1.03299,1.03314,1.03299,1.03313,67.619998306036
2025-01-02T12:25:00,1.03315,1.03315,1.03313,1.03315,14.4899998679757
2025-01-02T12:26:00,1.03316,1.03326,1.03295,1.03295,134.429999291897
2025-01-02T12:27:00,1.03296,1.03312,1.03296,1.033,51.6300000101328
2025-01-02T12:28:00,1.03301,1.03303,1.03293,1.03293,32.3399999812245
2025-01-02T12:29:00,1.03292,1.03306,1.03287,1.03293,41.0099998563528
2025-01-02T12:30:00,1.03292,1.03292,1.03267,1.03283,28.1600000038743
2025-01-02T12:31:00,1.03284,1.03285,1.0327,1.03282,61.3799994811416
2025-01-02T12:32:00,1.03285,1.03312,1.03284,1.03311,41.3399994000793
2025-01-02T12:33:00,1.03312,1.03312,1.03303,1.0331,154.849998563528
2025-01-02T12:34:00,1.03309,1.03314,1.03287,1.03289,243.319998368621
2025-01-02T12:35:00,1.03288,1.03289,1.03275,1.0328,109.029999017715
2025-01-02T12:36:00,1.0328,1.033,1.03279,1.03299,188.039999358356
2025-01-02T12:37:00,1.033,1.033,1.03282,1.03288,137.789999246597
2025-01-02T12:38:00,1.03289,1.03297,1.03284,1.0329,188.820000290871
2025-01-02T12:39:00,1.03289,1.03305,1.0328,1.03304,145.349998950958
2025-01-02T12:40:00,1.03304,1.03304,1.03276,1.03281,174.990000240505
2025-01-02T12:41:00,1.03282,1.03295,1.03271,1.03282,65.8499992564321
2025-01-02T12:42:00,1.03281,1.03285,1.0327,1.0327,136.379999265075
2025-01-02T12:43:00,1.03271,1.03271,1.03231,1.03231,190.529997885227
2025-01-02T12:44:00,1.03233,1.03255,1.03233,1.03246,177.62999920547
2025-01-02T12:45:00,1.03245,1.03254,1.0324,1.03246,135.389999382198
2025-01-02T12:46:00,1.03246,1.03246,1.03237,1.03237,105.02999830246
2025-01-02T12:47:00,1.03238,1.03238,1.03224,1.0323,97.9599992036819
2025-01-02T12:48:00,1.03229,1.03238,1.03214,1.03215,114.959999732673
2025-01-02T12:49:00,1.03217,1.03219,1.03201,1.03211,157.19999872148
2025-01-02T12:50:00,1.03211,1.03211,1.03201,1.03204,50.5799993053079
2025-01-02T12:51:00,1.03204,1.03237,1.03204,1.03237,128.879998981953
2025-01-02T12:52:00,1.03237,1.03246,1.03231,1.03244,86.8799986839294
2025-01-02T12:53:00,1.03245,1.03255,1.03245,1.03252,56.009999550879
2025-01-02T12:54:00,1.03253,1.03275,1.03253,1.0327,41.2499993592501
2025-01-02T12:55:00,1.03269,1.03269,1.0317,1.0317,299.06999823451
2025-01-02T12:56:00,1.03169,1.03169,1.0315,1.03157,297.509996883571
2025-01-02T12:57:00,1.03151,1.03183,1.03148,1.03183,375.989998146892
2025-01-02T12:58:00,1.03183,1.03195,1.03169,1.0318,231.389999188483
2025-01-02T12:59:00,1.03179,1.03182,1.03164,1.03182,276.519996792078
2025-01-02T13:00:00,1.03181,1.0319,1.03154,1.03167,349.529999002814
2025-01-02T13:01:00,1.03166,1.03167,1.03149,1.03159,184.699998363853
2025-01-02T13:02:00,1.03158,1.03159,1.03149,1.0315,178.679999440908
2025-01-02T13:03:00,1.0315,1.03174,1.03136,1.03171,190.139998778701
2025-01-02T13:04:00,1.03171,1.03184,1.0315,1.03181,147.089998446405
2025-01-02T13:05:00,1.03182,1.03207,1.03182,1.03205,109.439999163151
2025-01-02T13:06:00,1.03209,1.03231,1.03209,1.03228,126.779999323189
2025-01-02T13:07:00,1.03229,1.03236,1.03224,1.03226,74.3699986934662
2025-01-02T13:08:00,1.03225,1.03225,1.03212,1.03216,152.399999216199
2025-01-02T13:09:00,1.03215,1.03219,1.03202,1.03207,144.179997958243
2025-01-02T13:10:00,1.03206,1.03213,1.03191,1.03192,154.169998206198
2025-01-02T13:11:00,1.03194,1.03207,1.03191,1.03199,119.03999825567
2025-01-02T13:12:00,1.03199,1.0321,1.03178,1.03192,136.919997982681
2025-01-02T13:13:00,1.03191,1.03191,1.0317,1.03176,151.919998109341
2025-01-02T13:14:00,1.03175,1.03177,1.03157,1.03175,146.309998370707
2025-01-02T13:15:00,1.03176,1.03186,1.03166,1.0317,107.0199983567
2025-01-02T13:16:00,1.0317,1.03177,1.03163,1.03175,205.669998086989
2025-01-02T13:17:00,1.03173,1.03176,1.0315,1.03162,114.749999642372
2025-01-02T13:18:00,1.03163,1.03177,1.03163,1.03174,79.8299992084503
2025-01-02T13:19:00,1.03175,1.03187,1.03166,1.03177,149.66999733448
2025-01-02T13:20:00,1.03176,1.03195,1.03176,1.03178,154.309998936951
2025-01-02T13:21:00,1.03178,1.0321,1.03178,1.03205,209.399998307228
2025-01-02T13:22:00,1.03205,1.03215,1.03197,1.03207,159.179998800159
2025-01-02T13:23:00,1.03207,1.03219,1.03181,1.03181,164.369999520481
2025-01-02T13:24:00,1.03181,1.03183,1.03171,1.0318,171.539997816086
2025-01-02T13:25:00,1.03181,1.03189,1.03142,1.03145,255.659999132156
2025-01-02T13:26:00,1.03148,1.03154,1.03127,1.03152,249.29999756813
2025-01-02T13:27:00,1.03152,1.0317,1.0315,1.03167,121.949997901917
2025-01-02T13:28:00,1.03169,1.03197,1.03169,1.03194,120.149998784065
2025-01-02T13:29:00,1.03194,1.03196,1.03178,1.03179,271.109998635948
2025-01-02T13:30:00,1.03177,1.0321,1.03112,1.03155,447.669997766614
2025-01-02T13:31:00,1.03161,1.03163,1.0312,1.0313,339.539997473359
2025-01-02T13:32:00,1.0313,1.03158,1.0312,1.03158,295.979998715222
2025-01-02T13:33:00,1.03157,1.03174,1.03146,1.03172,360.059996902943
2025-01-02T13:34:00,1.03171,1.03233,1.03171,1.03231,553.079995326698
2025-01-02T13:35:00,1.03232,1.03295,1.03232,1.03286,579.0599944368
2025-01-02T13:36:00,1.03287,1.03296,1.03259,1.03271,343.409995645285
2025-01-02T13:37:00,1.0327,1.03293,1.03267,1.03291,271.58999709785
2025-01-02T13:38:00,1.03291,1.03291,1.03257,1.03263,285.689997464418
2025-01-02T13:39:00,1.03264,1.03278,1.03238,1.03239,266.309997722507
2025-01-02T13:40:00,1.03237,1.03251,1.03232,1.03246,247.579996071756
2025-01-02T13:41:00,1.03247,1.03286,1.03247,1.03282,166.559999220073
2025-01-02T13:42:00,1.03284,1.03284,1.03236,1.03236,254.44999692589
2025-01-02T13:43:00,1.03236,1.03239,1.03208,1.03211,247.739998161793
2025-01-02T13:44:00,1.03211,1.03252,1.03207,1.03244,267.38999748975
2025-01-02T13:45:00,1.03243,1.03243,1.03205,1.03207,368.159996256232
2025-01-02T13:46:00,1.03207,1.03213,1.03193,1.03193,158.459998778999
2025-01-02T13:47:00,1.03193,1.03216,1.03178,1.03212,182.119998268783
2025-01-02T13:48:00,1.03212,1.03218,1.03198,1.03198,127.529998756945
2025-01-02T13:49:00,1.03201,1.03201,1.03173,1.03179,253.079998493195
2025-01-02T13:50:00,1.03179,1.03185,1.03165,1.03167,162.989997982979
2025-01-02T13:51:00,1.03166,1.03166,1.03134,1.03139,341.489996902645
2025-01-02T13:52:00,1.0314,1.03148,1.03123,1.03127,485.730003036559
2025-01-02T13:53:00,1.03127,1.0313,1.03119,1.03125,292.590001046658
2025-01-02T13:54:00,1.03125,1.03135,1.03119,1.03124,314.370000079274
2025-01-02T13:55:00,1.03123,1.03159,1.03116,1.03156,290.760000213981
2025-01-02T13:56:00,1.03157,1.03171,1.03154,1.03163,217.799998283386
2025-01-02T13:57:00,1.03163,1.03173,1.03133,1.03157,199.539999686182
2025-01-02T13:58:00,1.03158,1.03164,1.03139,1.03153,256.139997363091
2025-01-02T13:59:00,1.03154,1.03154,1.03131,1.03133,261.300000220537
2025-01-02T14:00:00,1.03134,1.03144,1.0312,1.03123,194.039999254048
2025-01-02T14:01:00,1.03123,1.03128,1.03115,1.03116,90.7499992549419
2025-01-02T14:02:00,1.03116,1.03118,1.03103,1.03104,133.219998911023
2025-01-02T14:03:00,1.03105,1.03107,1.031,1.03103,173.600000187755
2025-01-02T14:04:00,1.03103,1.03115,1.03103,1.03111,114.910000510514
2025-01-02T14:05:00,1.0311,1.03123,1.03106,1.03116,174.940000444651
2025-01-02T14:06:00,1.03115,1.03115,1.03105,1.03108,193.690001070499
2025-01-02T14:07:00,1.03108,1.0311,1.03067,1.03109,590.479997627437
2025-01-02T14:08:00,1.03108,1.03114,1.03082,1.03092,499.630002558231
2025-01-02T14:09:00,1.03093,1.03113,1.03084,1.031,306.990002036095
2025-01-02T14:10:00,1.03099,1.03102,1.03064,1.03072,295.319999210536
2025-01-02T14:11:00,1.03074,1.03106,1.03074,1.03096,440.54999768734
2025-01-02T14:12:00,1.03095,1.03097,1.03072,1.03072,399.149999476969
2025-01-02T14:13:00,1.03072,1.03091,1.03062,1.03087,636.119995951653
2025-01-02T14:14:00,1.03089,1.03111,1.03086,1.03106,385.319999925792
2025-01-02T14:15:00,1.03107,1.03141,1.03106,1.03128,420.209996983409
2025-01-02T14:16:00,1.03127,1.03127,1.03082,1.03086,443.590000025928
2025-01-02T14:17:00,1.03085,1.03103,1.03078,1.031,491.449997037649
2025-01-02T14:18:00,1.03101,1.03102,1.03082,1.0309,554.129999339581
2025-01-02T14:19:00,1.0309,1.03122,1.0309,1.03122,453.510000407696
2025-01-02T14:20:00,1.03122,1.03132,1.03102,1.03132,470.190000504255
2025-01-02T14:21:00,1.03134,1.03147,1.0313,1.03146,415.289995796978
2025-01-02T14:22:00,1.03146,1.03158,1.03135,1.03157,239.539999090135
2025-01-02T14:23:00,1.03157,1.03184,1.03157,1.03169,208.36999822408
2025-01-02T14:24:00,1.03168,1.03196,1.03166,1.03193,128.060000658035
2025-01-02T14:25:00,1.03193,1.032,1.0316,1.03161,260.509999804199
2025-01-02T14:26:00,1.03163,1.03179,1.0315,1.03173,191.620000064373
2025-01-02T14:27:00,1.03172,1.03185,1.03172,1.0318,177.099999137223
2025-01-02T14:28:00,1.03179,1.03187,1.03168,1.03174,144.559999883175
2025-01-02T14:29:00,1.03176,1.03176,1.03152,1.03158,206.099999666214
2025-01-02T14:30:00,1.03159,1.03193,1.03152,1.03193,249.689997635782
2025-01-02T14:31:00,1.03195,1.03222,1.03184,1.03215,353.769997343421
2025-01-02T14:32:00,1.03215,1.03239,1.03213,1.03222,301.869998753071
2025-01-02T14:33:00,1.03223,1.03226,1.03178,1.03178,204.839998364449
2025-01-02T14:34:00,1.03177,1.03181,1.03151,1.03153,282.120000295341
2025-01-02T14:35:00,1.03152,1.03163,1.03117,1.03117,551.120001971722
2025-01-02T14:36:00,1.03118,1.03161,1.03117,1.03137,528.479998506606
2025-01-02T14:37:00,1.03139,1.03158,1.03133,1.03151,502.6499979496
2025-01-02T14:38:00,1.0315,1.03166,1.03147,1.03158,647.680002629757
2025-01-02T14:39:00,1.03158,1.03165,1.0312,1.0312,458.609998904169
2025-01-02T14:40:00,1.03119,1.03127,1.03101,1.03123,486.810002684593
2025-01-02T14:41:00,1.03123,1.03146,1.03123,1.03141,269.910000324249
2025-01-02T14:42:00,1.03141,1.03147,1.03127,1.03131,252.629999995232
2025-01-02T14:43:00,1.03132,1.03133,1.03117,1.03126,195.509999863803
2025-01-02T14:44:00,1.03127,1.03143,1.03116,1.03117,400.619997613132
2025-01-02T14:45:00,1.03116,1.03119,1.03102,1.03117,322.489999294281
2025-01-02T14:46:00,1.0312,1.03165,1.0312,1.03163,254.909998528659
2025-01-02T14:47:00,1.03163,1.03168,1.03122,1.03127,412.64999973774
2025-01-02T14:48:00,1.03128,1.03128,1.03103,1.0311,371.790000356734
2025-01-02T14:49:00,1.03113,1.03113,1.03058,1.03058,501.869995765388
2025-01-02T14:50:00,1.03057,1.03074,1.03052,1.03054,624.33000177145
2025-01-02T14:51:00,1.03053,1.03072,1.03051,1.03062,570.989994816482
2025-01-02T14:52:00,1.03063,1.03078,1.03049,1.03063,355.809999719262
2025-01-02T14:53:00,1.03064,1.03064,1.03028,1.03034,370.170000910759
2025-01-02T14:54:00,1.03033,1.03042,1.03021,1.03041,581.040001153946
2025-01-02T14:55:00,1.0304,1.03048,1.03034,1.03039,562.590000033379
2025-01-02T14:56:00,1.03039,1.03044,1.03021,1.03026,387.149998649955
2025-01-02T14:57:00,1.03027,1.03031,1.03022,1.03031,269.519999966025
2025-01-02T14:58:00,1.03031,1.03039,1.03026,1.03033,334.830000214279
2025-01-02T14:59:00,1.03033,1.03064,1.03032,1.03038,347.84999859333
2025-01-02T15:00:00,1.03037,1.03063,1.03034,1.03063,365.339998960495
2025-01-02T15:01:00,1.03064,1.0307,1.03048,1.03053,308.42999881506
2025-01-02T15:02:00,1.03053,1.03069,1.03048,1.03057,371.269998796284
2025-01-02T15:03:00,1.03057,1.03058,1.0301,1.0301,713.309997558594
2025-01-02T15:04:00,1.03011,1.03056,1.0301,1.03056,421.22999959439
2025-01-02T15:05:00,1.03055,1.03067,1.03044,1.03062,615.079999916255
2025-01-02T15:06:00,1.03062,1.03087,1.03056,1.03056,398.509998247027
2025-01-02T15:07:00,1.03055,1.03056,1.03039,1.03043,375.840000391006
2025-01-02T15:08:00,1.03043,1.03046,1.03027,1.0303,480.979999303818
2025-01-02T15:09:00,1.03031,1.03049,1.03012,1.03012,523.289996057749
2025-01-02T15:10:00,1.03012,1.03016,1.03009,1.03012,620.249997496605
2025-01-02T15:11:00,1.03012,1.03017,1.0301,1.03012,306.449999570847
2025-01-02T15:12:00,1.03012,1.03046,1.03012,1.03031,340.649999976158
2025-01-02T15:13:00,1.0303,1.0304,1.03022,1.03038,406.979999549687
2025-01-02T15:14:00,1.03041,1.03044,1.03027,1.03038,366.049999237061
2025-01-02T15:15:00,1.0304,1.03044,1.03036,1.03042,217.619996786118
2025-01-02T15:16:00,1.03044,1.03055,1.03043,1.03055,287.57000041008
2025-01-02T15:17:00,1.03054,1.03073,1.0305,1.03057,304.20000064373
2025-01-02T15:18:00,1.03059,1.0307,1.03052,1.0306,320.309999525547
2025-01-02T15:19:00,1.03059,1.03074,1.03056,1.03068,352.200000219047
2025-01-02T15:20:00,1.03067,1.03073,1.03059,1.03067,504.180005311966
2025-01-02T15:21:00,1.03067,1.03077,1.03056,1.03077,584.140001893044
2025-01-02T15:22:00,1.03076,1.03082,1.03045,1.03051,404.20999622345
2025-01-02T15:23:00,1.03051,1.03051,1.03028,1.03042,417.920000731945
2025-01-02T15:24:00,1.03041,1.03053,1.03031,1.03053,388.620002031326
2025-01-02T15:25:00,1.03053,1.03067,1.03041,1.03046,431.460001468658
2025-01-02T15:26:00,1.03046,1.03067,1.03042,1.03047,567.930000774562
2025-01-02T15:27:00,1.03047,1.03047,1.02885,1.02916,1289.619989492
2025-01-02T15:28:00,1.02916,1.02921,1.0281,1.02812,1205.14998973906
2025-01-02T15:29:00,1.02813,1.02895,1.02809,1.02855,1255.26998338848
2025-01-02T15:30:00,1.02855,1.0289,1.02846,1.02879,1015.13999760151
2025-01-02T15:31:00,1.0288,1.02886,1.02841,1.02846,1069.04998855293
2025-01-02T15:32:00,1.02846,1.02867,1.02841,1.02856,761.619995988905
2025-01-02T15:33:00,1.02855,1.02883,1.0284,1.02842,705.179995402694
2025-01-02T15:34:00,1.02842,1.0287,1.02832,1.02838,907.529991544783
2025-01-02T15:35:00,1.02838,1.02876,1.02817,1.02876,834.749992728233
2025-01-02T15:36:00,1.02876,1.029,1.02872,1.02898,353.389996096492
2025-01-02T15:37:00,1.02899,1.02908,1.02887,1.02896,332.009995080531
2025-01-02T15:38:00,1.02896,1.02917,1.02871,1.02886,614.84999691695
2025-01-02T15:39:00,1.02885,1.02921,1.02885,1.02921,613.440001964569
2025-01-02T15:40:00,1.02921,1.02947,1.02919,1.02941,622.5899971053
2025-01-02T15:41:00,1.02941,1.02956,1.02937,1.02954,332.639996014535
2025-01-02T15:42:00,1.02955,1.02971,1.02941,1.02965,329.670001640916
2025-01-02T15:43:00,1.02965,1.02969,1.02915,1.02917,673.590000525117
2025-01-02T15:44:00,1.02918,1.02928,1.02901,1.02918,452.689996376634
2025-01-02T15:45:00,1.02917,1.02923,1.02889,1.02921,737.789992913604
2025-01-02T15:46:00,1.02921,1.02923,1.02884,1.02897,627.009992927313
2025-01-02T15:47:00,1.02896,1.02898,1.0285,1.02851,668.379992604256
2025-01-02T15:48:00,1.02851,1.02874,1.02846,1.02869,866.569998793304
2025-01-02T15:49:00,1.02871,1.02878,1.02836,1.02837,705.60999482125
2025-01-02T15:50:00,1.02836,1.02883,1.02836,1.02878,540.149994656444
2025-01-02T15:51:00,1.02878,1.02917,1.02877,1.0289,849.059992790222
2025-01-02T15:52:00,1.02889,1.02913,1.02873,1.02892,653.490001507103
2025-01-02T15:53:00,1.02893,1.02894,1.02833,1.02833,1045.43999785185
2025-01-02T15:54:00,1.02833,1.02842,1.02811,1.02835,1076.57999961823
2025-01-02T15:55:00,1.02836,1.02847,1.02809,1.02814,830.109998263419
2025-01-02T15:56:00,1.02814,1.02839,1.02812,1.02821,967.529993325472
2025-01-02T15:57:00,1.0282,1.02845,1.02816,1.02836,740.789995737374
2025-01-02T15:58:00,1.02835,1.02836,1.02811,1.02817,739.119996681809
2025-01-02T15:59:00,1.02818,1.02818,1.02725,1.02741,1201.37999490649
2025-01-02T16:00:00,1.0274,1.02762,1.02735,1.02735,1262.27999949455
2025-01-02T16:01:00,1.02734,1.02745,1.0273,1.02736,723.099997267127
2025-01-02T16:02:00,1.02736,1.02752,1.02608,1.02644,949.45999597013
2025-01-02T16:03:00,1.02645,1.0267,1.02291,1.02316,1401.96999588609
2025-01-02T16:04:00,1.02316,1.02401,1.02237,1.02397,1268.59999221563
2025-01-02T16:05:00,1.02397,1.0248,1.02395,1.02441,1050.82999316603
2025-01-02T16:06:00,1.0244,1.0249,1.0242,1.02472,1015.01999515295
2025-01-02T16:07:00,1.0247,1.0255,1.02469,1.02536,782.919996358454
2025-01-02T16:08:00,1.02536,1.02549,1.025,1.02504,903.8799963817
2025-01-02T16:09:00,1.02502,1.02536,1.02502,1.02525,726.009999610484
2025-01-02T16:10:00,1.02526,1.02531,1.02469,1.02479,1058.21999826282
2025-01-02T16:11:00,1.02479,1.02544,1.02477,1.02544,721.739998944104
2025-01-02T16:12:00,1.02545,1.02575,1.02506,1.02514,639.009995594621
2025-01-02T16:13:00,1.02515,1.02592,1.02515,1.02583,518.66999810189
2025-01-02T16:14:00,1.02584,1.026,1.02571,1.02574,743.630010262132
2025-01-02T16:15:00,1.02574,1.02595,1.0257,1.02594,609.810006022453
2025-01-02T16:16:00,1.02593,1.0262,1.02579,1.02619,278.930001214147
2025-01-02T16:17:00,1.02618,1.02618,1.02592,1.02612,408.930002510548
2025-01-02T16:18:00,1.02611,1.02624,1.02601,1.02616,371.110005319118
2025-01-02T16:19:00,1.02616,1.02624,1.02596,1.02618,419.940001904964
2025-01-02T16:20:00,1.02619,1.02621,1.02541,1.0256,640.99999910593
2025-01-02T16:21:00,1.02559,1.02582,1.02515,1.02529,576.629998087883
2025-01-02T16:22:00,1.02527,1.02535,1.02499,1.02507,624.690002657473
2025-01-02T16:23:00,1.02507,1.02525,1.02501,1.02503,617.939995296299
2025-01-02T16:24:00,1.02501,1.02566,1.02501,1.02553,467.449998110533
2025-01-02T16:25:00,1.02554,1.02564,1.02549,1.02549,294.480000808835
2025-01-02T16:26:00,1.02549,1.0256,1.0253,1.02558,311.459999352694
2025-01-02T16:27:00,1.02559,1.02573,1.0254,1.02543,266.969998627901
2025-01-02T16:28:00,1.02544,1.02577,1.02542,1.0257,414.389995969832
2025-01-02T16:29:00,1.02571,1.02573,1.0253,1.02531,373.859997875988
2025-01-02T16:30:00,1.02531,1.02535,1.02509,1.02528,245.759997084737
2025-01-02T16:31:00,1.02527,1.0253,1.02481,1.02505,641.18999838084
2025-01-02T16:32:00,1.02505,1.02505,1.02459,1.02464,675.310001373291
2025-01-02T16:33:00,1.02465,1.02529,1.02452,1.02527,523.269999720156
2025-01-02T16:34:00,1.02528,1.02528,1.02486,1.02518,487.950003549457
2025-01-02T16:35:00,1.02518,1.02552,1.02516,1.02541,292.900003403425
2025-01-02T16:36:00,1.0254,1.0254,1.02507,1.02514,583.240001365542
2025-01-02T16:37:00,1.02514,1.0253,1.02503,1.02503,396.24000120163
2025-01-02T16:38:00,1.02505,1.02524,1.02493,1.02515,395.169998161495
2025-01-02T16:39:00,1.02517,1.02524,1.02501,1.02516,339.650000184774
2025-01-02T16:40:00,1.02516,1.02525,1.02491,1.02494,320.439998671412
2025-01-02T16:41:00,1.02495,1.025,1.02474,1.02476,535.560001850128
2025-01-02T16:42:00,1.02477,1.02488,1.0241,1.02415,484.900000028312
2025-01-02T16:43:00,1.02415,1.02452,1.02415,1.02443,575.260001443326
2025-01-02T16:44:00,1.02443,1.02456,1.02441,1.02456,273.12000080198
2025-01-02T16:45:00,1.02456,1.02479,1.02447,1.02468,183.770001485944
2025-01-02T16:46:00,1.02467,1.02467,1.02429,1.02441,315.130003981292
2025-01-02T16:47:00,1.02442,1.02456,1.02437,1.02438,322.910002052784
2025-01-02T16:48:00,1.02438,1.02463,1.02432,1.02462,261.009999059141
2025-01-02T16:49:00,1.02461,1.02472,1.02446,1.02472,230.779997490346
2025-01-02T16:50:00,1.02473,1.0251,1.02473,1.0251,192.049997903407
2025-01-02T16:51:00,1.02511,1.02537,1.02498,1.02531,255.359998755157
2025-01-02T16:52:00,1.02533,1.02566,1.02533,1.0254,301.319999523461
2025-01-02T16:53:00,1.02539,1.02547,1.0252,1.02547,153.989996850491
2025-01-02T16:54:00,1.02546,1.02558,1.02518,1.02557,215.789995536208
2025-01-02T16:55:00,1.02556,1.0259,1.02542,1.02587,257.699995450675
2025-01-02T16:56:00,1.02584,1.02609,1.02579,1.02606,278.249996565282
2025-01-02T16:57:00,1.02604,1.02637,1.02592,1.02637,143.99999742955
2025-01-02T16:58:00,1.02636,1.02642,1.02614,1.02631,148.309997104108
2025-01-02T16:59:00,1.02635,1.02636,1.02611,1.02611,164.069997921586
2025-01-02T17:00:00,1.02611,1.02619,1.02596,1.02601,237.449995845556
2025-01-02T17:01:00,1.02601,1.02604,1.02587,1.02589,169.489998608828
2025-01-02T17:02:00,1.02587,1.02587,1.02557,1.0257,186.539998322725
2025-01-02T17:03:00,1.0257,1.02586,1.02567,1.02576,164.879997707903
2025-01-02T17:04:00,1.02575,1.02617,1.02573,1.02617,144.979998849332
2025-01-02T17:05:00,1.02618,1.02636,1.02612,1.02634,136.619998216629
2025-01-02T17:06:00,1.02634,1.02659,1.02615,1.02615,258.969997622073
2025-01-02T17:07:00,1.02614,1.02621,1.02595,1.02607,292.109996721148
2025-01-02T17:08:00,1.02607,1.02635,1.02594,1.0263,207.479998461902
2025-01-02T17:09:00,1.0263,1.02655,1.0263,1.02647,132.779998540878
2025-01-02T17:10:00,1.02649,1.02679,1.02635,1.02636,352.399997331202
2025-01-02T17:11:00,1.02635,1.02656,1.02631,1.02651,165.089998841286
2025-01-02T17:12:00,1.02651,1.02669,1.02651,1.02661,158.129997834563
2025-01-02T17:13:00,1.02663,1.02679,1.02636,1.02636,186.929996423423
2025-01-02T17:14:00,1.02638,1.02655,1.02631,1.02632,185.219997167587
2025-01-02T17:15:00,1.02632,1.02637,1.02621,1.02626,155.279998093843
2025-01-02T17:16:00,1.02627,1.02656,1.02622,1.02643,154.109998010099
2025-01-02T17:17:00,1.02643,1.02643,1.0262,1.02625,206.879997253418
2025-01-02T17:18:00,1.02626,1.02626,1.02593,1.02593,136.199998565018
2025-01-02T17:19:00,1.02592,1.02621,1.02592,1.02612,131.219998434186
2025-01-02T17:20:00,1.02611,1.02621,1.02603,1.02612,135.149998031557
2025-01-02T17:21:00,1.0261,1.02645,1.02602,1.02644,153.23999671638
2025-01-02T17:22:00,1.02643,1.02651,1.02631,1.02632,190.469996996224
2025-01-02T17:23:00,1.02632,1.0265,1.02631,1.02639,156.49999845773
2025-01-02T17:24:00,1.02639,1.02645,1.02613,1.0262,175.919996999204
2025-01-02T17:25:00,1.0262,1.0262,1.02584,1.0259,186.089998751879
2025-01-02T17:26:00,1.02589,1.02595,1.02571,1.02576,153.659998647869
2025-01-02T17:27:00,1.02578,1.0259,1.02573,1.02581,123.509997934103
2025-01-02T17:28:00,1.02581,1.02587,1.0257,1.0258,142.139998674393
2025-01-02T17:29:00,1.02579,1.02579,1.02565,1.02569,162.35999840498
2025-01-02T17:30:00,1.02568,1.02568,1.02519,1.0252,256.709998004138
2025-01-02T17:31:00,1.02522,1.02546,1.02513,1.02536,124.799998745322
2025-01-02T17:32:00,1.02535,1.02572,1.02531,1.02566,193.229997493327
2025-01-02T17:33:00,1.02563,1.02563,1.0254,1.02541,120.779998779297
2025-01-02T17:34:00,1.02541,1.02569,1.02538,1.02561,126.049997918308
2025-01-02T17:35:00,1.02564,1.02591,1.02563,1.02591,115.439998798072
2025-01-02T17:36:00,1.02591,1.02594,1.02571,1.0258,151.229998998344
2025-01-02T17:37:00,1.0258,1.02602,1.02575,1.02589,113.219998635352
2025-01-02T17:38:00,1.02589,1.02601,1.02589,1.02601,85.9499980211258
2025-01-02T17:39:00,1.026,1.02613,1.02598,1.02613,104.399998903275
2025-01-02T17:40:00,1.02613,1.02628,1.02611,1.02623,117.859997622669
2025-01-02T17:41:00,1.02624,1.02664,1.02623,1.02662,124.649998351932
2025-01-02T17:42:00,1.02662,1.02663,1.02637,1.02644,217.81999617815
2025-01-02T17:43:00,1.02644,1.02652,1.0264,1.0264,113.869998395443
2025-01-02T17:44:00,1.02641,1.02641,1.02626,1.02635,72.9899989366531
2025-01-02T17:45:00,1.02637,1.02642,1.02615,1.02628,89.7299995049834
2025-01-02T17:46:00,1.0263,1.0263,1.02622,1.02628,34.6500000506639
2025-01-02T17:47:00,1.02628,1.02628,1.0261,1.02626,43.3499996587634
2025-01-02T17:48:00,1.02626,1.02626,1.02605,1.02611,53.3099996820092
2025-01-02T17:49:00,1.02611,1.02611,1.02591,1.02594,82.709998883307
2025-01-02T17:50:00,1.02591,1.02601,1.02587,1.02601,71.159998819232
2025-01-02T17:51:00,1.026,1.02629,1.026,1.02629,111.14999884367
2025-01-02T17:52:00,1.0263,1.02648,1.0263,1.02644,80.5599992573261
2025-01-02T17:53:00,1.02644,1.02647,1.02626,1.0263,86.6699985638261
2025-01-02T17:54:00,1.02633,1.02634,1.02619,1.02634,139.209997989237
2025-01-02T17:55:00,1.02634,1.02642,1.02633,1.02641,198.539998322725
2025-01-02T17:56:00,1.02642,1.02661,1.02642,1.02656,232.28999684006
2025-01-02T17:57:00,1.02656,1.02662,1.02615,1.0263,238.31999950856
2025-01-02T17:58:00,1.0263,1.02645,1.02624,1.02645,224.819996252656
2025-01-02T17:59:00,1.02647,1.02656,1.02638,1.02648,231.209997944534
2025-01-02T18:00:00,1.02651,1.02662,1.02632,1.02634,144.509999796748
2025-01-02T18:01:00,1.02632,1.02632,1.02618,1.02618,109.619999021292
2025-01-02T18:02:00,1.02619,1.02647,1.02615,1.02627,105.329999670386
2025-01-02T18:03:00,1.02629,1.02635,1.02629,1.0263,30.5099997296929
2025-01-02T18:04:00,1.0263,1.02641,1.02613,1.02639,107.939998835325
2025-01-02T18:05:00,1.02643,1.02654,1.0264,1.0264,88.0599992275238
2025-01-02T18:06:00,1.02644,1.02647,1.02625,1.0263,180.669998921454
2025-01-02T18:07:00,1.02629,1.0264,1.02629,1.0264,100.140000328422
2025-01-02T18:08:00,1.02641,1.02658,1.02641,1.02656,85.8299994319677
2025-01-02T18:09:00,1.02656,1.02661,1.02639,1.02639,105.299999237061
2025-01-02T18:10:00,1.02637,1.02639,1.02618,1.02621,122.579999089241
2025-01-02T18:11:00,1.02622,1.02645,1.02619,1.02634,164.309997960925
2025-01-02T18:12:00,1.02634,1.02634,1.02612,1.02619,144.109998524189
2025-01-02T18:13:00,1.02618,1.02635,1.02618,1.02633,105.659999370575
2025-01-02T18:14:00,1.02634,1.02641,1.02624,1.02625,89.8199992179871
2025-01-02T18:15:00,1.02625,1.02625,1.02607,1.02616,113.219999723136
2025-01-02T18:16:00,1.02616,1.02653,1.0261,1.02653,166.409998714924
2025-01-02T18:17:00,1.02653,1.02655,1.0264,1.02647,116.639998435974
2025-01-02T18:18:00,1.02648,1.02655,1.02639,1.02646,86.5799992084503
2025-01-02T18:19:00,1.02638,1.02646,1.02629,1.0264,106.080000624061
2025-01-02T18:20:00,1.02639,1.02642,1.02625,1.02625,68.3399993106723
2025-01-02T18:21:00,1.02626,1.02626,1.02606,1.02607,85.199999794364
2025-01-02T18:22:00,1.02606,1.02615,1.02601,1.02615,89.9499999880791
2025-01-02T18:23:00,1.02617,1.0264,1.02617,1.02632,98.4000006839633
2025-01-02T18:24:00,1.02631,1.02631,1.02621,1.02626,75.959999859333
2025-01-02T18:25:00,1.02625,1.02628,1.02611,1.02613,54.8399993702769
2025-01-02T18:26:00,1.02613,1.02628,1.02613,1.02617,62.2199995443225
2025-01-02T18:27:00,1.02616,1.02631,1.02608,1.02629,120.089998833835
2025-01-02T18:28:00,1.0263,1.0263,1.0262,1.02623,52.0499993488193
2025-01-02T18:29:00,1.02623,1.02625,1.02619,1.02625,28.9799996614456
2025-01-02T18:30:00,1.02625,1.02625,1.02612,1.02612,67.3199995756149
2025-01-02T18:31:00,1.02612,1.02616,1.026,1.02601,59.4299992248416
2025-01-02T18:32:00,1.02602,1.02608,1.02596,1.026,37.1399999707937
2025-01-02T18:33:00,1.02598,1.02604,1.02592,1.02594,58.1399995088577
2025-01-02T18:34:00,1.02593,1.02595,1.02586,1.0259,90.8099993467331
2025-01-02T18:35:00,1.02591,1.02596,1.02572,1.02579,81.1199991628528
2025-01-02T18:36:00,1.02581,1.0259,1.02576,1.02585,70.9799993485212
2025-01-02T18:37:00,1.02585,1.02595,1.02584,1.02594,29.4299999475479
2025-01-02T18:38:00,1.02595,1.02596,1.02579,1.02579,63.0199995040894
2025-01-02T18:39:00,1.02579,1.02582,1.02567,1.02572,56.2499996423721
2025-01-02T18:40:00,1.02573,1.02578,1.02569,1.02569,38.9699999839067
2025-01-02T18:41:00,1.0257,1.02571,1.02561,1.02571,72.8999999761581
2025-01-02T18:42:00,1.02569,1.02584,1.02567,1.02582,24.9599999114871
2025-01-02T18:43:00,1.02583,1.02606,1.02583,1.02598,100.949999473989
2025-01-02T18:44:00,1.02598,1.02611,1.02598,1.0261,83.2799999639392
2025-01-02T18:45:00,1.0261,1.02618,1.02609,1.02615,76.0499992743134
2025-01-02T18:46:00,1.02617,1.02618,1.02594,1.02599,55.5599998161197
2025-01-02T18:47:00,1.02599,1.02606,1.02599,1.02604,31.0499995350838
2025-01-02T18:48:00,1.02604,1.02607,1.02582,1.02584,68.5799999833107
2025-01-02T18:49:00,1.02584,1.0259,1.02582,1.02587,67.5899994969368
2025-01-02T18:50:00,1.02588,1.02594,1.02576,1.02578,122.939999997616
2025-01-02T18:51:00,1.02578,1.02588,1.02568,1.02579,92.9700008034706
2025-01-02T18:52:00,1.02579,1.02584,1.02568,1.0257,127.709999740124
2025-01-02T18:53:00,1.02569,1.02571,1.02566,1.02569,51.2999995946884
2025-01-02T18:54:00,1.02569,1.02575,1.02562,1.02562,80.3700005933642
2025-01-02T18:55:00,1.02563,1.02571,1.02562,1.0257,44.3400001004338
2025-01-02T18:56:00,1.02569,1.02575,1.02565,1.0257,39.0899997800589
2025-01-02T18:57:00,1.02569,1.02583,1.02564,1.02564,90.150000192225
2025-01-02T18:58:00,1.02564,1.02571,1.0256,1.02565,84.0599988996983
2025-01-02T18:59:00,1.02566,1.02569,1.02557,1.02563,67.4399998858571
2025-01-02T19:00:00,1.02563,1.02577,1.02552,1.02558,151.949999541044
2025-01-02T19:01:00,1.02557,1.02558,1.0255,1.02555,77.3099994435906
2025-01-02T19:02:00,1.02555,1.02563,1.02555,1.02559,49.0499992147088
2025-01-02T19:03:00,1.0256,1.02564,1.02551,1.02552,37.7999994754791
2025-01-02T19:04:00,1.02552,1.02575,1.02551,1.02572,52.1999992132187
2025-01-02T19:05:00,1.02571,1.02574,1.02568,1.02574,94.5899990797043
2025-01-02T19:06:00,1.02574,1.02591,1.0257,1.02586,65.2499994635582
2025-01-02T19:07:00,1.02586,1.02592,1.02567,1.02567,51.6599996238947
2025-01-02T19:08:00,1.02568,1.02568,1.02557,1.02557,39.4199994802475
2025-01-02T19:09:00,1.02559,1.02559,1.02554,1.02555,15.8399996757507
2025-01-02T19:10:00,1.02555,1.02555,1.02539,1.02542,132.74999922514
2025-01-02T19:11:00,1.02541,1.02548,1.02539,1.02539,97.1100002527237
2025-01-02T19:12:00,1.02539,1.02539,1.02528,1.02532,42.299998998642
2025-01-02T19:13:00,1.02534,1.02534,1.02502,1.02502,59.8499994054437
2025-01-02T19:14:00,1.02501,1.02513,1.02499,1.0251,56.1299996748567
2025-01-02T19:15:00,1.0251,1.02513,1.02502,1.02505,69.9599990770221
2025-01-02T19:16:00,1.02505,1.02508,1.02492,1.02495,88.649998486042
2025-01-02T19:17:00,1.02496,1.02511,1.02496,1.02511,67.82999894768
2025-01-02T19:18:00,1.02509,1.02513,1.02508,1.02509,46.7999991178513
2025-01-02T19:19:00,1.02509,1.02512,1.02503,1.02509,51.299998998642
2025-01-02T19:20:00,1.0251,1.02512,1.02503,1.0251,62.9999996423721
2025-01-02T19:21:00,1.0251,1.02522,1.0251,1.02517,86.5799993276596
2025-01-02T19:22:00,1.02517,1.02526,1.02513,1.02519,67.5599994510412
2025-01-02T19:23:00,1.0252,1.02547,1.02518,1.02535,65.2499998807907
2025-01-02T19:24:00,1.02534,1.02534,1.02532,1.02534,40.1399998664856
2025-01-02T19:25:00,1.02534,1.02542,1.02531,1.02542,52.4699990153313
2025-01-02T19:26:00,1.02541,1.02568,1.02541,1.02565,80.7299987077713
2025-01-02T19:27:00,1.02567,1.02578,1.02564,1.02574,91.2799988165498
2025-01-02T19:28:00,1.02576,1.02576,1.02563,1.02563,61.1699996441603
2025-01-02T19:29:00,1.02562,1.02571,1.02561,1.02569,36.8999997377396
2025-01-02T19:30:00,1.02568,1.02568,1.02538,1.02539,90.0299985334277
2025-01-02T19:31:00,1.02542,1.02595,1.02542,1.02577,116.989998690784
2025-01-02T19:32:00,1.02577,1.02583,1.02552,1.02557,119.949998609722
2025-01-02T19:33:00,1.02558,1.02558,1.02545,1.02555,92.4599990174174
2025-01-02T19:34:00,1.02554,1.02554,1.02543,1.02546,151.19999948889
2025-01-02T19:35:00,1.02546,1.02549,1.02538,1.02542,75.8699991703033
2025-01-02T19:36:00,1.02541,1.0255,1.02538,1.02549,41.3999990224838
2025-01-02T19:37:00,1.02552,1.02562,1.02552,1.0256,36.4699991941452
2025-01-02T19:38:00,1.0256,1.02567,1.02557,1.02557,43.2899993658066
2025-01-02T19:39:00,1.02557,1.02558,1.02548,1.02553,39.7099994421005
2025-01-02T19:40:00,1.02556,1.02559,1.02554,1.02558,27.08999979496
2025-01-02T19:41:00,1.02561,1.02564,1.0255,1.0255,31.0499994754791
2025-01-02T19:42:00,1.02548,1.02548,1.02532,1.02545,48.2700000926852
2025-01-02T19:43:00,1.02545,1.0255,1.02538,1.02538,43.1099994555116
2025-01-02T19:44:00,1.02537,1.02537,1.02524,1.02528,42.9000000208616
2025-01-02T19:45:00,1.0253,1.02536,1.0251,1.0251,65.9099991843104
2025-01-02T19:46:00,1.02509,1.02509,1.02496,1.02499,26.6699994131923
2025-01-02T19:47:00,1.02503,1.0251,1.02501,1.02503,63.6499990001321
2025-01-02T19:48:00,1.02503,1.02514,1.02493,1.0251,68.9699991866946
2025-01-02T19:49:00,1.0251,1.0251,1.02501,1.02503,78.029998421669
2025-01-02T19:50:00,1.02501,1.02503,1.02483,1.0249,79.8299987316132
2025-01-02T19:51:00,1.02493,1.02499,1.0249,1.02499,19.6199997663498
2025-01-02T19:52:00,1.02498,1.02509,1.02498,1.02507,41.6699995398521
2025-01-02T19:53:00,1.02507,1.02511,1.02497,1.0251,110.249998688698
2025-01-02T19:54:00,1.02508,1.02519,1.02504,1.02511,115.089998953044
2025-01-02T19:55:00,1.0251,1.0251,1.02501,1.02508,69.9899998903275
2025-01-02T19:56:00,1.02506,1.02506,1.02477,1.0249,101.989999353886
2025-01-02T19:57:00,1.02489,1.02494,1.02487,1.02488,51.4799990653992
2025-01-02T19:58:00,1.02487,1.025,1.02485,1.02497,85.7999995872378
2025-01-02T19:59:00,1.02497,1.02512,1.02496,1.0251,420.109999112785
2025-01-02T20:00:00,1.02511,1.02519,1.02506,1.02518,133.91999874264
2025-01-02T20:01:00,1.0252,1.0254,1.02519,1.02528,200.879998616874
2025-01-02T20:02:00,1.02528,1.02537,1.02523,1.02529,116.43999966234
2025-01-02T20:03:00,1.02528,1.02541,1.02528,1.02536,100.629999190569
2025-01-02T20:04:00,1.02535,1.02538,1.02527,1.02537,71.0400000810623
2025-01-02T20:05:00,1.02536,1.02538,1.02529,1.02532,78.2999999523163
2025-01-02T20:06:00,1.02533,1.02535,1.02524,1.02527,59.4899995923042
2025-01-02T20:07:00,1.02527,1.02553,1.02527,1.02547,83.6999997496605
2025-01-02T20:08:00,1.02546,1.0256,1.02546,1.02557,42.6599986329675
2025-01-02T20:09:00,1.02557,1.02566,1.02557,1.02559,54.8700003474951
2025-01-02T20:10:00,1.02558,1.02558,1.02541,1.02541,148.259999267757
2025-01-02T20:11:00,1.02541,1.02547,1.02536,1.02547,72.4500003457069
2025-01-02T20:12:00,1.02546,1.02559,1.02541,1.02557,120.300000235438
2025-01-02T20:13:00,1.02558,1.02558,1.02536,1.02543,88.109999537468
2025-01-02T20:14:00,1.02542,1.02547,1.02542,1.02547,20.2199995368719
2025-01-02T20:15:00,1.02546,1.02556,1.02544,1.02556,37.5299996733665
2025-01-02T20:16:00,1.02556,1.02558,1.02553,1.02558,12.3600000664592
2025-01-02T20:17:00,1.0256,1.02567,1.0256,1.02567,21.5399998947978
2025-01-02T20:18:00,1.02568,1.02572,1.02564,1.02572,37.7399994432926
2025-01-02T20:19:00,1.02574,1.02581,1.02574,1.02579,25.4699997082353
2025-01-02T20:20:00,1.02579,1.02579,1.02568,1.02571,50.7599991559982
2025-01-02T20:21:00,1.02572,1.02582,1.02568,1.02581,57.50999969244
2025-01-02T20:22:00,1.02582,1.026,1.02582,1.02596,105.449998602271
2025-01-02T20:23:00,1.02595,1.02596,1.02591,1.02593,43.1999996304512
2025-01-02T20:24:00,1.02593,1.02605,1.02593,1.02602,39.1499992609024
2025-01-02T20:25:00,1.02601,1.02622,1.02601,1.02616,98.6399990320206
2025-01-02T20:26:00,1.02616,1.02619,1.02615,1.02617,37.6199995279312
2025-01-02T20:27:00,1.02617,1.02622,1.02617,1.02619,26.0999995470047
2025-01-02T20:28:00,1.02619,1.02631,1.02619,1.0263,113.400000274181
2025-01-02T20:29:00,1.02631,1.02631,1.02619,1.02621,53.999999165535
2025-01-02T20:30:00,1.02621,1.02637,1.02619,1.02635,88.5899996086955
2025-01-02T20:31:00,1.02634,1.02639,1.02633,1.02639,53.0099995136261
2025-01-02T20:32:00,1.02637,1.02645,1.02622,1.02626,62.8199999406934
2025-01-02T20:33:00,1.02625,1.02629,1.02622,1.02622,28.5599999502301
2025-01-02T20:34:00,1.02622,1.02624,1.02619,1.02619,41.6699995994568
2025-01-02T20:35:00,1.0262,1.0262,1.026,1.02611,70.4999995157123
2025-01-02T20:36:00,1.02611,1.02612,1.02604,1.02608,26.1899993419647
2025-01-02T20:37:00,1.02608,1.02608,1.02598,1.02601,22.9499996900558
2025-01-02T20:38:00,1.02601,1.02604,1.02598,1.02603,33.7499996423721
2025-01-02T20:39:00,1.02603,1.02603,1.02597,1.02603,61.4999995157123
2025-01-02T20:40:00,1.02605,1.02622,1.02604,1.02622,57.449998728931
2025-01-02T20:41:00,1.02622,1.02622,1.02617,1.02618,11.2499998807907
2025-01-02T20:42:00,1.02621,1.02621,1.02616,1.02617,12.6899998188019
2025-01-02T20:43:00,1.02618,1.0262,1.02615,1.02615,14.0699998065829
2025-01-02T20:44:00,1.02615,1.02623,1.02615,1.02619,19.0799995660782
2025-01-02T20:45:00,1.02619,1.02619,1.02614,1.02614,9.29999982565641
2025-01-02T20:46:00,1.02616,1.02619,1.02616,1.02616,64.229999050498
2025-01-02T20:47:00,1.02616,1.02617,1.02614,1.02615,38.1699996441603
2025-01-02T20:48:00,1.02616,1.02625,1.02616,1.02619,11.0399997085333
2025-01-02T20:49:00,1.02618,1.02629,1.02618,1.02625,14.5199997350574
2025-01-02T20:50:00,1.02627,1.02632,1.02627,1.02629,12.4799997657537
2025-01-02T20:51:00,1.0263,1.02633,1.02628,1.02629,19.3499995470047
2025-01-02T20:52:00,1.02627,1.02633,1.02627,1.02633,26.3699995279312
2025-01-02T20:53:00,1.02634,1.0264,1.02633,1.02633,26.9399995133281
2025-01-02T20:54:00,1.02632,1.02633,1.02627,1.02629,39.6899991035461
2025-01-02T20:55:00,1.02629,1.02629,1.0262,1.02627,34.1999992132187
2025-01-02T20:56:00,1.02627,1.02636,1.02627,1.02631,39.8399995416403
2025-01-02T20:57:00,1.0263,1.0263,1.02619,1.02622,52.1999999284744
2025-01-02T20:58:00,1.02621,1.02628,1.0262,1.02628,27.4799995347857
2025-01-02T20:59:00,1.02628,1.02632,1.02613,1.02613,76.3399983942509
2025-01-02T21:00:00,1.02613,1.02632,1.02612,1.02632,49.6799998581409
2025-01-02T21:01:00,1.02631,1.02638,1.02631,1.02635,32.7599993646145
2025-01-02T21:02:00,1.02635,1.02636,1.02635,1.02636,7.19999986886978
2025-01-02T21:03:00,1.02636,1.02636,1.02631,1.02634,15.9300004541874
2025-01-02T21:04:00,1.02634,1.02635,1.02631,1.02635,7.31999992579222
2025-01-02T21:05:00,1.02635,1.02639,1.02633,1.02639,17.8499998748302
2025-01-02T21:06:00,1.02638,1.02638,1.02638,1.02638,11.9699997901917
2025-01-02T21:07:00,1.02638,1.02641,1.02637,1.0264,7.52999991178513
2025-01-02T21:08:00,1.0264,1.0264,1.02637,1.02638,6.6599999666214
2025-01-02T21:09:00,1.02637,1.02654,1.02637,1.02654,24.2400001958013
2025-01-02T21:10:00,1.02653,1.02653,1.02648,1.02649,6.53999992460012
2025-01-02T21:11:00,1.02648,1.02648,1.02646,1.02646,5.39999985694885
2025-01-02T21:12:00,1.02647,1.0265,1.02647,1.0265,23.8500000238419
2025-01-02T21:13:00,1.02651,1.02655,1.02651,1.02654,21.5999994277954
2025-01-02T21:14:00,1.02652,1.02652,1.02632,1.02632,26.3100000545382
2025-01-02T21:15:00,1.0263,1.0263,1.02626,1.02629,8.39999993145466
2025-01-02T21:16:00,1.02627,1.02627,1.02627,1.02627,0.119999997317791
2025-01-02T21:17:00,1.02626,1.02626,1.02624,1.02624,8.09999990463257
2025-01-02T21:18:00,1.02625,1.02626,1.02625,1.02626,9.89999997615814
2025-01-02T21:19:00,1.02627,1.02627,1.02626,1.02626,3.92999993264675
2025-01-02T21:21:00,1.02627,1.02638,1.02627,1.02636,12.5399998128414
2025-01-02T21:22:00,1.02635,1.02635,1.02628,1.02629,8.78999998420477
2025-01-02T21:23:00,1.0263,1.0264,1.0263,1.02638,20.9399996697903
2025-01-02T21:24:00,1.02638,1.02643,1.02637,1.02642,9.08999987691641
2025-01-02T21:25:00,1.02646,1.02648,1.02637,1.02637,39.6599997133017
2025-01-02T21:26:00,1.02638,1.02639,1.02637,1.02638,4.13999998569489
2025-01-02T21:27:00,1.02637,1.0264,1.02637,1.02639,11.8800002336502
2025-01-02T21:28:00,1.02639,1.02643,1.02639,1.02642,13.6799998879433
2025-01-02T21:29:00,1.02643,1.02656,1.02643,1.0265,84.6899987459183
2025-01-02T21:30:00,1.02648,1.02648,1.02641,1.02641,25.8299998044968
2025-01-02T21:31:00,1.0264,1.0264,1.02636,1.02639,16.740000128746
2025-01-02T21:32:00,1.02639,1.02639,1.02638,1.02639,8.18999993801117
2025-01-02T21:33:00,1.02639,1.02642,1.0263,1.02641,25.9799997657537
2025-01-02T21:34:00,1.02643,1.0266,1.02643,1.02653,56.6999999880791
2025-01-02T21:35:00,1.02652,1.02652,1.02643,1.02643,18.539999961853
2025-01-02T21:36:00,1.02642,1.02644,1.02642,1.02644,6.29999995231628
2025-01-02T21:37:00,1.02647,1.02649,1.02644,1.02646,28.3499994277954
2025-01-02T21:38:00,1.02647,1.02647,1.02645,1.02647,8.56999981403351
2025-01-02T21:39:00,1.02647,1.02647,1.02642,1.02644,17.0999997854233
2025-01-02T21:40:00,1.02647,1.02652,1.02647,1.02649,16.1999995708466
2025-01-02T21:41:00,1.02651,1.02651,1.02649,1.02651,8.99999988079071
2025-01-02T21:42:00,1.02657,1.02675,1.02655,1.02675,53.2199995443225
2025-01-02T21:43:00,1.02676,1.02677,1.02673,1.02673,22.0500000119209
2025-01-02T21:44:00,1.0267,1.02671,1.02664,1.02666,41.9699997827411
2025-01-02T21:45:00,1.02666,1.02679,1.02663,1.02673,70.980000898242
2025-01-02T21:46:00,1.02673,1.02677,1.02664,1.02672,36.9900004267693
2025-01-02T21:47:00,1.02672,1.02672,1.02663,1.02667,50.2600005865097
2025-01-02T21:48:00,1.02668,1.0267,1.02668,1.0267,4.49999988079071
2025-01-02T21:49:00,1.0267,1.02675,1.0267,1.02674,30.5999999046326
2025-01-02T21:50:00,1.02674,1.02687,1.02655,1.02655,50.5199999734759
2025-01-02T21:51:00,1.02654,1.02667,1.02652,1.02666,44.5500003099442
2025-01-02T21:52:00,1.02666,1.02667,1.02664,1.02665,37.7999997138977
2025-01-02T21:53:00,1.02664,1.02664,1.02659,1.0266,29.9699999690056
2025-01-02T21:54:00,1.02661,1.02667,1.02657,1.02667,84.6900004148483
2025-01-02T21:55:00,1.02666,1.02672,1.02665,1.02671,49.3099994659424
2025-01-02T21:56:00,1.02671,1.02674,1.02664,1.02674,54.7699996829033
2025-01-02T21:57:00,1.02674,1.02676,1.02672,1.02674,21.599999666214
2025-01-02T21:58:00,1.02673,1.02673,1.02665,1.02667,81.0900009870529
2025-01-02T21:59:00,1.02667,1.02671,1.0264,1.0264,147.689999759197
2025-01-02T22:00:00,1.0264,1.0264,1.0264,1.0264,3.60000014305115
2025-01-02T22:01:00,1.0264,1.0264,1.02635,1.02635,3.72000002861023
2025-01-02T22:02:00,1.02635,1.02635,1.02635,1.02635,6.09999990463257
2025-01-02T22:03:00,1.02635,1.02635,1.02635,1.02635,1.5
2025-01-02T22:05:00,1.02635,1.02635,1.02635,1.02635,12
2025-01-02T22:06:00,1.02635,1.02635,1.02612,1.02628,11.2800001502037
2025-01-02T22:07:00,1.02628,1.02628,1.02628,1.02628,1.5
2025-01-02T22:08:00,1.02628,1.02628,1.02628,1.02628,3
2025-01-02T22:09:00,1.02628,1.02628,1.02628,1.02628,3
2025-01-02T22:10:00,1.02628,1.02628,1.02628,1.02628,6.75
2025-01-02T22:11:00,1.02628,1.02628,1.02628,1.02628,5.25
2025-01-02T22:12:00,1.02628,1.02628,1.02628,1.02628,3.75
2025-01-02T22:13:00,1.02628,1.02628,1.02628,1.02628,23.25
2025-01-02T22:14:00,1.02628,1.02628,1.02628,1.02628,3
2025-01-02T22:15:00,1.02628,1.02628,1.02628,1.02628,3.75
2025-01-02T22:16:00,1.02629,1.02632,1.02629,1.02632,14.3999999761581
2025-01-02T22:17:00,1.02633,1.02635,1.02628,1.02628,8.04999983310699
2025-01-02T22:18:00,1.02628,1.02628,1.02628,1.02628,1.5
2025-01-02T22:19:00,1.02628,1.02628,1.02628,1.02628,12
2025-01-02T22:20:00,1.02628,1.02628,1.02628,1.02628,3
2025-01-02T22:21:00,1.02628,1.02628,1.02628,1.02628,2.25
2025-01-02T22:22:00,1.02628,1.02628,1.02628,1.02628,0.75
2025-01-02T22:23:00,1.02628,1.02628,1.02628,1.02628,7.5
2025-01-02T22:24:00,1.02628,1.02628,1.02628,1.02628,11.25
2025-01-02T22:25:00,1.02628,1.0265,1.02628,1.0265,8.09999990463257
2025-01-02T22:26:00,1.0265,1.02659,1.02649,1.02657,32.3999992609024
2025-01-02T22:27:00,1.02658,1.02661,1.02658,1.02661,8.99999976158142
2025-01-02T22:28:00,1.02661,1.02663,1.02659,1.02661,17.0999995470047
2025-01-02T22:29:00,1.02662,1.02663,1.02655,1.02655,5.79999986290932
2025-01-02T22:30:00,1.02655,1.02655,1.02654,1.02654,1.29999998211861
2025-01-02T22:31:00,1.02654,1.02654,1.02654,1.02654,0.449999988079071
2025-01-02T22:32:00,1.02654,1.02654,1.02654,1.02654,19.3499994874001
2025-01-02T22:33:00,1.02654,1.02654,1.02654,1.02654,50.3999999761581
2025-01-02T22:34:00,1.02654,1.02654,1.02654,1.02654,17.1000001430511
2025-01-02T22:35:00,1.02654,1.02655,1.02653,1.02653,19.119999974966
2025-01-02T22:36:00,1.0265,1.02652,1.0265,1.0265,89.0999976396561
2025-01-02T22:37:00,1.02651,1.02652,1.0265,1.02651,360.670000314713
2025-01-02T22:38:00,1.0265,1.02658,1.0265,1.0265,245.789997220039
2025-01-02T22:39:00,1.02652,1.02652,1.0265,1.0265,194.339995265007
2025-01-02T22:40:00,1.0265,1.02652,1.02649,1.02651,152.339996188879
2025-01-02T22:41:00,1.0265,1.02656,1.0265,1.02651,185.57999637723
2025-01-02T22:42:00,1.02652,1.02661,1.0265,1.0266,209.659996002913
2025-01-02T22:43:00,1.02659,1.0266,1.02651,1.02651,20.2499997615814
2025-01-02T22:44:00,1.02651,1.02651,1.02651,1.02651,4.94999980926514
2025-01-02T22:45:00,1.02653,1.02653,1.02651,1.02651,3.60000002384186
2025-01-02T22:46:00,1.02655,1.02657,1.02654,1.02654,5.39999997615814
2025-01-02T22:47:00,1.02661,1.02664,1.02655,1.02656,11.6999996900558
2025-01-02T22:48:00,1.02662,1.02666,1.02656,1.02658,17.0699995756149
2025-01-02T22:49:00,1.02658,1.02665,1.02658,1.02665,10.5199997723103
2025-01-02T22:50:00,1.02664,1.02666,1.02657,1.02658,31.6599992215633
2025-01-02T22:52:00,1.02659,1.02659,1.02659,1.02659,0.899999976158142
2025-01-02T22:53:00,1.02659,1.02659,1.02659,1.02659,0.899999976158142
2025-01-02T22:54:00,1.02662,1.02663,1.02659,1.02659,11.6999996900558
2025-01-02T22:55:00,1.02663,1.02663,1.02659,1.02661,20.6999994516373
2025-01-02T22:56:00,1.0266,1.02663,1.02657,1.02662,17.7599995434284
2025-01-02T22:57:00,1.02661,1.02663,1.02657,1.02657,28.9799993634224
2025-01-02T22:58:00,1.02657,1.02657,1.02655,1.02655,7.85999980568886
2025-01-02T22:59:00,1.02655,1.02655,1.02643,1.02651,57.1499990820885
2025-01-02T23:00:00,1.0265,1.0267,1.02646,1.02652,160.199998319149
2025-01-02T23:01:00,1.02652,1.02652,1.02647,1.02648,50.8499997854233
2025-01-02T23:02:00,1.02647,1.02657,1.02647,1.02656,34.2899997830391
2025-01-02T23:03:00,1.02655,1.0266,1.02653,1.0266,8.55000007152557
2025-01-02T23:04:00,1.02661,1.02661,1.0266,1.02661,10.8000000119209
2025-01-02T23:05:00,1.02661,1.02661,1.02653,1.02653,14.8500001430511
2025-01-02T23:06:00,1.02654,1.02658,1.02654,1.02658,2.69999992847443
2025-01-02T23:07:00,1.02658,1.02659,1.02658,1.02659,4.5
2025-01-02T23:08:00,1.02658,1.02665,1.02658,1.02664,15.2999999523163
2025-01-02T23:09:00,1.02665,1.02665,1.02663,1.02663,6.75000005960464
2025-01-02T23:10:00,1.02663,1.02665,1.02661,1.02664,23.4900002479553
2025-01-02T23:11:00,1.02665,1.02666,1.02662,1.02665,24.3000001311302
2025-01-02T23:12:00,1.02664,1.02665,1.02662,1.02664,22.9499996900558
2025-01-02T23:13:00,1.02665,1.02665,1.02664,1.02665,16.6500000953674
2025-01-02T23:14:00,1.02666,1.0267,1.02662,1.02665,41.8500001430511
2025-01-02T23:15:00,1.02665,1.02665,1.02663,1.02664,11.6999998092651
2025-01-02T23:16:00,1.02664,1.0267,1.02664,1.02668,20.2899996042252
2025-01-02T23:17:00,1.02668,1.02672,1.02664,1.02668,35.9999992847443
2025-01-02T23:18:00,1.02668,1.02669,1.02665,1.02665,9.89999973773956
2025-01-02T23:19:00,1.02665,1.02667,1.02664,1.02665,54.4699996709824
2025-01-02T23:20:00,1.02664,1.02668,1.02664,1.02668,8.09999990463257
2025-01-02T23:21:00,1.02669,1.02669,1.02668,1.02668,3.60000002384186
2025-01-02T23:22:00,1.02667,1.02667,1.02665,1.02665,10.3500002026558
2025-01-02T23:23:00,1.02664,1.02666,1.02655,1.02658,49.1799999475479
2025-01-02T23:24:00,1.02657,1.02658,1.02648,1.02649,45.4500000476837
2025-01-02T23:25:00,1.02651,1.02655,1.02649,1.02655,52.6500004529953
2025-01-02T23:26:00,1.02654,1.02654,1.02652,1.02654,31.9500000476837
2025-01-02T23:27:00,1.02654,1.02659,1.02653,1.02659,20.6999996900558
2025-01-02T23:28:00,1.02658,1.02661,1.02657,1.02659,41.8499995470047
2025-01-02T23:29:00,1.02661,1.02662,1.0266,1.02662,26.7699999660254
2025-01-02T23:30:00,1.02662,1.02664,1.02659,1.02659,28.0099998563528
2025-01-02T23:31:00,1.02657,1.02657,1.02655,1.02656,59.9400000572205
2025-01-02T23:32:00,1.02654,1.02654,1.02652,1.02652,12.599999666214
2025-01-02T23:33:00,1.02653,1.02653,1.02652,1.02652,4.94999992847443
2025-01-02T23:34:00,1.02654,1.02654,1.02652,1.02653,7.19999980926514
2025-01-02T23:35:00,1.02652,1.02652,1.02652,1.02652,2.25
2025-01-02T23:36:00,1.02653,1.02653,1.02649,1.0265,11.6999996900558
2025-01-02T23:37:00,1.02649,1.0265,1.02649,1.0265,13.1399999856949
2025-01-02T23:38:00,1.02649,1.02649,1.02649,1.02649,10.4400000572205
2025-01-02T23:39:00,1.0265,1.02651,1.02649,1.0265,23.8500003814697
2025-01-02T23:40:00,1.0265,1.02661,1.02649,1.02659,29.4599997922778
2025-01-02T23:41:00,1.02658,1.0266,1.02656,1.02656,42.300000667572
2025-01-02T23:42:00,1.02657,1.02658,1.02654,1.02657,33.7499995231628
2025-01-02T23:43:00,1.02657,1.02659,1.02657,1.02659,6.75
2025-01-02T23:44:00,1.02659,1.02659,1.02657,1.02657,7.64999973773956
2025-01-02T23:45:00,1.02657,1.02658,1.02653,1.02653,43.0500002503395
2025-01-02T23:46:00,1.02654,1.02657,1.02652,1.02653,43.2000002861023
2025-01-02T23:47:00,1.02654,1.02657,1.02653,1.02657,60.2999995946884
2025-01-02T23:48:00,1.02656,1.02659,1.02656,1.02659,43.290000140667
2025-01-02T23:49:00,1.02659,1.02661,1.02659,1.02661,16.9199999570847
2025-01-02T23:50:00,1.02662,1.02667,1.02661,1.02667,21.4799998998642
2025-01-02T23:52:00,1.02666,1.02669,1.02666,1.02669,22.9399996548891
2025-01-02T23:53:00,1.0267,1.02676,1.02669,1.02676,18.9200001060963
2025-01-02T23:54:00,1.02677,1.0268,1.02676,1.0268,17.1399998441339
2025-01-02T23:55:00,1.02679,1.02679,1.02677,1.02678,13.4099998474121
2025-01-02T23:56:00,1.02679,1.02679,1.02674,1.02674,12.599999666214
2025-01-02T23:57:00,1.02673,1.02674,1.02673,1.02673,4.67999994754791
2025-01-02T23:58:00,1.02672,1.02677,1.02672,1.02676,9.50999995321035
2025-01-02T23:59:00,1.02676,1.02679,1.02676,1.02678,1.70999999344349
2025-01-03T00:00:00,1.02679,1.02679,1.02673,1.02673,6.06000003218651
2025-01-03T00:01:00,1.02672,1.02681,1.02672,1.02678,22.1099995002151
2025-01-03T00:02:00,1.02679,1.02692,1.02677,1.0269,73.1099992319942
2025-01-03T00:03:00,1.02691,1.02692,1.02675,1.02678,41.8699994087219
2025-01-03T00:04:00,1.02677,1.0268,1.02672,1.02677,36.5399993062019
2025-01-03T00:05:00,1.02679,1.02679,1.02673,1.02673,8.99999976158142
2025-01-03T00:06:00,1.02674,1.02678,1.02673,1.02678,9.89999985694885
2025-01-03T00:07:00,1.02677,1.02679,1.02677,1.02679,7.19999992847443
2025-01-03T00:08:00,1.02679,1.02687,1.02672,1.02674,98.0099991559982
2025-01-03T00:09:00,1.02676,1.02682,1.02674,1.02678,38.5499993488193
2025-01-03T00:10:00,1.02678,1.02678,1.02667,1.02671,74.5399992465973
2025-01-03T00:11:00,1.02672,1.02677,1.02671,1.02676,75.7799993753433
2025-01-03T00:12:00,1.02677,1.02678,1.02667,1.02673,38.0699998140335
2025-01-03T00:13:00,1.02674,1.02674,1.02673,1.02673,1.79999995231628
2025-01-03T00:14:00,1.02672,1.02672,1.02663,1.02664,25.0499994680285
2025-01-03T00:15:00,1.02663,1.02664,1.02659,1.02662,36.6599998325109
2025-01-03T00:16:00,1.02663,1.02667,1.02659,1.02667,66.7700000852346
2025-01-03T00:17:00,1.02668,1.02677,1.02667,1.02672,70.3199994266033
2025-01-03T00:18:00,1.02673,1.02674,1.02672,1.02672,10.4699999019504
2025-01-03T00:19:00,1.02673,1.02673,1.02667,1.02672,30.3600002452731
2025-01-03T00:20:00,1.02672,1.02673,1.02664,1.02664,28.5299996137619
2025-01-03T00:21:00,1.02666,1.02667,1.02666,1.02666,27.5999995321035
2025-01-03T00:22:00,1.02667,1.02672,1.02667,1.0267,5.84999995678663
2025-01-03T00:23:00,1.02668,1.0267,1.02664,1.0267,24.8699994012713
2025-01-03T00:24:00,1.02671,1.02673,1.02668,1.02673,16.5899997875094
2025-01-03T00:25:00,1.02671,1.02674,1.02668,1.02668,29.5199999809265
2025-01-03T00:26:00,1.02667,1.02672,1.02667,1.02671,36.2699997425079
2025-01-03T00:27:00,1.02672,1.02682,1.02672,1.02682,42.9599993154407
2025-01-03T00:28:00,1.02681,1.02681,1.02678,1.02678,19.9799997806549
2025-01-03T00:29:00,1.02678,1.02678,1.02674,1.02675,19.4399999380112
2025-01-03T00:30:00,1.02676,1.02679,1.02676,1.02679,9.21000003069639
2025-01-03T00:31:00,1.0268,1.02689,1.02678,1.02689,79.2000000476837
2025-01-03T00:32:00,1.02691,1.02691,1.02688,1.02688,8.09999978542328
2025-01-03T00:33:00,1.02687,1.02688,1.02686,1.02688,22.9499995708466
2025-01-03T00:34:00,1.02687,1.02687,1.02684,1.02684,47.0700002908707
2025-01-03T00:35:00,1.02685,1.02691,1.02685,1.02688,24.1499994918704
2025-01-03T00:36:00,1.02688,1.02689,1.02683,1.02684,19.7999999523163
2025-01-03T00:37:00,1.02686,1.02687,1.02686,1.02686,14.5799999237061
2025-01-03T00:38:00,1.02686,1.02687,1.02673,1.02678,43.1999990940094
2025-01-03T00:39:00,1.02679,1.02685,1.02679,1.02683,26.1199998855591
2025-01-03T00:40:00,1.02684,1.02684,1.02679,1.02683,36.4499995112419
2025-01-03T00:41:00,1.02683,1.02685,1.0268,1.02684,29.3399996757507
2025-01-03T00:42:00,1.02685,1.02689,1.02685,1.02689,10.0799999237061
2025-01-03T00:43:00,1.02689,1.02691,1.02687,1.02691,30.6000006198883
2025-01-03T00:44:00,1.0269,1.02691,1.02687,1.02691,34.6499996185303
2025-01-03T00:45:00,1.02692,1.02696,1.0269,1.02695,16.1999995708466
2025-01-03T00:46:00,1.02696,1.02697,1.02696,1.02697,5.39999997615814
2025-01-03T00:47:00,1.02698,1.02698,1.02696,1.02697,12.7799998521805
2025-01-03T00:48:00,1.02698,1.02711,1.02698,1.02708,21.5999995470047
2025-01-03T00:49:00,1.02708,1.02716,1.02707,1.02716,13.1999999433756
2025-01-03T00:50:00,1.02717,1.02719,1.02717,1.02717,6.15000002086163
2025-01-03T00:51:00,1.02718,1.02718,1.02715,1.02715,17.5199996083975
2025-01-03T00:52:00,1.02716,1.02722,1.02716,1.02721,22.9499995708466
2025-01-03T00:53:00,1.0272,1.02721,1.02717,1.02718,15.1399998664856
2025-01-03T00:54:00,1.02717,1.02717,1.02711,1.02713,22.0499995946884
2025-01-03T00:55:00,1.02713,1.02719,1.02711,1.02716,32.5199992582202
2025-01-03T00:56:00,1.02715,1.02725,1.02713,1.02721,37.8199993371964
2025-01-03T00:57:00,1.02721,1.02729,1.02721,1.02728,42.0599994584918
2025-01-03T00:58:00,1.02729,1.02733,1.02728,1.02733,55.3799995183945
2025-01-03T00:59:00,1.02733,1.02734,1.02728,1.02729,51.1199990808964
2025-01-03T01:00:00,1.02728,1.02728,1.02713,1.02719,82.1699992418289
2025-01-03T01:01:00,1.02719,1.02719,1.0271,1.02711,73.919999115169
2025-01-03T01:02:00,1.0271,1.0271,1.02702,1.02705,34.9700001329184
2025-01-03T01:03:00,1.02705,1.02708,1.02702,1.02704,39.71999964118
2025-01-03T01:04:00,1.02706,1.02709,1.02701,1.02703,32.5799995660782
2025-01-03T01:05:00,1.02703,1.02712,1.02702,1.02709,33.4099998250604
2025-01-03T01:06:00,1.02708,1.0271,1.02706,1.02709,17.6099999397993
2025-01-03T01:07:00,1.0271,1.02724,1.02709,1.02723,37.9199997261167
2025-01-03T01:08:00,1.02724,1.02724,1.02717,1.02719,18.899999499321
2025-01-03T01:09:00,1.02718,1.02718,1.02712,1.02715,28.4399995803833
2025-01-03T01:10:00,1.02715,1.02715,1.02711,1.02714,31.439999692142
2025-01-03T01:11:00,1.02714,1.02714,1.02701,1.02701,48.5999987125397
2025-01-03T01:12:00,1.02702,1.02702,1.0269,1.02692,55.0099994540215
2025-01-03T01:13:00,1.02691,1.02693,1.02689,1.02692,21.2399995923042
2025-01-03T01:14:00,1.02691,1.02697,1.0269,1.02693,26.639999628067
2025-01-03T01:15:00,1.02695,1.02708,1.02695,1.02708,38.6399996206164
2025-01-03T01:16:00,1.02708,1.02709,1.02701,1.02702,18.0899996757507
2025-01-03T01:17:00,1.02701,1.02709,1.02701,1.02708,14.849999666214
2025-01-03T01:18:00,1.02709,1.02709,1.02704,1.02704,22.6799997091293
2025-01-03T01:19:00,1.02703,1.02709,1.02702,1.02707,43.2899992465973
2025-01-03T01:20:00,1.02706,1.0271,1.02702,1.0271,30.8699992895126
2025-01-03T01:21:00,1.02711,1.02717,1.02709,1.0271,32.7899994775653
2025-01-03T01:22:00,1.0271,1.0271,1.02703,1.02706,21.599999666214
2025-01-03T01:23:00,1.02705,1.02705,1.02681,1.02681,91.530000269413
2025-01-03T01:24:00,1.02682,1.02683,1.02677,1.02678,36.7199996709824
2025-01-03T01:25:00,1.02679,1.02679,1.02675,1.02677,25.1999995708466
2025-01-03T01:26:00,1.02675,1.02679,1.02675,1.02676,33.2999993562698
2025-01-03T01:27:00,1.02674,1.02676,1.02673,1.02673,10.3699998855591
2025-01-03T01:28:00,1.02674,1.02674,1.02671,1.02674,13.4999997615814
2025-01-03T01:29:00,1.02676,1.02684,1.02676,1.02683,22.5899995565414
2025-01-03T01:30:00,1.02684,1.02684,1.02674,1.02679,21.599999666214
2025-01-03T01:31:00,1.02682,1.02683,1.02673,1.02678,56.2200002521276
2025-01-03T01:32:00,1.02678,1.02683,1.02678,1.02683,8.1599999293685
2025-01-03T01:33:00,1.02683,1.02687,1.02682,1.02687,11.4600001052022
2025-01-03T01:34:00,1.02688,1.02694,1.02688,1.02692,49.9699995517731
2025-01-03T01:35:00,1.02693,1.02701,1.02693,1.02694,50.0399993658066
2025-01-03T01:36:00,1.02694,1.02694,1.02682,1.02682,65.9899996519089
2025-01-03T01:37:00,1.02683,1.02687,1.02682,1.02682,68.849999666214
2025-01-03T01:38:00,1.02682,1.02682,1.02677,1.0268,66.5999999046326
2025-01-03T01:39:00,1.0268,1.02691,1.0268,1.02689,35.0999995470047
2025-01-03T01:40:00,1.02689,1.0269,1.02683,1.02688,49.9499992728233
2025-01-03T01:41:00,1.02689,1.0269,1.02682,1.02682,22.4999998807907
2025-01-03T01:42:00,1.02681,1.02683,1.0268,1.02683,19.3499995470047
2025-01-03T01:43:00,1.02682,1.02682,1.02676,1.02679,33.299999833107
2025-01-03T01:44:00,1.0268,1.02687,1.0268,1.0268,29.3799995183945
2025-01-03T01:45:00,1.0268,1.02682,1.02679,1.02679,29.699999332428
2025-01-03T01:46:00,1.02679,1.02683,1.02676,1.02678,17.5499995946884
2025-01-03T01:47:00,1.02679,1.02687,1.02677,1.02683,28.799999833107
2025-01-03T01:48:00,1.02682,1.02689,1.02682,1.02687,41.3999993801117
2025-01-03T01:49:00,1.02688,1.02691,1.02688,1.02689,22.5199993848801
2025-01-03T01:50:00,1.02686,1.02686,1.02676,1.02679,41.3999997377396
2025-01-03T01:51:00,1.02677,1.02684,1.02677,1.02684,10.5300000458956
2025-01-03T01:52:00,1.02682,1.02682,1.02678,1.02678,6.29999995231628
2025-01-03T01:53:00,1.0268,1.0268,1.02673,1.02673,9.98999977111816
2025-01-03T01:54:00,1.02674,1.02681,1.02669,1.02679,44.999999165535
2025-01-03T01:55:00,1.02678,1.02678,1.02673,1.02678,23.4899997711182
2025-01-03T01:56:00,1.02679,1.02679,1.02673,1.02678,36.4499998092651
2025-01-03T01:57:00,1.02676,1.02681,1.02665,1.02676,78.7499999403954
2025-01-03T01:58:00,1.02675,1.02677,1.02669,1.02669,79.6499996185303
2025-01-03T01:59:00,1.0267,1.02677,1.0267,1.02674,76.9499992132187
2025-01-03T02:00:00,1.02674,1.02688,1.02668,1.02688,58.8599992394447
2025-01-03T02:01:00,1.02689,1.0269,1.02683,1.02688,31.9799996316433
2025-01-03T02:02:00,1.02688,1.02688,1.02681,1.02683,45.9599997401237
2025-01-03T02:03:00,1.02682,1.02703,1.02682,1.02703,47.3099999278784
2025-01-03T02:04:00,1.02704,1.02716,1.02704,1.02716,31.0499997138977
2025-01-03T02:05:00,1.02715,1.02717,1.02698,1.02698,43.1999989748001
2025-01-03T02:06:00,1.02696,1.02696,1.02691,1.02692,44.0999990701675
2025-01-03T02:07:00,1.02693,1.02697,1.02692,1.02692,19.3499997258186
2025-01-03T02:08:00,1.02691,1.02694,1.02691,1.02693,15.9599996730685
2025-01-03T02:09:00,1.02693,1.02698,1.02689,1.0269,66.1799990460277
2025-01-03T02:10:00,1.0269,1.02694,1.0269,1.02694,55.6199996471405
2025-01-03T02:11:00,1.02694,1.027,1.02693,1.02694,39.5599996969104
2025-01-03T02:12:00,1.02693,1.02702,1.02692,1.02702,44.5799991413951
2025-01-03T02:13:00,1.02702,1.02704,1.02696,1.02697,48.5999997854233
2025-01-03T02:14:00,1.02698,1.02698,1.02694,1.02696,118.819999814034
2025-01-03T02:15:00,1.02695,1.02708,1.02695,1.02707,61.6499993801117
2025-01-03T02:16:00,1.02707,1.02709,1.02706,1.02707,29.6999996900558
2025-01-03T02:17:00,1.02707,1.02708,1.02702,1.02703,30.1699996590614
2025-01-03T02:18:00,1.02704,1.02705,1.02692,1.02692,47.699999332428
2025-01-03T02:19:00,1.02691,1.02693,1.02684,1.02688,82.3899992704391
2025-01-03T02:20:00,1.02688,1.02691,1.0268,1.02682,51.33999979496
2025-01-03T02:21:00,1.02681,1.02683,1.02679,1.02683,55.8399996757507
2025-01-03T02:22:00,1.02684,1.02686,1.02681,1.02681,48.5999991893768
2025-01-03T02:23:00,1.02681,1.02692,1.02676,1.0269,61.1099991202354
2025-01-03T02:24:00,1.02691,1.02691,1.02686,1.02689,63.2699991464615
2025-01-03T02:25:00,1.0269,1.02695,1.02689,1.02694,24.2999997138977
2025-01-03T02:26:00,1.02697,1.02697,1.02693,1.02694,8.09999990463257
2025-01-03T02:27:00,1.02697,1.02697,1.02693,1.02693,35.2099999189377
2025-01-03T02:28:00,1.02698,1.02708,1.02698,1.02702,42.179999910295
2025-01-03T02:29:00,1.02702,1.02713,1.02698,1.02713,48.9299998879433
2025-01-03T02:30:00,1.02716,1.02718,1.02714,1.02715,41.0099997967482
2025-01-03T02:31:00,1.02714,1.02721,1.02714,1.02719,62.0099989771843
2025-01-03T02:32:00,1.02719,1.02719,1.02718,1.02718,20.7899997234344
2025-01-03T02:33:00,1.02718,1.02723,1.02718,1.0272,15.9300000071526
2025-01-03T02:34:00,1.02719,1.02721,1.0271,1.02712,31.7699998021126
2025-01-03T02:35:00,1.02711,1.02711,1.02709,1.02709,31.66999989748
2025-01-03T02:36:00,1.0271,1.02715,1.0271,1.02713,19.799999833107
2025-01-03T02:37:00,1.02714,1.02714,1.02711,1.02711,18.8999998569489
2025-01-03T02:38:00,1.0271,1.02714,1.02703,1.02712,48.1499996185303
2025-01-03T02:39:00,1.02711,1.02717,1.02711,1.02713,17.7299997806549
2025-01-03T02:40:00,1.02713,1.02717,1.02712,1.02717,29.6999996900558
2025-01-03T02:41:00,1.02716,1.02717,1.02715,1.02717,8.09999990463257
2025-01-03T02:42:00,1.02716,1.02716,1.02716,1.02716,2.78999996185303
2025-01-03T02:43:00,1.02717,1.02717,1.02713,1.02716,19.9799996614456
2025-01-03T02:44:00,1.02717,1.02718,1.02717,1.02717,9.98999989032745
2025-01-03T02:45:00,1.02717,1.02723,1.02717,1.02719,71.4599999189377
2025-01-03T02:46:00,1.02717,1.02717,1.02712,1.02715,41.8499993085861
2025-01-03T02:47:00,1.02714,1.02725,1.02714,1.02719,31.1399992704391
2025-01-03T02:48:00,1.0272,1.02741,1.02719,1.02728,59.5199992582202
2025-01-03T02:49:00,1.02728,1.02742,1.0272,1.02742,59.5199993774295
2025-01-03T02:50:00,1.02742,1.02745,1.0274,1.02744,59.2799994945526
2025-01-03T02:51:00,1.02743,1.02744,1.0274,1.0274,34.3799993991852
2025-01-03T02:52:00,1.02739,1.0274,1.02738,1.0274,31.9499999284744
2025-01-03T02:53:00,1.02739,1.02741,1.02739,1.0274,13.8899997398257
2025-01-03T02:54:00,1.02741,1.02743,1.02741,1.02741,11.8499998673797
2025-01-03T02:55:00,1.0274,1.0274,1.02735,1.02735,9.69000022113323
2025-01-03T02:56:00,1.02735,1.02735,1.02726,1.02727,33.3299996182323
2025-01-03T02:57:00,1.02728,1.02735,1.0272,1.0272,58.4999992251396
2025-01-03T02:58:00,1.02721,1.02724,1.0272,1.02723,36.5999994128942
2025-01-03T02:59:00,1.02723,1.02724,1.02722,1.02722,15.2999997138977
2025-01-03T03:00:00,1.02723,1.02727,1.02723,1.02725,21.6000001430511
2025-01-03T03:01:00,1.02723,1.02724,1.02717,1.02719,16.6299995779991
2025-01-03T03:02:00,1.02718,1.02718,1.02715,1.02718,10.7999999523163
2025-01-03T03:03:00,1.02719,1.02725,1.02719,1.02724,22.4999995231628
2025-01-03T03:04:00,1.02722,1.02722,1.0272,1.02722,17.9999998807907
2025-01-03T03:05:00,1.02723,1.02724,1.02723,1.02724,1.79999995231628
2025-01-03T03:06:00,1.02723,1.02724,1.02723,1.02724,1.79999995231628
2025-01-03T03:07:00,1.02724,1.02724,1.02719,1.0272,19.8899998664856
2025-01-03T03:08:00,1.02721,1.02727,1.02721,1.02726,35.5499997138977
2025-01-03T03:09:00,1.02726,1.02726,1.02721,1.02721,12.1499998569489
2025-01-03T03:10:00,1.02722,1.02724,1.02721,1.02721,26.9999992847443
2025-01-03T03:11:00,1.02722,1.02722,1.02718,1.0272,30.3299995660782
2025-01-03T03:12:00,1.02721,1.02724,1.0272,1.02721,10.6500000879169
2025-01-03T03:13:00,1.02719,1.02722,1.02716,1.0272,37.9499996751547
2025-01-03T03:14:00,1.0272,1.02725,1.02719,1.02719,45.4499999433756
2025-01-03T03:15:00,1.02718,1.02719,1.02712,1.02714,31.1399998664856
2025-01-03T03:16:00,1.02712,1.02715,1.02712,1.02714,11.6999998092651
2025-01-03T03:17:00,1.02714,1.02714,1.02713,1.02714,8.09999990463257
2025-01-03T03:18:00,1.02713,1.02713,1.02705,1.02705,13.4999997615814
2025-01-03T03:19:00,1.02707,1.02724,1.02706,1.02718,100.31999990344
2025-01-03T03:20:00,1.02718,1.02719,1.02711,1.02712,33.7499998807907
2025-01-03T03:21:00,1.02711,1.02711,1.02707,1.02708,33.2999997138977
2025-01-03T03:22:00,1.02709,1.02711,1.02708,1.0271,32.8499993085861
2025-01-03T03:23:00,1.0271,1.0271,1.02708,1.02709,10.7999997138977
2025-01-03T03:24:00,1.0271,1.02724,1.02709,1.02724,52.6799992248416
2025-01-03T03:25:00,1.02723,1.02725,1.02719,1.02722,44.9999996423721
2025-01-03T03:26:00,1.02723,1.02734,1.02719,1.02734,58.5899994373322
2025-01-03T03:27:00,1.02735,1.02735,1.02721,1.02728,71.1599994748831
2025-01-03T03:28:00,1.02729,1.02743,1.02729,1.02743,52.2299995943904
2025-01-03T03:29:00,1.02742,1.02742,1.02733,1.02735,68.9399999380112
2025-01-03T03:30:00,1.02738,1.02739,1.02734,1.02735,19.889999628067
2025-01-03T03:31:00,1.02734,1.02734,1.0273,1.02733,20.9699998497963
2025-01-03T03:32:00,1.02732,1.02732,1.02722,1.02726,31.4999996423721
2025-01-03T03:33:00,1.02725,1.02725,1.02722,1.02724,11.4299998283386
2025-01-03T03:34:00,1.02723,1.02723,1.0271,1.02711,47.8199995681643
2025-01-03T03:35:00,1.02711,1.02711,1.02706,1.02707,49.0499995946884
2025-01-03T03:36:00,1.02708,1.02711,1.02708,1.02711,18.899999499321
2025-01-03T03:37:00,1.02712,1.02715,1.02712,1.02714,17.9999996423721
2025-01-03T03:38:00,1.02715,1.02715,1.02714,1.02714,15.2999999523163
2025-01-03T03:39:00,1.02714,1.02717,1.02714,1.02717,14.3999996185303
2025-01-03T03:40:00,1.02718,1.02719,1.02715,1.02715,17.9999996423721
2025-01-03T03:41:00,1.02715,1.02716,1.02714,1.02714,24.2999995946884
2025-01-03T03:42:00,1.02714,1.02715,1.02711,1.02713,18.1799999475479
2025-01-03T03:43:00,1.02714,1.02715,1.02714,1.02714,9.89999973773956
2025-01-03T03:44:00,1.02715,1.02716,1.02714,1.02716,9.98999989032745
2025-01-03T03:45:00,1.02716,1.02716,1.02708,1.02708,20.099999897182
2025-01-03T03:46:00,1.02706,1.02708,1.02702,1.02704,33.2999994754791
2025-01-03T03:47:00,1.02704,1.02707,1.02704,1.02706,20.700000166893
2025-01-03T03:48:00,1.02704,1.02704,1.02699,1.027,34.6499993801117
2025-01-03T03:49:00,1.02701,1.02705,1.02701,1.02703,45.4499989748001
2025-01-03T03:50:00,1.02702,1.02708,1.02702,1.02704,17.0999995470047
2025-01-03T03:51:00,1.02704,1.02704,1.02701,1.02701,27.3599997758865
2025-01-03T03:52:00,1.02702,1.02702,1.02696,1.02699,21.6899995803833
2025-01-03T03:53:00,1.02698,1.02706,1.02698,1.02706,33.7499998211861
2025-01-03T03:54:00,1.02706,1.02707,1.02705,1.02705,15.2999995946884
2025-01-03T03:55:00,1.02706,1.02706,1.02703,1.02703,38.6999995708466
2025-01-03T03:56:00,1.02702,1.02702,1.02696,1.02696,23.849999666214
2025-01-03T03:57:00,1.02696,1.02698,1.02687,1.02687,37.0199998542666
2025-01-03T03:58:00,1.02688,1.02707,1.02688,1.02707,40.9799992740154
2025-01-03T03:59:00,1.02707,1.02712,1.02705,1.02707,46.5599994584918
2025-01-03T04:00:00,1.02706,1.02709,1.027,1.02703,36.8999996185303
2025-01-03T04:01:00,1.02703,1.02703,1.02698,1.02699,21.5999997854233
2025-01-03T04:02:00,1.027,1.027,1.02699,1.02699,10.7999999523163
2025-01-03T04:03:00,1.027,1.02704,1.027,1.02703,18.4500000476837
2025-01-03T04:04:00,1.02703,1.02703,1.02701,1.02702,11.6999996900558
2025-01-03T04:05:00,1.02702,1.02702,1.02692,1.02694,38.6999994516373
2025-01-03T04:06:00,1.02693,1.02693,1.02688,1.02689,21.1500000953674
2025-01-03T04:07:00,1.0269,1.0269,1.02679,1.02679,31.5899995565414
2025-01-03T04:08:00,1.02678,1.02682,1.02675,1.02682,31.2299997806549
2025-01-03T04:09:00,1.02681,1.02686,1.02681,1.02685,10.3499999642372
2025-01-03T04:10:00,1.02688,1.02689,1.0268,1.02681,23.1299996972084
2025-01-03T04:11:00,1.02681,1.02681,1.02679,1.02679,4.04999989271164
2025-01-03T04:12:00,1.02683,1.02686,1.02682,1.02685,23.129999935627
2025-01-03T04:13:00,1.02685,1.02685,1.02684,1.02685,5.85000002384186
2025-01-03T04:14:00,1.02687,1.02694,1.02687,1.02693,22.1399994492531
2025-01-03T04:15:00,1.02694,1.02695,1.02694,1.02694,23.4899995326996
2025-01-03T04:16:00,1.02693,1.02693,1.0269,1.0269,6.29999995231628
2025-01-03T04:17:00,1.02689,1.02691,1.02688,1.02691,10.3499999046326
2025-01-03T04:18:00,1.02688,1.02695,1.02685,1.02695,28.8899995088577
2025-01-03T04:19:00,1.02694,1.02697,1.0269,1.02696,55.7999994754791
2025-01-03T04:20:00,1.02696,1.02696,1.02694,1.02694,5.39999985694885
2025-01-03T04:21:00,1.02694,1.02694,1.02683,1.02687,36.9899995326996
2025-01-03T04:22:00,1.02688,1.02688,1.02684,1.02685,40.3199994564056
2025-01-03T04:23:00,1.02685,1.02685,1.02676,1.02677,30.5999991893768
2025-01-03T04:24:00,1.02677,1.02677,1.02673,1.02674,16.1999998092651
2025-01-03T04:25:00,1.02675,1.02675,1.02671,1.02671,22.049999833107
2025-01-03T04:26:00,1.0267,1.0268,1.0267,1.02678,30.7200001403689
2025-01-03T04:27:00,1.02679,1.02682,1.02675,1.02679,53.7299998998642
2025-01-03T04:28:00,1.02679,1.02682,1.02677,1.02682,56.2800002023578
2025-01-03T04:29:00,1.02682,1.02688,1.02682,1.02688,20.6099997162819
2025-01-03T04:30:00,1.02689,1.0269,1.02688,1.02689,18.2699999809265
2025-01-03T04:31:00,1.02687,1.02687,1.02681,1.02681,22.0499997138977
2025-01-03T04:32:00,1.02681,1.02681,1.02681,1.02681,4.49999988079071
2025-01-03T04:33:00,1.02683,1.0269,1.02683,1.02689,24.5699995756149
2025-01-03T04:34:00,1.0269,1.02695,1.0269,1.02695,18.8999997377396
2025-01-03T04:35:00,1.02694,1.02697,1.02694,1.02696,24.2999993562698
2025-01-03T04:36:00,1.02696,1.02696,1.0269,1.0269,17.0999999046326
2025-01-03T04:37:00,1.0269,1.0269,1.02684,1.02687,18.5699998065829
2025-01-03T04:38:00,1.02686,1.02686,1.02683,1.02684,26.1899996995926
2025-01-03T04:39:00,1.02684,1.02691,1.02684,1.02691,11.4899998754263
2025-01-03T04:40:00,1.02691,1.02691,1.02688,1.02688,24.5699999928474
2025-01-03T04:41:00,1.02687,1.02687,1.02678,1.02679,39.7799997329712
2025-01-03T04:42:00,1.0268,1.0268,1.02679,1.02679,8.19000005722046
2025-01-03T04:43:00,1.02677,1.02677,1.02675,1.02675,33.3899993896484
2025-01-03T04:44:00,1.02676,1.02677,1.02675,1.02676,21.0599998235703
2025-01-03T04:45:00,1.02678,1.02679,1.02673,1.02675,36.8999997377396
2025-01-03T04:46:00,1.02676,1.02679,1.02676,1.02678,9.08999991416931
2025-01-03T04:47:00,1.02677,1.02681,1.02677,1.02681,15.389999628067
2025-01-03T04:48:00,1.0268,1.02685,1.0268,1.02681,32.6999996826053
2025-01-03T04:49:00,1.0268,1.02689,1.0268,1.02685,73.0799993276596
2025-01-03T04:50:00,1.02684,1.02689,1.02684,1.02687,33.3899993896484
2025-01-03T04:51:00,1.02686,1.02686,1.02685,1.02685,6.29999995231628
2025-01-03T04:52:00,1.02686,1.02689,1.02686,1.02689,8.09999978542328
2025-01-03T04:53:00,1.0269,1.0269,1.02686,1.02688,32.3999993801117
2025-01-03T04:54:00,1.02689,1.02689,1.02686,1.02686,24.7499995231628
2025-01-03T04:55:00,1.02687,1.02688,1.02682,1.02685,57.9599992036819
2025-01-03T04:56:00,1.02686,1.02688,1.02685,1.02687,33.479999423027
2025-01-03T04:57:00,1.02686,1.0269,1.02686,1.02689,31.4999994039536
2025-01-03T04:58:00,1.02689,1.02695,1.02689,1.02695,10.8899998664856
2025-01-03T04:59:00,1.02695,1.02697,1.02694,1.02695,33.7499998807907
2025-01-03T05:00:00,1.02696,1.02697,1.0269,1.0269,65.2799997255206
2025-01-03T05:01:00,1.0269,1.02692,1.02689,1.0269,61.6499996185303
2025-01-03T05:02:00,1.02689,1.02691,1.02687,1.0269,14.4899998903275
2025-01-03T05:03:00,1.02688,1.02697,1.02688,1.02692,85.7299983426929
2025-01-03T05:04:00,1.02691,1.02691,1.02688,1.0269,17.5699998140335
2025-01-03T05:05:00,1.02689,1.02697,1.02689,1.02691,71.209999859333
2025-01-03T05:06:00,1.0269,1.0269,1.02687,1.02687,17.939999692142
2025-01-03T05:07:00,1.02687,1.02689,1.02684,1.02689,18.2700002193451
2025-01-03T05:08:00,1.0269,1.0269,1.02674,1.02674,50.0399992242455
2025-01-03T05:09:00,1.02675,1.02677,1.02673,1.02676,11.4300001636147
2025-01-03T05:10:00,1.02675,1.02675,1.02674,1.02674,7.20000008493662
2025-01-03T05:11:00,1.02674,1.02676,1.02673,1.02675,12.2699999138713
2025-01-03T05:12:00,1.02675,1.02677,1.02673,1.02673,27.8399997279048
2025-01-03T05:13:00,1.02672,1.02672,1.02662,1.02666,46.8899995088577
2025-01-03T05:14:00,1.02668,1.0267,1.02661,1.02662,45.4499998092651
2025-01-03T05:15:00,1.02662,1.02662,1.02657,1.02658,22.4999996423721
2025-01-03T05:16:00,1.02657,1.02657,1.02655,1.02657,16.6500000953674
2025-01-03T05:17:00,1.02656,1.02657,1.02651,1.02654,36.0899990797043
2025-01-03T05:18:00,1.02654,1.02654,1.0265,1.0265,17.099999666214
2025-01-03T05:19:00,1.0265,1.02652,1.0265,1.02651,7.19999980926514
2025-01-03T05:20:00,1.02651,1.02651,1.02651,1.02651,3.59999990463257
2025-01-03T05:21:00,1.02651,1.02664,1.02646,1.02663,35.5499994158745
2025-01-03T05:22:00,1.02663,1.02689,1.02663,1.02687,38.2799997851253
2025-01-03T05:23:00,1.02687,1.02693,1.02686,1.0269,25.199999332428
2025-01-03T05:24:00,1.0269,1.027,1.0269,1.02698,24.7499996423721
2025-01-03T05:25:00,1.02699,1.02699,1.02696,1.02696,7.19999980926514
2025-01-03T05:26:00,1.02698,1.02706,1.02698,1.02706,21.5999994277954
2025-01-03T05:27:00,1.02707,1.0271,1.02706,1.02706,11.6999998092651
2025-01-03T05:28:00,1.02709,1.02716,1.02709,1.02715,15.3899997472763
2025-01-03T05:29:00,1.02714,1.02719,1.0271,1.02716,29.8799996376038
2025-01-03T05:30:00,1.02718,1.02723,1.02718,1.02723,14.1299998760223
2025-01-03T05:31:00,1.02724,1.0273,1.02721,1.02729,45.4200004190207
2025-01-03T05:32:00,1.02729,1.02729,1.02723,1.02723,18.3599996566772
2025-01-03T05:33:00,1.02726,1.02726,1.02723,1.02726,14.1299998164177
2025-01-03T05:34:00,1.02727,1.02733,1.02726,1.02732,39.8399998396635
2025-01-03T05:35:00,1.02732,1.02732,1.02726,1.02726,12.7799999117851
2025-01-03T05:36:00,1.02727,1.02729,1.02722,1.02725,32.219999730587
2025-01-03T05:37:00,1.02724,1.02726,1.02724,1.02725,17.789999589324
2025-01-03T05:38:00,1.02727,1.02731,1.02726,1.02731,31.7699998617172
2025-01-03T05:39:00,1.02731,1.02736,1.02731,1.02734,11.0099999830127
2025-01-03T05:40:00,1.02734,1.02734,1.02721,1.02721,26.8499997779727
2025-01-03T05:41:00,1.02722,1.02725,1.02715,1.02716,47.6699994653463
2025-01-03T05:42:00,1.02718,1.02724,1.02716,1.0272,38.3999996036291
2025-01-03T05:43:00,1.02719,1.02719,1.02712,1.02717,40.0499995946884
2025-01-03T05:44:00,1.02717,1.02723,1.02716,1.02721,25.1999995708466
2025-01-03T05:45:00,1.02718,1.02718,1.02709,1.02716,57.999999165535
2025-01-03T05:46:00,1.02715,1.02719,1.02715,1.02719,27.9900000095367
2025-01-03T05:47:00,1.02718,1.02722,1.02718,1.02722,38.7899997234344
2025-01-03T05:48:00,1.02722,1.02724,1.02721,1.02721,55.4399998188019
2025-01-03T05:49:00,1.02723,1.02723,1.0272,1.0272,5.39999997615814
2025-01-03T05:50:00,1.02723,1.02723,1.0272,1.0272,41.8500003814697
2025-01-03T05:51:00,1.02719,1.02719,1.02716,1.02717,28.3499999046326
2025-01-03T05:52:00,1.02718,1.02718,1.02712,1.02712,13.9499998092651
2025-01-03T05:53:00,1.02714,1.02715,1.02697,1.02702,79.4699989557266
2025-01-03T05:54:00,1.02702,1.02702,1.02698,1.02702,54.4499992132187
2025-01-03T05:55:00,1.02701,1.02715,1.02701,1.02715,54.6599994599819
2025-01-03T05:56:00,1.02715,1.02716,1.02713,1.02715,15.1800001263618
2025-01-03T05:57:00,1.02716,1.0272,1.0271,1.02712,35.969999730587
2025-01-03T05:58:00,1.02715,1.02716,1.02712,1.02715,28.7999995946884
2025-01-03T05:59:00,1.02716,1.02718,1.02714,1.02717,31.5199995040894
2025-01-03T06:00:00,1.02717,1.02723,1.02717,1.0272,17.099999666214
2025-01-03T06:01:00,1.0272,1.02725,1.02718,1.02719,30.1499997377396
2025-01-03T06:02:00,1.0272,1.02728,1.0272,1.02727,21.5999995470047
2025-01-03T06:03:00,1.02727,1.02727,1.02723,1.02724,33.5699993371964
2025-01-03T06:04:00,1.02724,1.02726,1.0272,1.0272,74.9699989557266
2025-01-03T06:05:00,1.02718,1.02718,1.02715,1.02717,11.6999996900558
2025-01-03T06:06:00,1.02717,1.0272,1.02716,1.02719,28.7999995946884
2025-01-03T06:07:00,1.0272,1.02731,1.0272,1.0273,34.1999994516373
2025-01-03T06:08:00,1.02732,1.02733,1.0273,1.02732,28.9799993038177
2025-01-03T06:09:00,1.02733,1.02735,1.02731,1.02735,45.8999992609024
2025-01-03T06:10:00,1.02734,1.02735,1.02734,1.02735,30.5999995470047
2025-01-03T06:11:00,1.02738,1.0274,1.02736,1.0274,10.8899997472763
2025-01-03T06:12:00,1.02739,1.02746,1.02739,1.02745,31.4999997615814
2025-01-03T06:13:00,1.02744,1.02745,1.02741,1.02741,11.6999998092651
2025-01-03T06:14:00,1.0274,1.02744,1.02739,1.02742,31.3199999332428
2025-01-03T06:15:00,1.02743,1.02743,1.02738,1.02738,10.7999999523163
2025-01-03T06:16:00,1.02737,1.02744,1.02737,1.02744,34.6499993801117
2025-01-03T06:17:00,1.02744,1.02746,1.0274,1.02743,42.5099992677569
2025-01-03T06:18:00,1.02743,1.02745,1.02734,1.02735,25.649999499321
2025-01-03T06:19:00,1.02737,1.02746,1.02737,1.02746,45.7199997901917
2025-01-03T06:20:00,1.02745,1.02746,1.02745,1.02746,18.9000000953674
2025-01-03T06:21:00,1.02746,1.02746,1.02736,1.02739,21.5999999046326
2025-01-03T06:22:00,1.02739,1.02739,1.02737,1.02737,13.4999997615814
2025-01-03T06:23:00,1.02737,1.02737,1.02735,1.02736,7.19999980926514
2025-01-03T06:24:00,1.02736,1.02745,1.02736,1.02741,30.2699996307492
2025-01-03T06:25:00,1.02742,1.02743,1.02741,1.02743,17.9399998858571
2025-01-03T06:26:00,1.02743,1.02743,1.02738,1.0274,22.5899998545647
2025-01-03T06:27:00,1.02739,1.02742,1.02738,1.02741,11.6999996900558
2025-01-03T06:28:00,1.02741,1.02742,1.02741,1.02741,11.9699997901917
2025-01-03T06:29:00,1.02741,1.02742,1.02737,1.02737,13.67999958992
2025-01-03T06:30:00,1.02732,1.02736,1.02731,1.02735,29.9400000423193
2025-01-03T06:31:00,1.02734,1.02735,1.02726,1.02727,31.5299997851253
2025-01-03T06:32:00,1.02726,1.02734,1.02726,1.02731,27.8999997377396
2025-01-03T06:33:00,1.02732,1.02732,1.02727,1.02727,21.7799998521805
2025-01-03T06:34:00,1.02727,1.02729,1.02726,1.02729,16.1999995708466
2025-01-03T06:35:00,1.02729,1.02729,1.02722,1.02725,30.329999089241
2025-01-03T06:36:00,1.02725,1.02732,1.02725,1.0273,23.0399997234344
2025-01-03T06:37:00,1.02729,1.02732,1.02726,1.02732,39.7199994251132
2025-01-03T06:38:00,1.02733,1.02738,1.02733,1.02736,32.3999992609024
2025-01-03T06:39:00,1.02737,1.02737,1.02735,1.02735,13.5
2025-01-03T06:40:00,1.02736,1.02736,1.02731,1.02732,11.25
2025-01-03T06:41:00,1.02731,1.02734,1.02728,1.02728,35.1000000238419
2025-01-03T06:42:00,1.02729,1.0273,1.02724,1.0273,21.6899998188019
2025-01-03T06:43:00,1.02729,1.02731,1.02727,1.02729,40.0499994754791
2025-01-03T06:44:00,1.02732,1.02744,1.02732,1.0274,42.9299993664026
2025-01-03T06:45:00,1.02741,1.02744,1.02738,1.02738,26.1299994289875
2025-01-03T06:46:00,1.02737,1.02741,1.02736,1.0274,23.8200001940131
2025-01-03T06:47:00,1.02741,1.02742,1.02741,1.02742,6.20999997854233
2025-01-03T06:48:00,1.02742,1.02743,1.0274,1.02741,13.9799999520183
2025-01-03T06:49:00,1.0274,1.02749,1.02737,1.02749,41.7599995732307
2025-01-03T06:50:00,1.0275,1.02753,1.02744,1.02745,25.5299993604422
2025-01-03T06:51:00,1.02746,1.0276,1.02746,1.02758,58.4999990463257
2025-01-03T06:52:00,1.02759,1.02775,1.02759,1.02774,60.7499989271164
2025-01-03T06:53:00,1.02772,1.02776,1.02772,1.02775,44.0999991893768
2025-01-03T06:54:00,1.02775,1.02781,1.02774,1.02781,27.5399993658066
2025-01-03T06:55:00,1.02782,1.02785,1.0278,1.02785,41.5199997127056
2025-01-03T06:56:00,1.02785,1.02786,1.02775,1.02783,78.3599990457296
2025-01-03T06:57:00,1.02784,1.02793,1.02781,1.02791,40.4699995145202
2025-01-03T06:58:00,1.02792,1.02792,1.0278,1.02782,34.5299996584654
2025-01-03T06:59:00,1.02782,1.0279,1.02782,1.0279,14.5499997958541
2025-01-03T07:00:00,1.0279,1.02799,1.02774,1.02794,208.889998026192
2025-01-03T07:01:00,1.02794,1.02797,1.02781,1.02795,131.369999095798
2025-01-03T07:02:00,1.02795,1.02811,1.02793,1.02811,50.0099996551871
2025-01-03T07:03:00,1.0281,1.02815,1.02806,1.02814,67.6799995675683
2025-01-03T07:04:00,1.02813,1.02826,1.02811,1.02816,75.0299993976951
2025-01-03T07:05:00,1.02815,1.02815,1.02791,1.02791,95.6399999707937
2025-01-03T07:06:00,1.0279,1.02791,1.0277,1.02774,79.5899998471141
2025-01-03T07:07:00,1.02775,1.02776,1.02764,1.0277,61.6199989914894
2025-01-03T07:08:00,1.0277,1.02771,1.02765,1.0277,80.3099996969104
2025-01-03T07:09:00,1.0277,1.02782,1.02764,1.02768,121.409998655319
2025-01-03T07:10:00,1.02767,1.02769,1.0276,1.02768,40.5899994373322
2025-01-03T07:11:00,1.02768,1.02779,1.02767,1.02778,123.829998776317
2025-01-03T07:12:00,1.02779,1.02785,1.02772,1.0278,44.1899993419647
2025-01-03T07:13:00,1.0278,1.02804,1.02779,1.02796,83.9699982404709
2025-01-03T07:14:00,1.02797,1.02804,1.02797,1.02802,39.7799993753433
2025-01-03T07:15:00,1.02802,1.02816,1.02802,1.02812,60.2099991440773
2025-01-03T07:16:00,1.02812,1.02812,1.02783,1.02788,182.909997694194
2025-01-03T07:17:00,1.0279,1.02792,1.02715,1.02758,489.259994626045
2025-01-03T07:18:00,1.02758,1.02769,1.02734,1.02749,218.009997799993
2025-01-03T07:19:00,1.02748,1.02764,1.02729,1.02762,248.519999556243
2025-01-03T07:20:00,1.02761,1.02761,1.02711,1.02712,233.579998478293
2025-01-03T07:21:00,1.02712,1.02727,1.02687,1.02725,517.309997282922
2025-01-03T07:22:00,1.02726,1.0275,1.02723,1.0274,326.689999207854
2025-01-03T07:23:00,1.02739,1.02744,1.02724,1.02734,165.469998851418
2025-01-03T07:24:00,1.02737,1.02769,1.02737,1.02769,158.89999961853
2025-01-03T07:25:00,1.02769,1.02789,1.02767,1.02784,99.4099992513657
2025-01-03T07:26:00,1.02785,1.02806,1.02779,1.02797,194.399997591972
2025-01-03T07:27:00,1.02795,1.02795,1.02775,1.02779,109.829998657107
2025-01-03T07:28:00,1.0278,1.02798,1.02771,1.02796,110.279998570681
2025-01-03T07:29:00,1.02796,1.02796,1.02779,1.02782,105.769998863339
2025-01-03T07:30:00,1.02781,1.02808,1.02779,1.02808,115.079998455942
2025-01-03T07:31:00,1.02807,1.02815,1.02799,1.02804,135.359997749329
2025-01-03T07:32:00,1.02803,1.02809,1.028,1.02804,100.709997832775
2025-01-03T07:33:00,1.02804,1.02807,1.02798,1.02807,69.8699992224574
2025-01-03T07:34:00,1.02805,1.02826,1.02803,1.02823,105.509998433292
2025-01-03T07:35:00,1.02823,1.02841,1.02821,1.02835,128.15999853611
2025-01-03T07:36:00,1.02836,1.02841,1.02823,1.02839,73.799998998642
2025-01-03T07:37:00,1.02839,1.02847,1.02826,1.02826,54.2699998021126
2025-01-03T07:38:00,1.02828,1.02829,1.02812,1.02815,88.7499991506338
2025-01-03T07:39:00,1.02814,1.02822,1.02806,1.02808,107.099998354912
2025-01-03T07:40:00,1.02808,1.02819,1.02804,1.02815,65.6999988555908
2025-01-03T07:41:00,1.02815,1.02826,1.02812,1.02813,122.419998645782
2025-01-03T07:42:00,1.02815,1.02826,1.02804,1.02804,81.4499992728233
2025-01-03T07:43:00,1.02805,1.02815,1.02803,1.02815,66.1499991416931
2025-01-03T07:44:00,1.02814,1.02829,1.02808,1.02828,139.499998569489
2025-01-03T07:45:00,1.02829,1.0283,1.02814,1.02815,107.819998919964
2025-01-03T07:46:00,1.02816,1.02834,1.02816,1.02834,78.2999991178513
2025-01-03T07:47:00,1.02833,1.02833,1.02823,1.02831,124.82999920845
2025-01-03T07:48:00,1.0283,1.02838,1.02826,1.02838,64.7999987602234
2025-01-03T07:49:00,1.02839,1.02839,1.02829,1.02829,50.939999461174
2025-01-03T07:50:00,1.02828,1.02836,1.0282,1.02828,70.1699994653463
2025-01-03T07:51:00,1.02828,1.02829,1.02818,1.0282,77.1299988627434
2025-01-03T07:52:00,1.0282,1.0282,1.02806,1.02809,113.009999260306
2025-01-03T07:53:00,1.02809,1.02834,1.02808,1.02827,104.239999890327
2025-01-03T07:54:00,1.02826,1.0283,1.02821,1.02827,77.3999996185303
2025-01-03T07:55:00,1.02827,1.02827,1.02813,1.02816,96.4199988767505
2025-01-03T07:56:00,1.02813,1.02816,1.02806,1.02816,74.3100001737475
2025-01-03T07:57:00,1.02817,1.02821,1.02814,1.02817,119.15999827534
2025-01-03T07:58:00,1.02818,1.02821,1.0281,1.02814,136.799998641014
2025-01-03T07:59:00,1.02814,1.02824,1.02806,1.02807,202.679998755455
2025-01-03T08:00:00,1.02806,1.02869,1.02806,1.02845,282.749996304512
2025-01-03T08:01:00,1.02844,1.02867,1.02844,1.0286,165.449997380376
2025-01-03T08:02:00,1.0286,1.02877,1.02852,1.02877,140.489998400211
2025-01-03T08:03:00,1.02875,1.02879,1.02867,1.02873,80.1499990150332
2025-01-03T08:04:00,1.02874,1.0288,1.02859,1.02859,164.909998327494
2025-01-03T08:05:00,1.02858,1.02858,1.02833,1.02836,146.249999165535
2025-01-03T08:06:00,1.02835,1.02845,1.02824,1.02824,169.949997596443
2025-01-03T08:07:00,1.02825,1.02844,1.02823,1.02832,202.189999215305
2025-01-03T08:08:00,1.02832,1.02838,1.02813,1.02813,180.899999082088
2025-01-03T08:09:00,1.02814,1.0282,1.02808,1.02813,114.749997854233
2025-01-03T08:10:00,1.02812,1.02814,1.02781,1.02789,128.819997899234
2025-01-03T08:11:00,1.02789,1.02826,1.02788,1.02825,161.849997632205
2025-01-03T08:12:00,1.02825,1.02847,1.02825,1.02839,137.029998630285
2025-01-03T08:13:00,1.02838,1.02848,1.02835,1.0284,88.3199983760715
2025-01-03T08:14:00,1.02839,1.02847,1.02834,1.02844,90.1399987861514
2025-01-03T08:15:00,1.02844,1.02845,1.02834,1.02834,79.1399990841746
2025-01-03T08:16:00,1.02835,1.02845,1.02835,1.02839,83.7199984788895
2025-01-03T08:17:00,1.0284,1.02856,1.02836,1.02839,77.5799989700317
2025-01-03T08:18:00,1.02838,1.02839,1.02819,1.02829,111.179998509586
2025-01-03T08:19:00,1.02831,1.02846,1.02829,1.02841,168.509999625385
2025-01-03T08:20:00,1.02842,1.02851,1.02837,1.02849,143.409998059273
2025-01-03T08:21:00,1.02849,1.02851,1.02831,1.02832,173.199998706579
2025-01-03T08:22:00,1.02832,1.02854,1.02829,1.02849,139.399998769164
2025-01-03T08:23:00,1.02848,1.02855,1.02838,1.02842,93.0199985429645
2025-01-03T08:24:00,1.02843,1.02875,1.02843,1.02873,122.419999241829
2025-01-03T08:25:00,1.02874,1.02879,1.02855,1.02857,142.069998018444
2025-01-03T08:26:00,1.02857,1.02858,1.02838,1.02839,145.369997262955
2025-01-03T08:27:00,1.0284,1.02842,1.02815,1.02815,107.539999477565
2025-01-03T08:28:00,1.02817,1.02831,1.02808,1.02808,148.55999879539
2025-01-03T08:29:00,1.02809,1.02823,1.02808,1.02809,102.469998590648
2025-01-03T08:30:00,1.02808,1.02809,1.02793,1.02793,98.3099987432361
2025-01-03T08:31:00,1.02792,1.02795,1.02779,1.02783,133.17999753356
2025-01-03T08:32:00,1.02784,1.02797,1.02782,1.02794,157.969998717308
2025-01-03T08:33:00,1.02796,1.02801,1.02785,1.02791,220.559998974204
2025-01-03T08:34:00,1.0279,1.02792,1.0278,1.02785,145.94999872148
2025-01-03T08:35:00,1.02783,1.02792,1.02764,1.02792,215.029996730387
2025-01-03T08:36:00,1.02793,1.02793,1.02778,1.02778,119.479998402297
2025-01-03T08:37:00,1.02779,1.02779,1.02768,1.0277,97.739998459816
2025-01-03T08:38:00,1.02769,1.02771,1.02741,1.02742,186.45999854058
2025-01-03T08:39:00,1.02743,1.02753,1.02742,1.02753,114.519999369979
2025-01-03T08:40:00,1.02753,1.02757,1.02732,1.02733,157.379998318851
2025-01-03T08:41:00,1.02733,1.02748,1.02729,1.02742,206.300000190735
2025-01-03T08:42:00,1.02743,1.02753,1.02742,1.02748,194.009999215603
2025-01-03T08:43:00,1.02747,1.02761,1.02745,1.02761,106.769999079406
2025-01-03T08:44:00,1.02762,1.02777,1.02757,1.02775,188.159999772906
2025-01-03T08:45:00,1.02774,1.02789,1.02767,1.02783,160.549999192357
2025-01-03T08:46:00,1.02783,1.02803,1.02783,1.02802,167.579999148846
2025-01-03T08:47:00,1.02803,1.02809,1.02797,1.02798,164.48999889195
2025-01-03T08:48:00,1.02798,1.028,1.0278,1.02785,165.769999183714
2025-01-03T08:49:00,1.02785,1.02804,1.02784,1.02794,178.789998047054
2025-01-03T08:50:00,1.02795,1.02803,1.02794,1.02803,175.949999511242
2025-01-03T08:51:00,1.02802,1.02808,1.028,1.02806,56.4299998283386
2025-01-03T08:52:00,1.02805,1.02805,1.02797,1.02804,97.0199994444847
2025-01-03T08:53:00,1.02805,1.0283,1.02804,1.0283,70.2899996638298
2025-01-03T08:54:00,1.02829,1.02832,1.02823,1.0283,63.5399993658066
2025-01-03T08:55:00,1.02832,1.02859,1.02832,1.02841,208.43999928236
2025-01-03T08:56:00,1.02841,1.0285,1.02833,1.02833,76.2499994635582
2025-01-03T08:57:00,1.02832,1.02833,1.02823,1.02827,44.3800001889467
2025-01-03T08:58:00,1.02828,1.02828,1.0281,1.02817,251.669998459518
2025-01-03T08:59:00,1.02817,1.02819,1.02803,1.02803,241.019999340177
2025-01-03T09:00:00,1.02803,1.02821,1.02802,1.02821,169.289998412132
2025-01-03T09:01:00,1.0282,1.02828,1.02811,1.02812,234.989999830723
2025-01-03T09:02:00,1.02813,1.02817,1.02804,1.02816,222.749997913837
2025-01-03T09:03:00,1.02815,1.02827,1.02803,1.02824,164.249997258186
2025-01-03T09:04:00,1.02825,1.0285,1.02822,1.02848,144.469999790192
2025-01-03T09:05:00,1.02849,1.0286,1.02847,1.02853,97.1099992543459
2025-01-03T09:06:00,1.02853,1.02853,1.02837,1.02843,147.329998709261
2025-01-03T09:07:00,1.02842,1.02857,1.02842,1.02847,196.669998288155
2025-01-03T09:08:00,1.02846,1.02861,1.02842,1.02859,224.299998119473
2025-01-03T09:09:00,1.02858,1.02875,1.02858,1.02873,146.539999365807
2025-01-03T09:10:00,1.02875,1.02946,1.02874,1.02939,600.739998988807
2025-01-03T09:11:00,1.02939,1.02939,1.02908,1.02909,631.660000734031
2025-01-03T09:12:00,1.0291,1.02925,1.0291,1.02921,337.500000476837
2025-01-03T09:13:00,1.0292,1.02935,1.02919,1.02931,307.889998912811
2025-01-03T09:14:00,1.02932,1.02938,1.02929,1.02933,145.109999231994
2025-01-03T09:15:00,1.02934,1.02947,1.02932,1.02936,230.009998761117
2025-01-03T09:16:00,1.02937,1.02943,1.02935,1.02938,352.800000071526
2025-01-03T09:17:00,1.02937,1.02938,1.02918,1.02918,409.809999287128
2025-01-03T09:18:00,1.02919,1.02936,1.02918,1.02927,303.799999460578
2025-01-03T09:19:00,1.02927,1.02945,1.02926,1.02942,381.59999859333
2025-01-03T09:20:00,1.02943,1.0298,1.02943,1.02973,434.380001723766
2025-01-03T09:21:00,1.02971,1.02977,1.02962,1.02969,326.25999982655
2025-01-03T09:22:00,1.0297,1.02978,1.02969,1.02975,258.919999822974
2025-01-03T09:23:00,1.02976,1.02988,1.02974,1.02975,304.219998300076
2025-01-03T09:24:00,1.02976,1.02986,1.0297,1.02981,202.010000519454
2025-01-03T09:25:00,1.02982,1.02987,1.02973,1.0298,216.580001413822
2025-01-03T09:26:00,1.02981,1.02981,1.0297,1.02974,344.070000171661
2025-01-03T09:27:00,1.02973,1.02991,1.02973,1.02987,214.650000572205
2025-01-03T09:28:00,1.02986,1.02986,1.02962,1.02968,189.229998826981
2025-01-03T09:29:00,1.02967,1.02967,1.02947,1.02962,299.699997544289
2025-01-03T09:30:00,1.02962,1.02987,1.02962,1.02987,187.559999264777
2025-01-03T09:31:00,1.02988,1.02992,1.02986,1.02987,174.590000264347
2025-01-03T09:32:00,1.02987,1.02999,1.0298,1.02984,259.740000806749
2025-01-03T09:33:00,1.02985,1.02986,1.02975,1.02975,133.200000286102
2025-01-03T09:34:00,1.02976,1.02977,1.0296,1.02967,203.460000813007
2025-01-03T09:35:00,1.02968,1.02969,1.02938,1.02938,326.399998649955
2025-01-03T09:36:00,1.02937,1.02946,1.02923,1.02923,198.960001192987
2025-01-03T09:37:00,1.02923,1.02924,1.02914,1.02921,304.529999636114
2025-01-03T09:38:00,1.02922,1.02934,1.02912,1.02927,122.66999964416
2025-01-03T09:39:00,1.02928,1.02935,1.02922,1.02932,124.820000760257
2025-01-03T09:40:00,1.02932,1.02932,1.02917,1.02926,258.410000622272
2025-01-03T09:41:00,1.02927,1.02932,1.02926,1.02928,287.970000430942
2025-01-03T09:42:00,1.02927,1.02929,1.02918,1.02919,121.040000379086
2025-01-03T09:43:00,1.0292,1.02921,1.02907,1.02907,203.850001990795
2025-01-03T09:44:00,1.02906,1.02913,1.02896,1.02896,299.250002026558
2025-01-03T09:45:00,1.02896,1.02906,1.02886,1.02886,352.219999007881
2025-01-03T09:46:00,1.02886,1.02899,1.02879,1.02891,278.760001592338
2025-01-03T09:47:00,1.02891,1.02894,1.02887,1.02887,113.399999380112
2025-01-03T09:48:00,1.02887,1.02907,1.02885,1.02907,153.000000119209
2025-01-03T09:49:00,1.02909,1.02913,1.02887,1.02887,189.449997365475
2025-01-03T09:50:00,1.02886,1.02889,1.02881,1.02882,131.129999697208
2025-01-03T09:51:00,1.02882,1.02903,1.02875,1.02902,199.559999518096
2025-01-03T09:52:00,1.02903,1.02909,1.02888,1.02888,119.549998752773
2025-01-03T09:53:00,1.02888,1.02892,1.02886,1.0289,92.3999994248152
2025-01-03T09:54:00,1.0289,1.02895,1.02885,1.02892,188.699999652803
2025-01-03T09:55:00,1.02891,1.02896,1.02884,1.02887,128.549999408424
2025-01-03T09:56:00,1.02888,1.02904,1.02888,1.02903,86.5799992084503
2025-01-03T09:57:00,1.02903,1.02904,1.02881,1.02887,165.959999479353
2025-01-03T09:58:00,1.02887,1.02903,1.02882,1.02903,175.169999592006
2025-01-03T09:59:00,1.02903,1.02905,1.02898,1.02901,262.179999515414
2025-01-03T10:00:00,1.02901,1.02921,1.02901,1.02902,188.799999348819
2025-01-03T10:01:00,1.02903,1.02934,1.02902,1.02933,147.879998371005
2025-01-03T10:02:00,1.02933,1.02938,1.0292,1.02928,97.0999990999699
2025-01-03T10:03:00,1.02929,1.02932,1.0292,1.0292,98.5499994754791
2025-01-03T10:04:00,1.02921,1.02926,1.02913,1.02913,97.9499994441867
2025-01-03T10:05:00,1.02914,1.02917,1.02898,1.02901,157.259999029338
2025-01-03T10:06:00,1.02901,1.02915,1.029,1.02915,107.72999894619
2025-01-03T10:07:00,1.02914,1.02914,1.02885,1.02888,116.099999524653
2025-01-03T10:08:00,1.02888,1.02888,1.02881,1.02881,60.4799993038177
2025-01-03T10:09:00,1.02881,1.02891,1.02873,1.02874,186.409998647869
2025-01-03T10:10:00,1.02875,1.02875,1.02856,1.02857,292.77000194788
2025-01-03T10:11:00,1.02856,1.02857,1.02849,1.02849,234.990001142025
2025-01-03T10:12:00,1.0285,1.02857,1.02848,1.02849,261.44999808073
2025-01-03T10:13:00,1.02848,1.02849,1.02838,1.02839,121.950000047684
2025-01-03T10:14:00,1.02838,1.02853,1.02837,1.02853,151.199999332428
2025-01-03T10:15:00,1.02853,1.02856,1.02848,1.02853,168.749998211861
2025-01-03T10:16:00,1.02853,1.0286,1.02848,1.02854,211.049999058247
2025-01-03T10:17:00,1.02853,1.02853,1.0283,1.0283,162.450000584126
2025-01-03T10:18:00,1.02831,1.02837,1.02809,1.02827,327.210000380874
2025-01-03T10:19:00,1.02826,1.02843,1.02822,1.02833,128.339999139309
2025-01-03T10:20:00,1.02832,1.02834,1.02827,1.02828,136.890000462532
2025-01-03T10:21:00,1.02828,1.02847,1.02828,1.02842,202.77000194788
2025-01-03T10:22:00,1.02842,1.0285,1.0283,1.02833,218.560000836849
2025-01-03T10:23:00,1.02833,1.02838,1.02813,1.02814,198.839999489486
2025-01-03T10:24:00,1.02813,1.02817,1.02807,1.02808,215.999999165535
2025-01-03T10:25:00,1.02809,1.02813,1.02804,1.02807,195.059999935329
2025-01-03T10:26:00,1.02809,1.02809,1.028,1.02803,110.699999928474
2025-01-03T10:27:00,1.02802,1.02822,1.02802,1.0282,158.159999661148
2025-01-03T10:28:00,1.02821,1.02838,1.0282,1.02837,212.969998948276
2025-01-03T10:29:00,1.02837,1.02838,1.02833,1.02837,78.3000004887581
2025-01-03T10:30:00,1.02837,1.02841,1.02825,1.02841,239.939999759197
2025-01-03T10:31:00,1.02842,1.02843,1.02827,1.02838,350.999999046326
2025-01-03T10:32:00,1.02838,1.02844,1.02837,1.02842,230.849999904633
2025-01-03T10:33:00,1.02841,1.02849,1.02838,1.02849,163.349999904633
2025-01-03T10:34:00,1.02849,1.02855,1.02847,1.02855,77.3999997377396
2025-01-03T10:35:00,1.02854,1.02859,1.02849,1.02849,137.879999995232
2025-01-03T10:36:00,1.02849,1.02855,1.02842,1.02843,201.959999144077
2025-01-03T10:37:00,1.02843,1.02846,1.02835,1.02835,156.000000588596
2025-01-03T10:38:00,1.02835,1.02853,1.02835,1.02846,129.77999997139
2025-01-03T10:39:00,1.02847,1.02852,1.02842,1.02843,68.1300001293421
2025-01-03T10:40:00,1.02841,1.02842,1.02839,1.0284,137.429999828339
2025-01-03T10:41:00,1.02841,1.02841,1.02821,1.02822,113.940000236034
2025-01-03T10:42:00,1.02822,1.02835,1.0282,1.02831,166.229999542236
2025-01-03T10:43:00,1.02831,1.02841,1.02831,1.02838,142.560000360012
2025-01-03T10:44:00,1.0284,1.02853,1.02836,1.02837,199.919998973608
2025-01-03T10:45:00,1.02836,1.02841,1.02834,1.02841,126.449999928474
2025-01-03T10:46:00,1.0284,1.0284,1.02825,1.02825,201.239998102188
2025-01-03T10:47:00,1.02824,1.02833,1.02823,1.02832,216.539998412132
2025-01-03T10:48:00,1.02831,1.02838,1.02831,1.02838,37.9199994727969
2025-01-03T10:49:00,1.02842,1.02848,1.02838,1.0284,66.1499999165535
2025-01-03T10:50:00,1.02838,1.02839,1.02818,1.02822,129.689999341965
2025-01-03T10:51:00,1.02821,1.02821,1.02801,1.02801,261.560000114143
2025-01-03T10:52:00,1.02801,1.0282,1.02801,1.02818,103.109999403358
2025-01-03T10:53:00,1.02818,1.0282,1.02815,1.02815,53.3099994584918
2025-01-03T10:54:00,1.02816,1.02823,1.02816,1.02819,131.729999765754
2025-01-03T10:55:00,1.0282,1.02837,1.0282,1.02826,162.17999932915
2025-01-03T10:56:00,1.02825,1.02826,1.02809,1.02812,123.749999642372
2025-01-03T10:57:00,1.02812,1.02812,1.02791,1.02793,277.469999790192
2025-01-03T10:58:00,1.02793,1.02807,1.02793,1.02807,108.270000219345
2025-01-03T10:59:00,1.02806,1.02813,1.02802,1.02813,176.579999089241
2025-01-03T11:00:00,1.02813,1.02839,1.02813,1.02838,114.379999339581
2025-01-03T11:01:00,1.02839,1.02844,1.02831,1.02837,226.559998065233
2025-01-03T11:02:00,1.02838,1.02838,1.02824,1.02827,230.159998804331
2025-01-03T11:03:00,1.02827,1.02829,1.02813,1.02816,240.419999353588
2025-01-03T11:04:00,1.02816,1.02824,1.02816,1.02822,136.97999894619
2025-01-03T11:05:00,1.02822,1.02832,1.02821,1.02828,169.440001115203
2025-01-03T11:06:00,1.0283,1.02858,1.02824,1.02857,304.079998061061
2025-01-03T11:07:00,1.02855,1.02867,1.02851,1.02858,169.829999737442
2025-01-03T11:08:00,1.0286,1.02865,1.02854,1.02854,80.6999998912215
2025-01-03T11:09:00,1.02854,1.02876,1.02853,1.02873,125.869999743998
2025-01-03T11:10:00,1.02872,1.02893,1.02872,1.02883,193.470001086593
2025-01-03T11:11:00,1.02883,1.02892,1.02881,1.02889,207.870000213385
2025-01-03T11:12:00,1.02889,1.02891,1.02885,1.02888,89.3099995851517
2025-01-03T11:13:00,1.02889,1.02892,1.02879,1.02887,124.020001024008
2025-01-03T11:14:00,1.02889,1.02892,1.02888,1.02892,50.1300002634525
2025-01-03T11:15:00,1.02891,1.02891,1.02884,1.02884,24.8099999427795
2025-01-03T11:16:00,1.02887,1.02903,1.02886,1.02903,71.069999396801
2025-01-03T11:17:00,1.02903,1.02917,1.02903,1.02913,71.7599997371435
2025-01-03T11:18:00,1.02915,1.02923,1.02912,1.02919,67.859999589622
2025-01-03T11:19:00,1.02921,1.02921,1.02917,1.02918,48.0300002992153
2025-01-03T11:20:00,1.02918,1.0292,1.02914,1.02917,83.9399998784065
2025-01-03T11:21:00,1.02917,1.02934,1.02916,1.02932,76.6199996173382
2025-01-03T11:22:00,1.02932,1.02947,1.02932,1.02947,64.4399996995926
2025-01-03T11:23:00,1.02948,1.0295,1.02944,1.0295,19.7699999660254
2025-01-03T11:24:00,1.02949,1.02969,1.02949,1.02966,91.6299997121096
2025-01-03T11:25:00,1.02965,1.02978,1.02965,1.02978,27.4899993538857
2025-01-03T11:26:00,1.02978,1.02982,1.02974,1.02979,61.8299992084503
2025-01-03T11:27:00,1.02981,1.0299,1.02981,1.0299,55.7099990844727
2025-01-03T11:28:00,1.02987,1.02989,1.02979,1.0298,44.0999998226762
2025-01-03T11:29:00,1.0298,1.02983,1.02975,1.0298,58.5300001949072
2025-01-03T11:30:00,1.0298,1.0298,1.02944,1.02947,98.3399991616607
2025-01-03T11:31:00,1.02946,1.02948,1.02923,1.02926,128.899998046458
2025-01-03T11:32:00,1.02925,1.02929,1.02919,1.02927,109.119999967515
2025-01-03T11:33:00,1.02926,1.02934,1.02925,1.0293,122.759999901056
2025-01-03T11:34:00,1.02931,1.0294,1.02931,1.0294,84.840000115335
2025-01-03T11:35:00,1.02941,1.02946,1.02935,1.02942,99.0299998372793
2025-01-03T11:36:00,1.02943,1.0295,1.02941,1.0295,80.1899996995926
2025-01-03T11:37:00,1.0295,1.02965,1.02948,1.02964,68.9099992215633
2025-01-03T11:38:00,1.02965,1.02968,1.02962,1.02968,95.819999486208
2025-01-03T11:39:00,1.02967,1.02969,1.02957,1.02966,66.7799996137619
2025-01-03T11:40:00,1.02966,1.02967,1.02958,1.02967,79.7399994134903
2025-01-03T11:41:00,1.02968,1.02982,1.02966,1.02977,100.929999291897
2025-01-03T11:42:00,1.02976,1.02987,1.02976,1.02986,58.159999370575
2025-01-03T11:43:00,1.02987,1.02987,1.0298,1.02982,40.79999922961
2025-01-03T11:44:00,1.02984,1.02999,1.02984,1.02997,48.1799988672137
2025-01-03T11:45:00,1.02997,1.02997,1.02986,1.02996,77.359999589622
2025-01-03T11:46:00,1.02996,1.03,1.02994,1.02994,90.809999704361
2025-01-03T11:47:00,1.02995,1.03005,1.02991,1.03004,79.8299984484911
2025-01-03T11:48:00,1.03002,1.0301,1.02991,1.03009,75.5399995520711
2025-01-03T11:49:00,1.03009,1.03027,1.03009,1.03027,43.5299993604422
2025-01-03T11:50:00,1.03027,1.03027,1.03021,1.03024,39.2099995240569
2025-01-03T11:51:00,1.03024,1.03027,1.03016,1.03024,58.7099990770221
2025-01-03T11:52:00,1.03024,1.03028,1.03023,1.03026,54.6299990415573
2025-01-03T11:53:00,1.03025,1.03025,1.03005,1.03008,95.3399990722537
2025-01-03T11:54:00,1.03007,1.0302,1.03003,1.03019,84.8299996182323
2025-01-03T11:55:00,1.03019,1.03024,1.03013,1.03021,41.6699993014336
2025-01-03T11:56:00,1.0302,1.03025,1.03008,1.03015,98.6699994727969
2025-01-03T11:57:00,1.03014,1.03014,1.02986,1.02991,159.999999634922
2025-01-03T11:58:00,1.02989,1.02991,1.02986,1.02987,140.039998948574
2025-01-03T11:59:00,1.02988,1.02988,1.02972,1.02972,151.389999195933
2025-01-03T12:00:00,1.02971,1.02978,1.02964,1.02976,173.909999296069
2025-01-03T12:01:00,1.02975,1.02983,1.02973,1.02977,146.909999281168
2025-01-03T12:02:00,1.02976,1.02989,1.02971,1.02976,196.199999809265
2025-01-03T12:03:00,1.02975,1.02979,1.02952,1.02952,277.709998831153
2025-01-03T12:04:00,1.02951,1.02972,1.02947,1.02971,167.609998695552
2025-01-03T12:05:00,1.02972,1.02993,1.02971,1.02989,166.499998688698
2025-01-03T12:06:00,1.0299,1.02992,1.02978,1.02989,120.779999002814
2025-01-03T12:07:00,1.02991,1.03005,1.02991,1.03004,69.7499997168779
2025-01-03T12:08:00,1.03002,1.03004,1.02999,1.03,37.0399997159839
2025-01-03T12:09:00,1.02999,1.03009,1.0298,1.02981,151.309999465942
2025-01-03T12:10:00,1.02982,1.02982,1.02951,1.0296,169.490000009537
2025-01-03T12:11:00,1.02959,1.02961,1.02946,1.02961,120.240000486374
2025-01-03T12:12:00,1.0296,1.02966,1.02946,1.02962,228.439999572933
2025-01-03T12:13:00,1.02962,1.02972,1.0296,1.02968,181.25999969244
2025-01-03T12:14:00,1.02969,1.02972,1.02963,1.02967,157.149999305606
2025-01-03T12:15:00,1.02966,1.0297,1.02957,1.02966,173.819999568164
2025-01-03T12:16:00,1.02967,1.02967,1.0295,1.02956,150.959998957813
2025-01-03T12:17:00,1.02956,1.0297,1.02956,1.02968,60.4199993535876
2025-01-03T12:18:00,1.02967,1.02968,1.02954,1.02955,86.96999912709
2025-01-03T12:19:00,1.02954,1.02958,1.02949,1.02949,161.549997925758
2025-01-03T12:20:00,1.0295,1.02962,1.02944,1.02953,130.769999504089
2025-01-03T12:21:00,1.02954,1.02956,1.02947,1.02954,171.309999346733
2025-01-03T12:22:00,1.02953,1.02966,1.02953,1.02966,82.6200003623962
2025-01-03T12:23:00,1.02965,1.02965,1.02947,1.02948,173.669999584556
2025-01-03T12:24:00,1.0295,1.02956,1.02946,1.02955,61.3799998164177
2025-01-03T12:25:00,1.02956,1.02956,1.02947,1.02954,121.069999858737
2025-01-03T12:26:00,1.02956,1.02957,1.02942,1.02943,53.8200002685189
2025-01-03T12:27:00,1.02942,1.02957,1.02942,1.02956,94.0399991869926
2025-01-03T12:28:00,1.02957,1.02963,1.02956,1.02956,110.969999134541
2025-01-03T12:29:00,1.02956,1.02966,1.02956,1.02961,79.8299983739853
2025-01-03T12:30:00,1.0296,1.02976,1.02957,1.02976,76.4499994665384
2025-01-03T12:31:00,1.02975,1.0298,1.02971,1.02971,83.9999987408519
2025-01-03T12:32:00,1.02972,1.02976,1.02967,1.02968,35.8799996227026
2025-01-03T12:33:00,1.02968,1.02979,1.02957,1.02977,122.669998884201
2025-01-03T12:34:00,1.02976,1.02982,1.02973,1.02982,94.8599991798401
2025-01-03T12:35:00,1.02984,1.02994,1.02983,1.02992,85.4099991321564
2025-01-03T12:36:00,1.02991,1.03,1.02991,1.02998,89.0499987006187
2025-01-03T12:37:00,1.02998,1.03006,1.02992,1.03005,61.2899993658066
2025-01-03T12:38:00,1.03006,1.03006,1.02989,1.02999,139.949997901917
2025-01-03T12:39:00,1.02997,1.03002,1.02993,1.03002,87.4799993634224
2025-01-03T12:40:00,1.03001,1.03007,1.02999,1.03007,35.9999995231628
2025-01-03T12:41:00,1.03006,1.03007,1.03002,1.03003,92.5699994489551
2025-01-03T12:42:00,1.03004,1.03005,1.02987,1.02987,109.799998641014
2025-01-03T12:43:00,1.02987,1.0299,1.02963,1.02964,147.149998247623
2025-01-03T12:44:00,1.02963,1.02978,1.02963,1.02976,159.749997973442
2025-01-03T12:45:00,1.02977,1.02986,1.02976,1.0298,72.17999958992
2025-01-03T12:46:00,1.02981,1.02992,1.02981,1.02989,101.699999213219
2025-01-03T12:47:00,1.02988,1.03001,1.02977,1.02977,109.089998826385
2025-01-03T12:48:00,1.02976,1.02993,1.02974,1.02992,81.0099996328354
2025-01-03T12:49:00,1.02993,1.03003,1.02989,1.02997,117.599999159575
2025-01-03T12:50:00,1.02998,1.03002,1.02995,1.03,60.2999994680285
2025-01-03T12:51:00,1.03,1.03007,1.02994,1.02997,76.5899994373322
2025-01-03T12:52:00,1.02998,1.03002,1.02987,1.02991,64.5299996510148
2025-01-03T12:53:00,1.0299,1.02991,1.02962,1.02962,144.239998444915
2025-01-03T12:54:00,1.02962,1.02971,1.02959,1.02971,109.889998547733
2025-01-03T12:55:00,1.02972,1.02975,1.02962,1.02971,117.539999678731
2025-01-03T12:56:00,1.02972,1.02972,1.02955,1.02958,143.389998868108
2025-01-03T12:57:00,1.02959,1.02967,1.02952,1.02967,165.979997396469
2025-01-03T12:58:00,1.02967,1.02968,1.02959,1.02961,100.649998486042
2025-01-03T12:59:00,1.02962,1.02967,1.02955,1.02956,119.580000266433
2025-01-03T13:00:00,1.02958,1.02966,1.02956,1.02964,167.849999636412
2025-01-03T13:01:00,1.02965,1.02966,1.02958,1.02959,77.9699996188283
2025-01-03T13:02:00,1.02962,1.0298,1.02962,1.02976,82.5999991893768
2025-01-03T13:03:00,1.02978,1.02987,1.02976,1.0298,75.2099992781878
2025-01-03T13:04:00,1.02981,1.0299,1.02974,1.02974,107.069999203086
2025-01-03T13:05:00,1.02975,1.02977,1.02967,1.0297,109.109999842942
2025-01-03T13:06:00,1.0297,1.02981,1.02969,1.02971,95.6899993047118
2025-01-03T13:07:00,1.0297,1.02972,1.02958,1.02966,68.1399999782443
2025-01-03T13:08:00,1.02968,1.0298,1.02968,1.02977,62.9099994301796
2025-01-03T13:09:00,1.02976,1.02986,1.02966,1.02985,116.999998509884
2025-01-03T13:10:00,1.02984,1.02984,1.02975,1.02976,133.139999084175
2025-01-03T13:11:00,1.02977,1.03,1.02977,1.03,117.809998750687
2025-01-03T13:12:00,1.03001,1.03001,1.02976,1.02976,82.799998998642
2025-01-03T13:13:00,1.02975,1.02975,1.02955,1.02955,86.3999996185303
2025-01-03T13:14:00,1.02956,1.02981,1.02953,1.02976,77.759999230504
2025-01-03T13:15:00,1.02979,1.02981,1.02955,1.02956,106.499999947846
2025-01-03T13:16:00,1.02955,1.02961,1.02955,1.02957,108.449998259544
2025-01-03T13:17:00,1.02956,1.02957,1.02944,1.02954,78.1600003838539
2025-01-03T13:18:00,1.02954,1.02963,1.02954,1.02955,98.1899983286858
2025-01-03T13:19:00,1.02955,1.02957,1.02947,1.02951,111.149998784065
2025-01-03T13:20:00,1.02951,1.02951,1.02929,1.02931,193.589999198914
2025-01-03T13:21:00,1.02932,1.02953,1.02932,1.02944,236.879997968674
2025-01-03T13:22:00,1.02945,1.02945,1.02927,1.02928,81.7500000521541
2025-01-03T13:23:00,1.02926,1.02927,1.02916,1.02921,210.589999429882
2025-01-03T13:24:00,1.0292,1.0294,1.0292,1.0294,157.739996895194
2025-01-03T13:25:00,1.0294,1.02945,1.02925,1.02925,215.489999882877
2025-01-03T13:26:00,1.02925,1.02956,1.02925,1.02955,149.849999368191
2025-01-03T13:27:00,1.02955,1.02955,1.02917,1.0292,182.069999493659
2025-01-03T13:28:00,1.02923,1.02931,1.02922,1.02929,143.369998574257
2025-01-03T13:29:00,1.02929,1.02946,1.02929,1.02938,88.649998486042
2025-01-03T13:30:00,1.02939,1.02962,1.02932,1.0296,105.839999139309
2025-01-03T13:31:00,1.02963,1.0298,1.02963,1.02973,133.879999227822
2025-01-03T13:32:00,1.02971,1.02982,1.02971,1.0298,111.179999105632
2025-01-03T13:33:00,1.0298,1.02981,1.0297,1.02979,130.449998736382
2025-01-03T13:34:00,1.02978,1.02983,1.02976,1.02977,70.849998831749
2025-01-03T13:35:00,1.02978,1.02982,1.02965,1.02966,114.409999787807
2025-01-03T13:36:00,1.02965,1.02965,1.02956,1.02957,62.6299997419119
2025-01-03T13:37:00,1.02957,1.02963,1.02949,1.02949,142.599998630583
2025-01-03T13:38:00,1.02948,1.02951,1.02937,1.0294,99.1399997547269
2025-01-03T13:39:00,1.02941,1.02962,1.02941,1.02961,201.059998370707
2025-01-03T13:40:00,1.02962,1.02971,1.02962,1.02967,148.969998657703
2025-01-03T13:41:00,1.02968,1.02984,1.02958,1.02981,151.020000100136
2025-01-03T13:42:00,1.02982,1.02998,1.02981,1.02998,138.869999527931
2025-01-03T13:43:00,1.02997,1.03,1.02987,1.02988,148.589999377728
2025-01-03T13:44:00,1.02988,1.02994,1.02977,1.02994,193.619998268783
2025-01-03T13:45:00,1.02995,1.02997,1.02988,1.02995,351.719999015331
2025-01-03T13:46:00,1.02996,1.02998,1.02993,1.02995,104.939999997616
2025-01-03T13:47:00,1.02995,1.02995,1.02973,1.02981,157.499999701977
2025-01-03T13:48:00,1.02981,1.02981,1.02965,1.02971,119.179999530315
2025-01-03T13:49:00,1.0297,1.02981,1.02966,1.02971,160.200000703335
2025-01-03T13:50:00,1.02973,1.02977,1.02952,1.02952,205.690001428127
2025-01-03T13:51:00,1.02951,1.02968,1.02938,1.0294,168.989998400211
2025-01-03T13:52:00,1.02941,1.02946,1.0292,1.02926,112.229999780655
2025-01-03T13:53:00,1.02925,1.02928,1.02921,1.02923,109.529999494553
2025-01-03T13:54:00,1.02924,1.02946,1.02924,1.02935,216.6799986884
2025-01-03T13:55:00,1.02936,1.02951,1.02931,1.02947,239.7100007236
2025-01-03T13:56:00,1.02948,1.0296,1.02936,1.02936,208.079999804497
2025-01-03T13:57:00,1.02937,1.02938,1.02916,1.02917,256.920000717044
2025-01-03T13:58:00,1.02917,1.02929,1.02915,1.02919,380.539995670319
2025-01-03T13:59:00,1.0292,1.02931,1.02916,1.02931,375.329999953508
2025-01-03T14:00:00,1.02931,1.02931,1.02908,1.0292,213.809998854995
2025-01-03T14:01:00,1.0292,1.0292,1.02905,1.02906,152.940000407398
2025-01-03T14:02:00,1.02905,1.02907,1.02893,1.02897,92.700000859797
2025-01-03T14:03:00,1.02897,1.02906,1.0289,1.02903,226.9500015378
2025-01-03T14:04:00,1.02901,1.02906,1.02894,1.02898,141.280000448227
2025-01-03T14:05:00,1.02897,1.02913,1.02887,1.02892,171.750000111759
2025-01-03T14:06:00,1.02893,1.02916,1.02893,1.02906,142.109999611974
2025-01-03T14:07:00,1.02905,1.02905,1.02886,1.0289,172.710000514984
2025-01-03T14:08:00,1.02888,1.02888,1.0288,1.02882,112.259999148548
2025-01-03T14:09:00,1.02884,1.02895,1.0288,1.02893,168.749999642372
2025-01-03T14:10:00,1.02892,1.02906,1.02886,1.02892,156.359998933971
2025-01-03T14:11:00,1.02893,1.02907,1.02893,1.02904,91.5299990177155
2025-01-03T14:12:00,1.02904,1.02906,1.02899,1.02906,106.64999973774
2025-01-03T14:13:00,1.02905,1.02918,1.02904,1.02918,110.249999344349
2025-01-03T14:14:00,1.02918,1.02923,1.02896,1.02898,207.539998888969
2025-01-03T14:15:00,1.029,1.02922,1.029,1.0292,177.839998193085
2025-01-03T14:16:00,1.02919,1.02919,1.02902,1.02908,153.95999763906
2025-01-03T14:17:00,1.02908,1.02918,1.02904,1.02917,133.949999168515
2025-01-03T14:18:00,1.02916,1.02916,1.02898,1.02912,113.179999612272
2025-01-03T14:19:00,1.02912,1.02929,1.02903,1.02928,111.389999859035
2025-01-03T14:20:00,1.02928,1.02938,1.02916,1.02916,148.85999917984
2025-01-03T14:21:00,1.02915,1.02933,1.02915,1.02931,172.919997923076
2025-01-03T14:22:00,1.02932,1.02939,1.02922,1.02927,138.149998486042
2025-01-03T14:23:00,1.02928,1.02935,1.0292,1.02934,100.199999302626
2025-01-03T14:24:00,1.02937,1.02942,1.02923,1.02941,131.97000002861
2025-01-03T14:25:00,1.02941,1.02947,1.02925,1.02925,197.279999732971
2025-01-03T14:26:00,1.02924,1.02932,1.0292,1.02932,111.949998855591
2025-01-03T14:27:00,1.02932,1.02933,1.02924,1.02928,108.249998211861
2025-01-03T14:28:00,1.02928,1.02929,1.02918,1.02918,102.609999299049
2025-01-03T14:29:00,1.02918,1.02918,1.02908,1.0291,109.36999976635
2025-01-03T14:30:00,1.02911,1.02928,1.02911,1.02928,154.059998989105
2025-01-03T14:31:00,1.02928,1.02928,1.029,1.02901,242.009999990463
2025-01-03T14:32:00,1.02899,1.02905,1.02892,1.02894,191.690000221133
2025-01-03T14:33:00,1.02895,1.02928,1.02894,1.02928,111.989999048412
2025-01-03T14:34:00,1.02927,1.02943,1.0292,1.02923,170.91000020504
2025-01-03T14:35:00,1.02922,1.02922,1.02903,1.02904,170.009998679161
2025-01-03T14:36:00,1.02903,1.02918,1.02903,1.02908,165.919998988509
2025-01-03T14:37:00,1.02907,1.02912,1.029,1.02902,98.6400007903576
2025-01-03T14:38:00,1.02904,1.02922,1.02903,1.02913,156.870000004768
2025-01-03T14:39:00,1.02913,1.02937,1.02912,1.02934,157.139999985695
2025-01-03T14:40:00,1.02934,1.02955,1.02933,1.02952,156.600000239909
2025-01-03T14:41:00,1.02953,1.02983,1.02953,1.0298,198.659999005497
2025-01-03T14:42:00,1.02979,1.02979,1.02954,1.02975,203.669997930527
2025-01-03T14:43:00,1.02974,1.02978,1.02963,1.02963,170.729998588562
2025-01-03T14:44:00,1.02963,1.02975,1.02962,1.02967,166.409999608994
2025-01-03T14:45:00,1.02965,1.02965,1.02954,1.02959,160.399999260902
2025-01-03T14:46:00,1.02959,1.02973,1.02958,1.02967,181.61999976635
2025-01-03T14:47:00,1.02967,1.0298,1.02967,1.02971,213.749998547137
2025-01-03T14:48:00,1.0297,1.02981,1.02963,1.02972,201.509999394417
2025-01-03T14:49:00,1.02973,1.02978,1.02966,1.02978,95.1599993631244
2025-01-03T14:50:00,1.02977,1.02977,1.02968,1.02973,189.629999637604
2025-01-03T14:51:00,1.02973,1.02987,1.02972,1.02983,132.779999963939
2025-01-03T14:52:00,1.02981,1.02987,1.0298,1.02982,66.41999989748
2025-01-03T14:53:00,1.02982,1.0299,1.0298,1.02981,149.759998977184
2025-01-03T14:54:00,1.02981,1.0299,1.02975,1.02985,202.01999925077
2025-01-03T14:55:00,1.02986,1.02988,1.02983,1.02987,85.8599998950958
2025-01-03T14:56:00,1.02986,1.02987,1.02973,1.02982,189.719998776913
2025-01-03T14:57:00,1.02982,1.03001,1.02982,1.02989,85.5299991294742
2025-01-03T14:58:00,1.02989,1.03017,1.02988,1.03017,99.4499987363815
2025-01-03T14:59:00,1.03017,1.03023,1.02999,1.03002,193.849997729063
2025-01-03T15:00:00,1.03001,1.03006,1.02921,1.03006,675.849997423589
2025-01-03T15:01:00,1.03005,1.03017,1.02938,1.02958,419.309997990727
2025-01-03T15:02:00,1.02959,1.02988,1.02939,1.02988,342.059999383986
2025-01-03T15:03:00,1.02989,1.02998,1.02976,1.02998,364.379998371005
2025-01-03T15:04:00,1.02998,1.0301,1.02964,1.02999,449.699999950826
2025-01-03T15:05:00,1.03001,1.03057,1.02987,1.0302,584.079994574189
2025-01-03T15:06:00,1.03022,1.03057,1.03018,1.03029,412.009994782507
2025-01-03T15:07:00,1.03028,1.0303,1.02987,1.02987,313.439997054636
2025-01-03T15:08:00,1.02988,1.03007,1.02976,1.03002,435.659996449947
2025-01-03T15:09:00,1.03001,1.03006,1.02978,1.02987,325.849996618927
2025-01-03T15:10:00,1.02991,1.03026,1.02991,1.0301,248.459996931255
2025-01-03T15:11:00,1.0301,1.03013,1.02979,1.02987,348.85999417305
2025-01-03T15:12:00,1.02987,1.0299,1.02962,1.02982,336.019994370639
2025-01-03T15:13:00,1.02982,1.02991,1.02962,1.02964,312.609995722771
2025-01-03T15:14:00,1.02963,1.02963,1.02889,1.0289,493.709994107485
2025-01-03T15:15:00,1.02891,1.0291,1.02885,1.02885,471.019998550415
2025-01-03T15:16:00,1.02885,1.02906,1.0288,1.02885,426.859997451305
2025-01-03T15:17:00,1.02888,1.02889,1.02861,1.02871,381.259999632835
2025-01-03T15:18:00,1.02873,1.02895,1.0287,1.0287,402.829997122288
2025-01-03T15:19:00,1.02872,1.02889,1.02858,1.02861,308.629998736084
2025-01-03T15:20:00,1.02861,1.02863,1.02832,1.02832,294.77999906987
2025-01-03T15:21:00,1.02832,1.02835,1.02808,1.02822,378.069997943938
2025-01-03T15:22:00,1.02821,1.02847,1.02821,1.02834,266.00999866426
2025-01-03T15:23:00,1.02833,1.02837,1.02811,1.02825,295.389996349812
2025-01-03T15:24:00,1.02826,1.02827,1.02796,1.02821,263.489999271929
2025-01-03T15:25:00,1.02822,1.02849,1.02821,1.02821,254.729996137321
2025-01-03T15:26:00,1.02819,1.0283,1.02813,1.0283,118.799998283386
2025-01-03T15:27:00,1.0283,1.02834,1.02808,1.02811,291.599997878075
2025-01-03T15:28:00,1.02812,1.02812,1.0274,1.0275,325.439998030663
2025-01-03T15:29:00,1.02749,1.02754,1.02734,1.0275,332.759997479618
2025-01-03T15:30:00,1.02751,1.02771,1.02731,1.02739,398.999997071922
2025-01-03T15:31:00,1.0274,1.02763,1.02729,1.02756,302.129997193813
2025-01-03T15:32:00,1.02755,1.02781,1.02754,1.02772,224.819996595383
2025-01-03T15:33:00,1.02773,1.02778,1.02759,1.02777,183.209999009967
2025-01-03T15:34:00,1.02777,1.02828,1.02776,1.02824,180.209998570383
2025-01-03T15:35:00,1.02823,1.02826,1.02805,1.02818,211.599996849895
2025-01-03T15:36:00,1.02818,1.02835,1.02804,1.02806,155.009999260306
2025-01-03T15:37:00,1.02805,1.02825,1.02804,1.02814,205.379996821284
2025-01-03T15:38:00,1.02816,1.02828,1.02813,1.02828,129.599997967482
2025-01-03T15:39:00,1.02829,1.02848,1.02829,1.02845,117.689998969436
2025-01-03T15:40:00,1.02847,1.02848,1.02828,1.02838,119.669999241829
2025-01-03T15:41:00,1.02837,1.02843,1.02831,1.02832,124.529999062419
2025-01-03T15:42:00,1.02832,1.02835,1.02818,1.02824,127.589998401701
2025-01-03T15:43:00,1.02826,1.02828,1.02812,1.02824,184.699997365475
2025-01-03T15:44:00,1.02823,1.02846,1.02823,1.02833,109.169999077916
2025-01-03T15:45:00,1.02833,1.0285,1.02825,1.02849,124.649998188019
2025-01-03T15:46:00,1.02849,1.02852,1.02833,1.02836,135.989997684956
2025-01-03T15:47:00,1.02837,1.0284,1.02813,1.02814,126.109998233616
2025-01-03T15:48:00,1.02813,1.02837,1.02808,1.02833,131.729999192059
2025-01-03T15:49:00,1.02834,1.02867,1.02832,1.02867,140.609998784959
2025-01-03T15:50:00,1.02868,1.02879,1.02863,1.02864,159.509998738766
2025-01-03T15:51:00,1.02863,1.02876,1.02849,1.02849,237.659998998046
2025-01-03T15:52:00,1.02849,1.02874,1.02848,1.0285,194.51999848336
2025-01-03T15:53:00,1.02849,1.02861,1.02848,1.0286,254.039998181164
2025-01-03T15:54:00,1.0286,1.02861,1.0284,1.02859,231.239997416735
2025-01-03T15:55:00,1.0286,1.02871,1.02853,1.0286,110.549999222159
2025-01-03T15:56:00,1.02862,1.0288,1.02859,1.02868,175.349998876452
2025-01-03T15:57:00,1.02867,1.02878,1.0285,1.02871,288.329999566078
2025-01-03T15:58:00,1.0287,1.02878,1.02866,1.02875,173.21999862045
2025-01-03T15:59:00,1.02876,1.02891,1.02871,1.02891,146.319998584688
2025-01-03T16:00:00,1.02891,1.02896,1.0288,1.02896,247.759998165071
2025-01-03T16:01:00,1.02896,1.02913,1.02891,1.02895,208.259997442365
2025-01-03T16:02:00,1.02896,1.02924,1.02887,1.02918,159.689997784793
2025-01-03T16:03:00,1.02916,1.02935,1.02912,1.02935,113.339998811483
2025-01-03T16:04:00,1.02934,1.02935,1.0292,1.02922,138.519998885691
2025-01-03T16:05:00,1.02923,1.02943,1.02919,1.02928,127.169999055564
2025-01-03T16:06:00,1.02928,1.02933,1.02918,1.02929,129.099998451769
2025-01-03T16:07:00,1.02928,1.02938,1.02919,1.0292,110.239998564124
2025-01-03T16:08:00,1.02922,1.02935,1.0292,1.0292,159.839998483658
2025-01-03T16:09:00,1.0292,1.02926,1.02897,1.02899,170.099998950958
2025-01-03T16:10:00,1.02901,1.02909,1.02894,1.02897,113.429999046028
2025-01-03T16:11:00,1.02899,1.02899,1.02866,1.02866,125.099998950958
2025-01-03T16:12:00,1.02867,1.02872,1.0286,1.02862,121.619999103248
2025-01-03T16:13:00,1.02863,1.02889,1.02862,1.02886,118.799998760223
2025-01-03T16:14:00,1.02886,1.02896,1.02884,1.02893,86.1899992451072
2025-01-03T16:15:00,1.02894,1.02916,1.02894,1.02912,150.220000371337
2025-01-03T16:16:00,1.02912,1.02927,1.02912,1.02913,115.739999487996
2025-01-03T16:17:00,1.02914,1.02927,1.02904,1.02923,198.599998429418
2025-01-03T16:18:00,1.02923,1.02938,1.02921,1.02921,196.169999398291
2025-01-03T16:19:00,1.02921,1.02939,1.02914,1.02929,190.549999833107
2025-01-03T16:20:00,1.02928,1.02931,1.02911,1.02914,113.759999670088
2025-01-03T16:21:00,1.02914,1.02921,1.02898,1.0292,88.1399996429682
2025-01-03T16:22:00,1.02922,1.02926,1.02918,1.02919,72.0299991816282
2025-01-03T16:23:00,1.02918,1.0293,1.02918,1.0292,84.7799994945526
2025-01-03T16:24:00,1.0292,1.02931,1.02919,1.02925,93.6299987658858
2025-01-03T16:25:00,1.02924,1.02926,1.02913,1.02924,76.2299995943904
2025-01-03T16:26:00,1.02923,1.02927,1.02918,1.02925,56.7299989536405
2025-01-03T16:27:00,1.02926,1.02935,1.02918,1.02927,81.1799993515015
2025-01-03T16:28:00,1.0293,1.02947,1.02929,1.02947,53.7900002971292
2025-01-03T16:29:00,1.02947,1.02959,1.02946,1.02956,78.3299996331334
2025-01-03T16:30:00,1.02957,1.0298,1.02954,1.0298,97.4199992343783
2025-01-03T16:31:00,1.0298,1.02988,1.02977,1.02985,105.109999120235
2025-01-03T16:32:00,1.02984,1.02992,1.02979,1.02991,125.899999089539
2025-01-03T16:33:00,1.02991,1.02997,1.02984,1.02985,91.4399997144938
2025-01-03T16:34:00,1.02986,1.02991,1.02984,1.02991,105.299998998642
2025-01-03T16:35:00,1.0299,1.0299,1.02969,1.02969,65.6999992132187
2025-01-03T16:36:00,1.0297,1.02977,1.0296,1.0296,109.889998972416
2025-01-03T16:37:00,1.0296,1.02964,1.02941,1.02946,150.929999113083
2025-01-03T16:38:00,1.02947,1.02952,1.02938,1.02942,84.6899998784065
2025-01-03T16:39:00,1.02941,1.02944,1.02918,1.02921,178.649999797344
2025-01-03T16:40:00,1.0292,1.02922,1.02907,1.02907,119.340000331402
2025-01-03T16:41:00,1.02907,1.02908,1.02876,1.0288,146.340000331402
2025-01-03T16:42:00,1.02881,1.02883,1.02876,1.02879,161.540000781417
2025-01-03T16:43:00,1.02878,1.02878,1.02866,1.02866,166.370000772178
2025-01-03T16:44:00,1.02867,1.02897,1.02866,1.02897,123.899998649955
2025-01-03T16:45:00,1.02896,1.02896,1.02881,1.02893,64.8899992704391
2025-01-03T16:46:00,1.02895,1.02908,1.02889,1.02891,148.860000312328
2025-01-03T16:47:00,1.02891,1.029,1.02878,1.02878,134.819999374449
2025-01-03T16:48:00,1.0288,1.02891,1.02879,1.02881,84.869999781251
2025-01-03T16:49:00,1.02882,1.02882,1.02868,1.02869,43.7399995103478
2025-01-03T16:50:00,1.0287,1.02882,1.02866,1.02882,100.019999355078
2025-01-03T16:51:00,1.02883,1.02887,1.02864,1.02869,90.2699996829033
2025-01-03T16:52:00,1.02869,1.02869,1.02838,1.02845,153.99000030756
2025-01-03T16:53:00,1.02846,1.02851,1.02835,1.02838,71.729999423027
2025-01-03T16:54:00,1.02838,1.02854,1.02837,1.02853,70.8600001260638
2025-01-03T16:55:00,1.02853,1.02874,1.02853,1.02871,82.3499997854233
2025-01-03T16:56:00,1.02872,1.02872,1.02858,1.02863,67.0499995946884
2025-01-03T16:57:00,1.02864,1.0288,1.02864,1.02877,95.9399996995926
2025-01-03T16:58:00,1.02878,1.02893,1.02875,1.02887,101.609999358654
2025-01-03T16:59:00,1.02888,1.02907,1.02888,1.02907,58.9799994155765
2025-01-03T17:00:00,1.02908,1.02939,1.02908,1.02939,87.0299997106194
2025-01-03T17:01:00,1.02939,1.02939,1.02915,1.02923,123.23999851197
2025-01-03T17:02:00,1.02925,1.0294,1.02917,1.02918,199.439997114241
2025-01-03T17:03:00,1.0292,1.02939,1.02919,1.02938,118.139998972416
2025-01-03T17:04:00,1.02937,1.02963,1.02927,1.02963,130.739998206496
2025-01-03T17:05:00,1.02962,1.02975,1.02962,1.02973,112.769998885691
2025-01-03T17:06:00,1.02973,1.02995,1.02973,1.02993,118.979999125004
2025-01-03T17:07:00,1.02993,1.03024,1.02993,1.0302,123.599999271333
2025-01-03T17:08:00,1.0302,1.03027,1.0301,1.03027,99.6299987435341
2025-01-03T17:09:00,1.03027,1.03033,1.03018,1.03032,78.569999538362
2025-01-03T17:10:00,1.03031,1.03031,1.03008,1.03025,156.329998493195
2025-01-03T17:11:00,1.03025,1.03026,1.03006,1.03025,89.6699992716312
2025-01-03T17:12:00,1.03025,1.03028,1.03017,1.0302,126.059999749064
2025-01-03T17:13:00,1.03022,1.03024,1.03012,1.03022,88.3800000548363
2025-01-03T17:14:00,1.03023,1.03025,1.03018,1.03025,60.509999923408
2025-01-03T17:15:00,1.03025,1.03043,1.03024,1.0304,95.609998844564
2025-01-03T17:16:00,1.03042,1.03044,1.03038,1.0304,85.439999088645
2025-01-03T17:17:00,1.03039,1.03045,1.03036,1.03036,40.9500000402331
2025-01-03T17:18:00,1.03037,1.03039,1.03029,1.03035,39.7199999839067
2025-01-03T17:19:00,1.03035,1.03035,1.03014,1.03014,72.4199995845556
2025-01-03T17:20:00,1.03013,1.03023,1.02998,1.02998,125.279999554157
2025-01-03T17:21:00,1.02999,1.03003,1.02989,1.02999,119.880000054836
2025-01-03T17:22:00,1.02998,1.03007,1.02998,1.03001,100.439999461174
2025-01-03T17:23:00,1.03002,1.03014,1.02999,1.03014,122.400001168251
2025-01-03T17:24:00,1.03015,1.03025,1.03011,1.03021,112.049999952316
2025-01-03T17:25:00,1.03023,1.03038,1.03021,1.0303,118.799999147654
2025-01-03T17:26:00,1.03029,1.0303,1.03005,1.03008,77.069999538362
2025-01-03T17:27:00,1.03009,1.03017,1.03009,1.03013,107.249999389052
2025-01-03T17:28:00,1.03015,1.03015,1.03004,1.03014,98.159999102354
2025-01-03T17:29:00,1.03014,1.03023,1.03009,1.03022,70.8599993735552
2025-01-03T17:30:00,1.03023,1.03038,1.03023,1.03037,79.109999358654
2025-01-03T17:31:00,1.03038,1.03042,1.03035,1.0304,87.749999679625
2025-01-03T17:32:00,1.03042,1.03057,1.03042,1.03048,82.5599997341633
2025-01-03T17:33:00,1.0305,1.03053,1.03043,1.03043,67.4699998944998
2025-01-03T17:34:00,1.03044,1.03044,1.0303,1.03038,101.519999444485
2025-01-03T17:35:00,1.03036,1.03036,1.03021,1.03021,141.41000020504
2025-01-03T17:36:00,1.03022,1.03022,1.02998,1.02998,70.2899999022484
2025-01-03T17:37:00,1.02999,1.02999,1.02989,1.02989,76.1400000452995
2025-01-03T17:38:00,1.02989,1.02994,1.02984,1.02993,91.1000003218651
2025-01-03T17:39:00,1.02994,1.03016,1.02993,1.03014,109.979998826981
2025-01-03T17:40:00,1.03014,1.03042,1.03008,1.03034,97.9799999222159
2025-01-03T17:41:00,1.03034,1.03036,1.03022,1.03024,61.4699996486306
2025-01-03T17:42:00,1.03023,1.03038,1.03019,1.03035,41.310000218451
2025-01-03T17:43:00,1.03036,1.03038,1.03005,1.03007,77.5200000330806
2025-01-03T17:44:00,1.03006,1.03008,1.02998,1.02998,57.8699997663498
2025-01-03T17:45:00,1.02997,1.03003,1.02994,1.02998,75.9299994558096
2025-01-03T17:46:00,1.02999,1.0301,1.02995,1.0301,54.5699995830655
2025-01-03T17:47:00,1.03009,1.03015,1.03003,1.0301,86.2199994921684
2025-01-03T17:48:00,1.03012,1.03024,1.03003,1.03017,102.26999977231
2025-01-03T17:49:00,1.03019,1.03019,1.03001,1.03012,94.9500005841255
2025-01-03T17:50:00,1.03011,1.03028,1.03003,1.03003,156.030000001192
2025-01-03T17:51:00,1.03003,1.03004,1.02994,1.02994,95.870001077652
2025-01-03T17:52:00,1.02993,1.02997,1.02981,1.02981,194.300000846386
2025-01-03T17:53:00,1.02981,1.02997,1.02976,1.02997,356.379998974502
2025-01-03T17:54:00,1.02997,1.02998,1.02988,1.02997,361.259997665882
2025-01-03T17:55:00,1.02997,1.02997,1.02977,1.02978,377.599998287857
2025-01-03T17:56:00,1.02977,1.02985,1.02972,1.02977,219.009999364614
2025-01-03T17:57:00,1.02978,1.02987,1.02974,1.02977,204.359999619424
2025-01-03T17:58:00,1.02976,1.02989,1.02976,1.02987,100.799998998642
2025-01-03T17:59:00,1.02986,1.02986,1.02975,1.02979,186.370000302792
2025-01-03T18:00:00,1.02979,1.02986,1.02963,1.02966,205.409999005497
2025-01-03T18:01:00,1.02967,1.02973,1.0296,1.0296,203.809998646379
2025-01-03T18:02:00,1.02961,1.02972,1.02942,1.02943,479.579998932779
2025-01-03T18:03:00,1.02942,1.02943,1.02927,1.02929,296.999998606741
2025-01-03T18:04:00,1.02927,1.02942,1.02924,1.02938,239.699996821582
2025-01-03T18:05:00,1.02939,1.02953,1.02939,1.02943,93.2399997338653
2025-01-03T18:06:00,1.02941,1.02944,1.02935,1.02943,222.929997913539
2025-01-03T18:07:00,1.02944,1.02948,1.02942,1.02944,191.069998919964
2025-01-03T18:08:00,1.02943,1.02952,1.02934,1.02952,179.729999542236
2025-01-03T18:09:00,1.02953,1.02955,1.02947,1.02952,245.339999079704
2025-01-03T18:10:00,1.02952,1.02952,1.0294,1.02947,237.119999349117
2025-01-03T18:11:00,1.02948,1.02962,1.02945,1.02962,165.709998965263
2025-01-03T18:12:00,1.02962,1.02979,1.0296,1.02979,122.729999035597
2025-01-03T18:13:00,1.02978,1.02979,1.02973,1.02974,21.9200000688434
2025-01-03T18:14:00,1.02972,1.02982,1.02965,1.02981,124.990000605583
2025-01-03T18:15:00,1.02981,1.02981,1.02969,1.02969,116.799999773502
2025-01-03T18:16:00,1.02969,1.02973,1.02962,1.02969,169.079999580979
2025-01-03T18:17:00,1.0297,1.02984,1.02968,1.0298,182.249999284744
2025-01-03T18:18:00,1.02982,1.02982,1.02972,1.02978,172.220000617206
2025-01-03T18:19:00,1.02976,1.02976,1.02968,1.02971,149.009999856353
2025-01-03T18:20:00,1.0297,1.02986,1.0297,1.02985,222.32000002265
2025-01-03T18:21:00,1.02986,1.0299,1.02978,1.02979,123.849999785423
2025-01-03T18:22:00,1.02981,1.02982,1.02977,1.02979,55.4200006648898
2025-01-03T18:23:00,1.02979,1.02985,1.02978,1.02981,48.8900002390146
2025-01-03T18:24:00,1.02981,1.02991,1.02979,1.02989,52.9199996441603
2025-01-03T18:25:00,1.0299,1.03012,1.0299,1.03007,97.0899991616607
2025-01-03T18:26:00,1.03008,1.03012,1.03004,1.03011,115.809998780489
2025-01-03T18:27:00,1.0301,1.03012,1.02995,1.02999,116.979999519885
2025-01-03T18:28:00,1.03,1.0301,1.02996,1.03009,43.2700000628829
2025-01-03T18:29:00,1.03009,1.03013,1.03007,1.03012,82.7800006866455
2025-01-03T18:30:00,1.0301,1.03013,1.0298,1.02991,221.349998831749
2025-01-03T18:31:00,1.0299,1.03002,1.02988,1.02996,105.839998960495
2025-01-03T18:32:00,1.02996,1.03013,1.02996,1.0301,50.7699998617172
2025-01-03T18:33:00,1.03011,1.03021,1.0301,1.03017,123.629998981953
2025-01-03T18:34:00,1.03016,1.03017,1.03006,1.03007,164.789999902248
2025-01-03T18:35:00,1.03008,1.03008,1.03001,1.03007,136.800000190735
2025-01-03T18:36:00,1.03007,1.03009,1.03003,1.03003,127.799999833107
2025-01-03T18:37:00,1.03005,1.03008,1.03,1.03,73.2200000956655
2025-01-03T18:38:00,1.03001,1.03008,1.03,1.03003,58.9499988555908
2025-01-03T18:39:00,1.03002,1.03005,1.03,1.03003,95.5100002288818
2025-01-03T18:40:00,1.03002,1.03012,1.03002,1.03007,80.8199996575713
2025-01-03T18:41:00,1.03008,1.03019,1.03008,1.03014,80.2199994847178
2025-01-03T18:42:00,1.03014,1.03014,1.02992,1.02992,128.559999287128
2025-01-03T18:43:00,1.02992,1.02992,1.02975,1.02976,192.129999957979
2025-01-03T18:44:00,1.02976,1.02987,1.02975,1.0298,55.349999666214
2025-01-03T18:45:00,1.02982,1.02989,1.02981,1.02988,26.9999992847443
2025-01-03T18:46:00,1.02989,1.02992,1.02985,1.0299,30.599999666214
2025-01-03T18:47:00,1.0299,1.0299,1.02975,1.02978,36.449999332428
2025-01-03T18:48:00,1.02977,1.02977,1.02962,1.02963,29.3699997588992
2025-01-03T18:49:00,1.02962,1.02964,1.02962,1.02963,9.44999974966049
2025-01-03T18:50:00,1.02964,1.02969,1.02957,1.0296,67.8199999853969
2025-01-03T18:51:00,1.02963,1.02968,1.02955,1.02956,53.7299999594688
2025-01-03T18:52:00,1.02956,1.02967,1.02956,1.02964,59.669999577105
2025-01-03T18:53:00,1.02964,1.02964,1.02937,1.0294,78.2099988460541
2025-01-03T18:54:00,1.02942,1.02948,1.02942,1.02944,43.9199995994568
2025-01-03T18:55:00,1.02944,1.02946,1.02943,1.02946,12.6899998188019
2025-01-03T18:56:00,1.02946,1.02955,1.02943,1.02953,24.3899997472763
2025-01-03T18:57:00,1.02955,1.02957,1.02954,1.02957,32.3999998569489
2025-01-03T18:58:00,1.02959,1.02963,1.02954,1.02962,26.7599994465709
2025-01-03T18:59:00,1.02963,1.02976,1.02963,1.02973,47.4600000306964
2025-01-03T19:00:00,1.02971,1.02971,1.02959,1.0296,39.2599993869662
2025-01-03T19:01:00,1.02959,1.02962,1.02948,1.02949,37.889999628067
2025-01-03T19:02:00,1.0295,1.02954,1.02945,1.02952,59.7099993079901
2025-01-03T19:03:00,1.02953,1.02953,1.02944,1.02945,33.2999997138977
2025-01-03T19:04:00,1.02945,1.02945,1.02937,1.0294,47.7300004884601
2025-01-03T19:05:00,1.02939,1.02947,1.02937,1.02937,82.4400004148483
2025-01-03T19:06:00,1.02938,1.02957,1.02938,1.02957,59.2199997901917
2025-01-03T19:07:00,1.02957,1.0296,1.02957,1.02958,32.7599995136261
2025-01-03T19:08:00,1.02958,1.02967,1.02958,1.02963,52.2899987697601
2025-01-03T19:09:00,1.02965,1.02967,1.02962,1.02967,26.099999666214
2025-01-03T19:10:00,1.02969,1.02984,1.02969,1.02984,44.0399998351932
2025-01-03T19:11:00,1.02982,1.02982,1.02975,1.02978,13.4999997615814
2025-01-03T19:12:00,1.02978,1.02978,1.02963,1.02963,49.9499996900558
2025-01-03T19:13:00,1.02963,1.02964,1.0296,1.02961,31.5899994373322
2025-01-03T19:14:00,1.02962,1.02979,1.02962,1.02979,55.0200002789497
2025-01-03T19:15:00,1.02979,1.02983,1.02975,1.02982,99.3800011053681
2025-01-03T19:16:00,1.02984,1.03004,1.02983,1.03004,38.50999969244
2025-01-03T19:17:00,1.03003,1.03014,1.03002,1.03014,44.9999990463257
2025-01-03T19:18:00,1.03013,1.03013,1.03002,1.03003,25.8299996852875
2025-01-03T19:19:00,1.03004,1.03019,1.03004,1.03015,25.229999512434
2025-01-03T19:20:00,1.03014,1.03016,1.03007,1.03008,35.0999995470047
2025-01-03T19:21:00,1.03007,1.03009,1.03007,1.03008,17.099999666214
2025-01-03T19:22:00,1.03009,1.03021,1.03009,1.03019,25.4299996271729
2025-01-03T19:23:00,1.03018,1.0302,1.03017,1.03018,16.6499999165535
2025-01-03T19:24:00,1.03017,1.03017,1.03009,1.03014,54.4199994653463
2025-01-03T19:25:00,1.03015,1.03022,1.03014,1.03022,66.5399992763996
2025-01-03T19:26:00,1.03021,1.03023,1.03019,1.03019,43.2899992465973
2025-01-03T19:27:00,1.0302,1.03045,1.0302,1.03043,63.3299995809793
2025-01-03T19:28:00,1.03043,1.03045,1.0303,1.03043,48.3999990150332
2025-01-03T19:29:00,1.03044,1.03044,1.03037,1.03037,154.40999879688
2025-01-03T19:30:00,1.03037,1.0304,1.03037,1.03039,75.3299986720085
2025-01-03T19:31:00,1.03038,1.03038,1.0303,1.03034,74.700000166893
2025-01-03T19:32:00,1.03032,1.0304,1.03027,1.03039,53.999999165535
2025-01-03T19:33:00,1.03036,1.03041,1.03034,1.03034,41.3999990224838
2025-01-03T19:34:00,1.03034,1.03034,1.0303,1.03034,21.5999995470047
2025-01-03T19:35:00,1.03035,1.03045,1.03035,1.03044,21.6899996995926
2025-01-03T19:36:00,1.03045,1.03054,1.03044,1.03052,32.9399998188019
2025-01-03T19:37:00,1.03052,1.03059,1.0305,1.03059,34.5599993467331
2025-01-03T19:38:00,1.03059,1.03059,1.03055,1.03055,9.89999973773956
2025-01-03T19:39:00,1.03054,1.03054,1.03051,1.03054,12.599999666214
2025-01-03T19:40:00,1.03053,1.03053,1.03043,1.03044,20.6999999284744
2025-01-03T19:41:00,1.03044,1.03044,1.03035,1.03044,24.2999997138977
2025-01-03T19:42:00,1.03044,1.03049,1.03042,1.03043,24.7499996423721
2025-01-03T19:43:00,1.03044,1.03044,1.0304,1.03044,9.08999979496002
2025-01-03T19:44:00,1.03045,1.03055,1.03045,1.03055,35.9999994039536
2025-01-03T19:45:00,1.03054,1.03055,1.03045,1.03049,69.9899992793798
2025-01-03T19:46:00,1.03049,1.0305,1.03047,1.03049,36.4499994516373
2025-01-03T19:47:00,1.03048,1.03048,1.03033,1.03035,53.1899992972612
2025-01-03T19:48:00,1.03036,1.03037,1.03035,1.03036,35.4299998879433
2025-01-03T19:49:00,1.03036,1.03036,1.03034,1.03035,15.8400000855327
2025-01-03T19:50:00,1.03035,1.03036,1.03024,1.03026,21.0100000053644
2025-01-03T19:51:00,1.03025,1.03025,1.03009,1.03009,53.0999998003244
2025-01-03T19:52:00,1.03009,1.03009,1.02995,1.02995,45.6599995419383
2025-01-03T19:53:00,1.02996,1.03001,1.02996,1.03,80.4399991557002
2025-01-03T19:54:00,1.03001,1.03012,1.03,1.03001,37.7699996680021
2025-01-03T19:55:00,1.03,1.03001,1.02989,1.02994,79.7699992954731
2025-01-03T19:56:00,1.02994,1.03,1.02985,1.0299,80.7299987077713
2025-01-03T19:57:00,1.02991,1.03008,1.0299,1.03006,39.0899990350008
2025-01-03T19:58:00,1.03007,1.03025,1.03007,1.03021,39.0599995180964
2025-01-03T19:59:00,1.03022,1.03025,1.0301,1.03012,114.719999283552
2025-01-03T20:00:00,1.03011,1.03011,1.02993,1.02993,120.179999142885
2025-01-03T20:01:00,1.02992,1.03001,1.02987,1.03001,61.6799995750189
2025-01-03T20:02:00,1.03001,1.0301,1.03001,1.03009,107.759998731315
2025-01-03T20:03:00,1.03009,1.03019,1.03008,1.03019,44.2799988985062
2025-01-03T20:04:00,1.03019,1.03019,1.03008,1.03009,67.7399994730949
2025-01-03T20:05:00,1.0301,1.03018,1.03005,1.0301,43.4999990984797
2025-01-03T20:06:00,1.03009,1.03024,1.03007,1.03021,50.5199991390109
2025-01-03T20:07:00,1.03021,1.03042,1.0302,1.03042,45.2099997028708
2025-01-03T20:08:00,1.03043,1.03046,1.03025,1.0303,70.7999994009733
2025-01-03T20:09:00,1.0303,1.03034,1.03027,1.03034,48.5999995470047
2025-01-03T20:10:00,1.03037,1.03038,1.03031,1.03038,41.7899993360043
2025-01-03T20:11:00,1.03037,1.03044,1.03036,1.03044,51.8399990573525
2025-01-03T20:12:00,1.03044,1.03051,1.03038,1.03048,117.449998855591
2025-01-03T20:13:00,1.03048,1.03056,1.03045,1.03056,34.2899992465973
2025-01-03T20:14:00,1.03056,1.03065,1.03053,1.03065,41.2199989557266
2025-01-03T20:15:00,1.03065,1.03065,1.03057,1.03062,34.4999995157123
2025-01-03T20:16:00,1.03061,1.03066,1.03058,1.03066,48.7199995443225
2025-01-03T20:17:00,1.03066,1.03075,1.03066,1.03069,58.5299992263317
2025-01-03T20:18:00,1.03069,1.03073,1.03064,1.03071,80.6999996751547
2025-01-03T20:19:00,1.03071,1.03071,1.03059,1.0306,100.499998494983
2025-01-03T20:20:00,1.0306,1.03063,1.03047,1.03052,62.8699988648295
2025-01-03T20:21:00,1.03051,1.03051,1.03047,1.03051,30.8699994087219
2025-01-03T20:22:00,1.03052,1.0306,1.0305,1.0306,25.769999653101
2025-01-03T20:23:00,1.03059,1.0306,1.03055,1.03056,31.6199997588992
2025-01-03T20:24:00,1.03056,1.03056,1.03046,1.03046,38.4599998295307
2025-01-03T20:25:00,1.03046,1.0305,1.03045,1.0305,23.6699993610382
2025-01-03T20:26:00,1.03049,1.03049,1.0304,1.03042,31.919999524951
2025-01-03T20:27:00,1.03042,1.03044,1.0304,1.0304,13.6799998879433
2025-01-03T20:28:00,1.03038,1.03038,1.03023,1.03029,64.7299991622567
2025-01-03T20:29:00,1.0303,1.03031,1.03028,1.03029,18.0899996757507
2025-01-03T20:30:00,1.03028,1.0303,1.0302,1.0302,48.9599996805191
2025-01-03T20:31:00,1.03021,1.03031,1.03021,1.03029,48.9599989652634
2025-01-03T20:32:00,1.03028,1.03029,1.03028,1.03028,46.4400000572205
2025-01-03T20:33:00,1.03029,1.03031,1.03029,1.0303,14.3999999761581
2025-01-03T20:34:00,1.03031,1.03036,1.03031,1.03035,40.4999992847443
2025-01-03T20:35:00,1.03037,1.03037,1.0303,1.03034,15.299999833107
2025-01-03T20:36:00,1.03033,1.03033,1.0302,1.03021,54.2100003361702
2025-01-03T20:37:00,1.0302,1.0302,1.0301,1.03017,60.3199989795685
2025-01-03T20:38:00,1.03016,1.03025,1.03016,1.03024,23.6099996268749
2025-01-03T20:39:00,1.03024,1.03024,1.03019,1.03023,35.5499991774559
2025-01-03T20:40:00,1.03022,1.03023,1.03015,1.03017,28.8499997183681
2025-01-03T20:41:00,1.03016,1.0302,1.03014,1.0302,38.2499997615814
2025-01-03T20:42:00,1.03018,1.0302,1.03009,1.03009,43.6099992915988
2025-01-03T20:43:00,1.0301,1.03015,1.03009,1.03014,48.7199997231364
2025-01-03T20:44:00,1.03013,1.0302,1.03013,1.03017,49.0499999523163
2025-01-03T20:45:00,1.03018,1.0302,1.03015,1.0302,43.5399999544024
2025-01-03T20:46:00,1.0302,1.03024,1.03014,1.0302,43.2599989026785
2025-01-03T20:47:00,1.03019,1.03026,1.03018,1.03026,37.2600000053644
2025-01-03T20:48:00,1.03025,1.03025,1.03017,1.03017,49.5199991464615
2025-01-03T20:49:00,1.03017,1.03021,1.03013,1.03019,76.1400008797646
2025-01-03T20:50:00,1.03018,1.03035,1.03018,1.03035,30.2099995464087
2025-01-03T20:51:00,1.03034,1.03049,1.03034,1.03049,59.2800001725554
2025-01-03T20:52:00,1.03048,1.03054,1.03045,1.03054,21.5399997085333
2025-01-03T20:53:00,1.03052,1.03057,1.03049,1.03049,39.8999999091029
2025-01-03T20:54:00,1.03049,1.03057,1.03049,1.03054,37.7699999436736
2025-01-03T20:55:00,1.03054,1.03061,1.03049,1.03054,50.9699992388487
2025-01-03T20:56:00,1.03054,1.03063,1.03054,1.03059,27.8399997800589
2025-01-03T20:57:00,1.03063,1.03064,1.03053,1.03064,74.1099992990494
2025-01-03T20:58:00,1.03065,1.03071,1.03062,1.03062,35.5199993923306
2025-01-03T20:59:00,1.03062,1.03062,1.03055,1.03059,40.3899999856949
2025-01-03T21:00:00,1.03058,1.03058,1.03047,1.03052,51.5699999630451
2025-01-03T21:01:00,1.03051,1.03072,1.03051,1.03071,30.8699997067451
2025-01-03T21:02:00,1.03069,1.03075,1.03065,1.03075,89.9999994039536
2025-01-03T21:03:00,1.03075,1.03082,1.03072,1.03078,91.8000005483627
2025-01-03T21:04:00,1.03078,1.0308,1.03076,1.03078,51.5699998736382
2025-01-03T21:05:00,1.03077,1.0309,1.03077,1.0309,58.4999995157123
2025-01-03T21:06:00,1.03091,1.03091,1.03084,1.03091,33.7499993816018
2025-01-03T21:07:00,1.03091,1.03096,1.03087,1.03088,36.8999998345971
2025-01-03T21:08:00,1.03088,1.03092,1.03084,1.03092,9.71999999135733
2025-01-03T21:09:00,1.03093,1.03099,1.03093,1.03098,22.6799999624491
2025-01-03T21:10:00,1.03096,1.03096,1.03093,1.03093,11.4599997699261
2025-01-03T21:11:00,1.03093,1.03093,1.03089,1.03089,22.6799998283386
2025-01-03T21:12:00,1.0309,1.0309,1.0309,1.0309,0.239999994635582
2025-01-03T21:13:00,1.03089,1.03089,1.03075,1.03075,42.5899996757507
2025-01-03T21:14:00,1.03076,1.03077,1.03071,1.03071,68.4400000572205
2025-01-03T21:15:00,1.0307,1.03071,1.03068,1.03068,40.0499994754791
2025-01-03T21:16:00,1.0307,1.0307,1.03068,1.03068,10.7999999523163
2025-01-03T21:17:00,1.03069,1.03069,1.03068,1.03069,11.789999961853
2025-01-03T21:18:00,1.03068,1.03069,1.03065,1.03068,26.5799999162555
2025-01-03T21:19:00,1.03069,1.03071,1.03067,1.03067,61.2000007629395
2025-01-03T21:20:00,1.03068,1.03076,1.03067,1.03075,116.430000171065
2025-01-03T21:21:00,1.03074,1.03078,1.03074,1.03075,20.76000033319
2025-01-03T21:22:00,1.03076,1.03076,1.03075,1.03076,9.30000006407499
2025-01-03T21:23:00,1.03075,1.03075,1.03072,1.03072,17.2799997329712
2025-01-03T21:24:00,1.03071,1.03071,1.03065,1.03071,69.1700006425381
2025-01-03T21:25:00,1.03071,1.03072,1.0307,1.03072,3.21000008285046
2025-01-03T21:26:00,1.03071,1.03071,1.03067,1.03071,8.36999969929457
2025-01-03T21:27:00,1.03069,1.03074,1.03069,1.03072,21.8699999004602
2025-01-03T21:28:00,1.03071,1.03071,1.03069,1.0307,9.18000000715256
2025-01-03T21:29:00,1.03072,1.03079,1.03068,1.03076,84.3499993234873
2025-01-03T21:30:00,1.03076,1.03077,1.03069,1.03069,19.0199996903539
2025-01-03T21:31:00,1.03069,1.03074,1.03069,1.03074,15.8100001066923
2025-01-03T21:32:00,1.03076,1.03078,1.03074,1.03075,14.8399999439716
2025-01-03T21:33:00,1.03075,1.03077,1.03075,1.03077,3.06000005453825
2025-01-03T21:34:00,1.03077,1.03077,1.03072,1.03072,12.0000000521541
2025-01-03T21:35:00,1.03071,1.03071,1.03064,1.03064,14.1700001657009
2025-01-03T21:36:00,1.03062,1.03064,1.03062,1.03064,11.6099998950958
2025-01-03T21:37:00,1.03063,1.03064,1.03062,1.03062,9.44999998807907
2025-01-03T21:38:00,1.03062,1.03062,1.03058,1.03058,11.6100000739098
2025-01-03T21:39:00,1.03059,1.03063,1.03058,1.0306,19.5300002396107
2025-01-03T21:40:00,1.03059,1.03059,1.03059,1.03059,0.119999997317791
2025-01-03T21:41:00,1.03058,1.0306,1.03058,1.03059,2.81999990344048
2025-01-03T21:42:00,1.03059,1.03059,1.03058,1.03059,9.7199998870492
2025-01-03T21:43:00,1.03059,1.03068,1.03059,1.03066,10.1999999731779
2025-01-03T21:44:00,1.03067,1.03072,1.03067,1.0307,13.1700000241399
2025-01-03T21:45:00,1.0307,1.03079,1.03069,1.03069,47.5499997586012
2025-01-03T21:46:00,1.03068,1.0307,1.03068,1.0307,8.09999990463257
2025-01-03T21:47:00,1.03068,1.03069,1.03066,1.03066,90.2200009226799
2025-01-03T21:48:00,1.03067,1.03077,1.03067,1.03076,79.6199999451637
2025-01-03T21:49:00,1.03076,1.03079,1.03073,1.03076,105.120000004768
2025-01-03T21:50:00,1.03077,1.03077,1.03073,1.03073,71.5499999523163
2025-01-03T21:51:00,1.03074,1.03078,1.03074,1.03076,88.200001001358
2025-01-03T21:52:00,1.03076,1.03077,1.03075,1.03076,52.2000007033348
2025-01-03T21:53:00,1.03077,1.03081,1.03076,1.03079,103.950000703335
2025-01-03T21:54:00,1.03079,1.0308,1.03077,1.03078,25.1999999880791
2025-01-03T21:55:00,1.03077,1.03082,1.03077,1.0308,50.3999992012978
2025-01-03T21:56:00,1.03083,1.03091,1.03077,1.03083,76.949999332428
2025-01-03T21:57:00,1.03083,1.03088,1.03081,1.03088,29.6999992132187
2025-01-03T21:58:00,1.0309,1.0309,1.03081,1.03081,14.3999996185303
2025-01-03T21:59:00,1.03081,1.03081,1.03066,1.03066,26.5499996542931
2025-01-05T22:00:00,1.03015,1.03018,1.03015,1.03018,2.22000002861023
2025-01-05T22:01:00,1.03018,1.03018,1.03018,1.03018,0.75
2025-01-05T22:04:00,1.03018,1.03033,1.03018,1.03026,26.8499999046326
2025-01-05T22:05:00,1.03027,1.03027,1.03026,1.03026,11.25
2025-01-05T22:06:00,1.03027,1.03031,1.03026,1.03031,8.18999999761581
2025-01-05T22:07:00,1.03031,1.03031,1.03031,1.03031,2.99000000953674
2025-01-05T22:08:00,1.03031,1.03031,1.03031,1.03031,2.9300000667572
2025-01-05T22:09:00,1.03031,1.03031,1.03031,1.03031,3.65000009536743
2025-01-05T22:10:00,1.03031,1.03031,1.03031,1.03031,2.92000007629395
2025-01-05T22:11:00,1.03031,1.03033,1.03031,1.03033,4.83000010251999
2025-01-05T22:12:00,1.03033,1.03033,1.03033,1.03033,1.46000003814697
2025-01-05T22:13:00,1.03033,1.03033,1.03033,1.03033,1.46000003814697
2025-01-05T22:14:00,1.03033,1.03033,1.03033,1.03033,11.6800003051758
2025-01-05T22:15:00,1.03033,1.03034,1.03033,1.03033,10.3300001621246
2025-01-05T22:16:00,1.03033,1.03042,1.03033,1.03041,15.1299996376038
2025-01-05T22:17:00,1.03041,1.03041,1.0304,1.03041,4.49999988079071
2025-01-05T22:18:00,1.0304,1.0304,1.03039,1.0304,7.19999980926514
2025-01-05T22:19:00,1.0304,1.0304,1.03039,1.03039,9.89999973773956
2025-01-05T22:20:00,1.03039,1.0304,1.03039,1.0304,1.79999995231628
2025-01-05T22:21:00,1.03039,1.03043,1.03039,1.03042,11.6999996900558
2025-01-05T22:22:00,1.03043,1.03044,1.03043,1.03044,2.69999992847443
2025-01-05T22:23:00,1.03044,1.03044,1.03044,1.03044,2.25
2025-01-05T22:24:00,1.03046,1.03046,1.03045,1.03046,3.90999987721443
2025-01-05T22:25:00,1.03046,1.03046,1.03046,1.03046,3.59999990463257
2025-01-05T22:26:00,1.03049,1.03051,1.03048,1.03048,9.44999974966049
2025-01-05T22:27:00,1.03048,1.0305,1.03047,1.03047,6.83999979496002
2025-01-05T22:28:00,1.03047,1.03047,1.03047,1.03047,2.2399999499321
2025-01-05T22:29:00,1.03047,1.03047,1.03047,1.03047,1.91999995708466
2025-01-05T22:30:00,1.03047,1.03047,1.03047,1.03047,2.71999993920326
2025-01-05T22:31:00,1.03047,1.03047,1.03047,1.03047,1.43999996781349
2025-01-05T22:32:00,1.03047,1.03047,1.03047,1.03047,0.959999978542328
2025-01-05T22:33:00,1.03041,1.03055,1.03041,1.03055,14.3999999761581
2025-01-05T22:34:00,1.03054,1.03054,1.03051,1.03051,11.2499997019768
2025-01-05T22:35:00,1.03054,1.03054,1.0305,1.03051,38.6999996900558
2025-01-05T22:36:00,1.03052,1.0306,1.03052,1.03057,7.19999980926514
2025-01-05T22:37:00,1.03055,1.03058,1.03054,1.03055,12.599999666214
2025-01-05T22:38:00,1.03058,1.03058,1.03055,1.03056,5.39999985694885
2025-01-05T22:39:00,1.03056,1.03059,1.03054,1.03054,12.599999666214
2025-01-05T22:40:00,1.03056,1.03056,1.03054,1.03056,3.59999990463257
2025-01-05T22:41:00,1.03054,1.03056,1.03054,1.03055,4.49999988079071
2025-01-05T22:42:00,1.03055,1.03057,1.03054,1.03054,6.29999983310699
2025-01-05T22:43:00,1.03058,1.03058,1.03051,1.03058,29.8499992191792
2025-01-05T22:44:00,1.03057,1.03058,1.03051,1.03058,17.5499995648861
2025-01-05T22:45:00,1.03058,1.03058,1.03051,1.03051,16.1999995708466
2025-01-05T22:46:00,1.03051,1.03061,1.03051,1.0306,39.149999588728
2025-01-05T22:47:00,1.0306,1.03061,1.03056,1.03059,37.3499990105629
2025-01-05T22:48:00,1.03058,1.03061,1.03051,1.0306,54.7499997019768
2025-01-05T22:49:00,1.03059,1.03062,1.03059,1.03062,36.8999990224838
2025-01-05T22:50:00,1.03061,1.03062,1.03053,1.0306,46.9799990057945
2025-01-05T22:51:00,1.03059,1.03061,1.03045,1.03045,25.5899995565414
2025-01-05T22:52:00,1.03045,1.03045,1.03006,1.03011,57.1799994111061
2025-01-05T22:53:00,1.03011,1.03014,1.03009,1.03013,9.44999980926514
2025-01-05T22:54:00,1.03013,1.03014,1.03013,1.03013,4.04999989271164
2025-01-05T22:55:00,1.03012,1.03013,1.03012,1.03013,3.59999990463257
2025-01-05T22:56:00,1.03012,1.03012,1.02932,1.02971,130.989998012781
2025-01-05T22:57:00,1.02967,1.02985,1.02963,1.02985,54.1799993515015
2025-01-05T22:58:00,1.02987,1.0301,1.02985,1.02997,40.2299994826317
2025-01-05T22:59:00,1.02997,1.03014,1.02997,1.03009,43.0199990868568
2025-01-05T23:00:00,1.03009,1.03062,1.03009,1.03023,155.249997913837
2025-01-05T23:01:00,1.03022,1.03032,1.0302,1.03031,29.9999996870756
2025-01-05T23:02:00,1.0303,1.03031,1.03023,1.03023,33.5999996587634
2025-01-05T23:03:00,1.03026,1.03031,1.03024,1.03028,44.1799991056323
2025-01-05T23:04:00,1.03029,1.0304,1.03029,1.0304,17.5499997138977
2025-01-05T23:05:00,1.0304,1.0304,1.03029,1.03029,21.6000001430511
2025-01-05T23:06:00,1.03044,1.03046,1.03038,1.0304,58.4999986886978
2025-01-05T23:07:00,1.03039,1.03042,1.03039,1.03039,10.4400001764297
2025-01-05T23:08:00,1.03038,1.03038,1.03027,1.03028,31.469999872148
2025-01-05T23:09:00,1.03029,1.03039,1.03028,1.03039,5.19000005722046
2025-01-05T23:10:00,1.03039,1.03039,1.03035,1.03036,13.6799995675683
2025-01-05T23:11:00,1.03036,1.03038,1.03027,1.03036,27.9599999412894
2025-01-05T23:12:00,1.03036,1.0304,1.03027,1.03038,26.9399998858571
2025-01-05T23:13:00,1.03037,1.03052,1.03037,1.03045,20.8499996364117
2025-01-05T23:14:00,1.03047,1.03054,1.03045,1.03052,5.84999992698431
2025-01-05T23:15:00,1.03054,1.03059,1.03047,1.03058,13.0799999237061
2025-01-05T23:16:00,1.03058,1.03059,1.03057,1.03059,4.11000003665686
2025-01-05T23:17:00,1.03061,1.03064,1.03056,1.03057,13.5299998596311
2025-01-05T23:18:00,1.03057,1.0306,1.03057,1.0306,0.959999978542328
2025-01-05T23:19:00,1.03059,1.03065,1.03059,1.0306,8.48999995738268
2025-01-05T23:20:00,1.03059,1.03059,1.03057,1.03059,17.6099998503923
2025-01-05T23:21:00,1.0306,1.0306,1.03052,1.03052,10.7999999076128
2025-01-05T23:22:00,1.03052,1.03058,1.03047,1.03055,23.3399998173118
2025-01-05T23:23:00,1.03054,1.03056,1.03053,1.03055,11.1299999803305
2025-01-05T23:24:00,1.03054,1.03055,1.03053,1.03055,5.03999993950129
2025-01-05T23:25:00,1.03054,1.03056,1.03054,1.03055,5.69999992102385
2025-01-05T23:26:00,1.03055,1.03058,1.03055,1.03056,18.3299997672439
2025-01-05T23:27:00,1.03055,1.03058,1.03053,1.03058,15.4799998775125
2025-01-05T23:28:00,1.03057,1.03057,1.03054,1.03055,10.3399997875094
2025-01-05T23:29:00,1.03055,1.03056,1.03054,1.03054,8.09999978542328
2025-01-05T23:30:00,1.03053,1.03066,1.03049,1.03065,36.3599998503923
2025-01-05T23:31:00,1.03064,1.03064,1.03048,1.03058,60.7499993443489
2025-01-05T23:32:00,1.03057,1.03057,1.03048,1.03048,38.740000218153
2025-01-05T23:33:00,1.03047,1.03054,1.03042,1.03045,36.0599998086691
2025-01-05T23:34:00,1.03044,1.03048,1.03044,1.03045,9.89999973773956
2025-01-05T23:35:00,1.03044,1.03044,1.03035,1.03036,10.7999997138977
2025-01-05T23:36:00,1.03035,1.03042,1.03035,1.03042,22.0799996778369
2025-01-05T23:37:00,1.03042,1.03044,1.03041,1.03044,14.0099997371435
2025-01-05T23:38:00,1.03044,1.03051,1.03044,1.03049,22.859999537468
2025-01-05T23:39:00,1.0305,1.03051,1.0305,1.03051,7.46999990940094
2025-01-05T23:40:00,1.03051,1.0306,1.03051,1.0306,15.4200000315905
2025-01-05T23:41:00,1.03059,1.0307,1.03059,1.03065,21.3899999037385
2025-01-05T23:42:00,1.03064,1.03065,1.03064,1.03065,2.46000000834465
2025-01-05T23:43:00,1.03065,1.0307,1.03065,1.03069,3.05999999493361
2025-01-05T23:44:00,1.0307,1.03072,1.0307,1.03071,13.0800000876188
2025-01-05T23:45:00,1.0307,1.03073,1.0307,1.03072,9.23999997973442
2025-01-05T23:46:00,1.03071,1.03078,1.03066,1.03078,17.2799998596311
2025-01-05T23:47:00,1.03079,1.0308,1.03076,1.03079,3.68999994546175
2025-01-05T23:48:00,1.0308,1.0308,1.03079,1.0308,2.12999998033047
2025-01-05T23:49:00,1.03079,1.03079,1.03076,1.03077,15.719999872148
2025-01-05T23:50:00,1.03077,1.03077,1.03072,1.03076,11.8499998673797
2025-01-05T23:51:00,1.03075,1.03075,1.0306,1.0306,24.1199998408556
2025-01-05T23:52:00,1.0306,1.03062,1.03055,1.03057,34.1699997037649
2025-01-05T23:53:00,1.03055,1.03055,1.03044,1.03046,36.6599993631244
2025-01-05T23:54:00,1.03045,1.03047,1.03044,1.03047,20.3699999973178
2025-01-05T23:55:00,1.03047,1.03047,1.03042,1.03045,35.3399997800589
2025-01-05T23:56:00,1.03046,1.0305,1.0304,1.03049,40.9199998825788
2025-01-05T23:57:00,1.03049,1.03051,1.03046,1.03048,38.3699992597103
2025-01-05T23:58:00,1.03048,1.0305,1.03045,1.0305,30.3299993053079
2025-01-05T23:59:00,1.03048,1.03053,1.03045,1.03051,13.7699998915195
2025-01-06T00:00:00,1.03051,1.03053,1.03026,1.03026,119.939999759197
2025-01-06T00:01:00,1.03027,1.03042,1.03026,1.03037,73.5299997702241
2025-01-06T00:02:00,1.03038,1.0304,1.03028,1.03028,71.5599997490644
2025-01-06T00:03:00,1.03031,1.03032,1.03026,1.03027,78.5100003406405
2025-01-06T00:04:00,1.03026,1.03029,1.03014,1.03022,65.9699999690056
2025-01-06T00:05:00,1.03022,1.03023,1.03008,1.03013,76.589998960495
2025-01-06T00:06:00,1.03012,1.03014,1.03005,1.03006,34.1999994516373
2025-01-06T00:07:00,1.03006,1.03007,1.02989,1.0299,102.619999408722
2025-01-06T00:08:00,1.02991,1.02994,1.02989,1.02991,78.409999191761
2025-01-06T00:09:00,1.02989,1.02989,1.02976,1.02987,29.2699993550777
2025-01-06T00:10:00,1.0299,1.02993,1.02973,1.02973,60.7499996423721
2025-01-06T00:11:00,1.02975,1.02978,1.02966,1.02967,78.839998960495
2025-01-06T00:12:00,1.02967,1.02967,1.02957,1.02962,122.890000700951
2025-01-06T00:13:00,1.02961,1.02969,1.02961,1.02966,87.3000002503395
2025-01-06T00:14:00,1.02965,1.02969,1.02964,1.02965,64.3499999642372
2025-01-06T00:15:00,1.02965,1.02991,1.02963,1.02988,133.649999082088
2025-01-06T00:16:00,1.02989,1.03001,1.02989,1.02994,47.6999996900558
2025-01-06T00:17:00,1.02995,1.02995,1.02983,1.0299,37.8199992179871
2025-01-06T00:18:00,1.02989,1.02992,1.02987,1.02988,31.9499996900558
2025-01-06T00:19:00,1.02988,1.02988,1.02982,1.02986,23.849999666214
2025-01-06T00:20:00,1.02986,1.02986,1.02976,1.02976,15.389999628067
2025-01-06T00:21:00,1.02977,1.02978,1.02968,1.02969,37.619999229908
2025-01-06T00:22:00,1.02968,1.0297,1.02963,1.02967,19.7999995946884
2025-01-06T00:23:00,1.02967,1.02972,1.02962,1.0297,34.8300000429153
2025-01-06T00:24:00,1.02971,1.02982,1.02969,1.02978,23.6699995994568
2025-01-06T00:25:00,1.02978,1.02982,1.02969,1.02977,74.160000026226
2025-01-06T00:26:00,1.02977,1.02977,1.02971,1.02972,78.5399993285537
2025-01-06T00:27:00,1.02973,1.02977,1.02969,1.02971,53.8199996352196
2025-01-06T00:28:00,1.02972,1.02973,1.02969,1.0297,20.8799995183945
2025-01-06T00:29:00,1.0297,1.02972,1.02968,1.02972,21.5999994277954
2025-01-06T00:30:00,1.02973,1.02975,1.02964,1.02968,57.1699990034103
2025-01-06T00:31:00,1.02968,1.02972,1.02964,1.02969,32.3999992609024
2025-01-06T00:32:00,1.02966,1.02967,1.02959,1.02963,128.819998733699
2025-01-06T00:33:00,1.02962,1.02966,1.02956,1.0296,94.4999997615814
2025-01-06T00:34:00,1.02961,1.02966,1.02958,1.02966,34.1999992132187
2025-01-06T00:35:00,1.02964,1.0297,1.02963,1.02963,48.5999991893768
2025-01-06T00:36:00,1.02963,1.02966,1.02962,1.02965,8.09999978542328
2025-01-06T00:37:00,1.02966,1.02966,1.02958,1.02962,31.4999998807907
2025-01-06T00:38:00,1.02961,1.02962,1.02959,1.02959,17.5799996778369
2025-01-06T00:39:00,1.0296,1.02962,1.02957,1.02957,16.1999996900558
2025-01-06T00:40:00,1.02957,1.02958,1.02955,1.02955,29.6999998092651
2025-01-06T00:41:00,1.0296,1.02971,1.02958,1.02968,37.1699995994568
2025-01-06T00:42:00,1.02967,1.02973,1.02965,1.02973,12.5399999320507
2025-01-06T00:43:00,1.02972,1.02972,1.02965,1.02971,47.2900002002716
2025-01-06T00:44:00,1.02972,1.02977,1.02969,1.02969,39.3299996852875
2025-01-06T00:45:00,1.02969,1.02972,1.02969,1.02969,52.3099987506866
2025-01-06T00:46:00,1.02969,1.02975,1.02968,1.02974,34.4999995157123
2025-01-06T00:47:00,1.02973,1.02974,1.02968,1.02973,53.9999988079071
2025-01-06T00:48:00,1.02974,1.02977,1.02973,1.02974,22.1399999260902
2025-01-06T00:49:00,1.02976,1.02979,1.02973,1.02977,32.0999997481704
2025-01-06T00:50:00,1.02978,1.02988,1.02977,1.02987,19.2899997159839
2025-01-06T00:51:00,1.02986,1.02992,1.02979,1.02992,54.7199993133545
2025-01-06T00:52:00,1.02993,1.02996,1.02989,1.02995,33.8399995565414
2025-01-06T00:53:00,1.02996,1.03008,1.02996,1.03002,47.2099991515279
2025-01-06T00:54:00,1.03002,1.03011,1.03001,1.03008,109.429998844862
2025-01-06T00:55:00,1.03009,1.03029,1.03006,1.03027,74.4899985492229
2025-01-06T00:56:00,1.03027,1.03041,1.03027,1.0304,33.9599999189377
2025-01-06T00:57:00,1.03039,1.03045,1.03035,1.03044,42.4499993026257
2025-01-06T00:58:00,1.03044,1.03046,1.03031,1.03033,30.0299999043345
2025-01-06T00:59:00,1.03033,1.03036,1.03028,1.03031,14.3699998855591
2025-01-06T01:00:00,1.03031,1.0304,1.03021,1.03022,85.8299990221858
2025-01-06T01:01:00,1.03021,1.03024,1.03019,1.03022,13.4399998933077
2025-01-06T01:02:00,1.03023,1.03027,1.03012,1.03014,62.7599993422627
2025-01-06T01:03:00,1.03014,1.03029,1.03012,1.03028,64.2599995881319
2025-01-06T01:04:00,1.03027,1.03029,1.03024,1.03024,31.58999979496
2025-01-06T01:05:00,1.03025,1.0303,1.03024,1.03029,35.9099997282028
2025-01-06T01:06:00,1.03029,1.03029,1.03016,1.03017,44.1900000572205
2025-01-06T01:07:00,1.03016,1.03035,1.03016,1.03034,71.9999994635582
2025-01-06T01:08:00,1.03034,1.03041,1.03034,1.03039,37.7999992370605
2025-01-06T01:09:00,1.03038,1.03038,1.03031,1.03031,18.6299996376038
2025-01-06T01:10:00,1.03031,1.03037,1.0303,1.03036,34.3199995085597
2025-01-06T01:11:00,1.03036,1.03047,1.03036,1.03047,40.9499994516373
2025-01-06T01:12:00,1.0305,1.03062,1.0305,1.03061,64.5899991244078
2025-01-06T01:13:00,1.0306,1.03065,1.03059,1.03061,61.2899986505508
2025-01-06T01:14:00,1.0306,1.03068,1.0306,1.03063,52.7399985790253
2025-01-06T01:15:00,1.03066,1.03099,1.03063,1.03093,119.339997589588
2025-01-06T01:16:00,1.03093,1.03108,1.03092,1.03106,41.3699996843934
2025-01-06T01:17:00,1.03105,1.03111,1.03102,1.03105,133.309998393059
2025-01-06T01:18:00,1.03106,1.03112,1.03102,1.03108,56.6399995014071
2025-01-06T01:19:00,1.03108,1.03109,1.03103,1.03104,53.3699992895126
2025-01-06T01:20:00,1.03101,1.03102,1.03097,1.03098,51.8399994373322
2025-01-06T01:21:00,1.03099,1.03102,1.03097,1.03098,23.399999499321
2025-01-06T01:22:00,1.03098,1.03107,1.03095,1.03103,88.3099989891052
2025-01-06T01:23:00,1.03105,1.03106,1.03088,1.03089,62.369999088347
2025-01-06T01:24:00,1.03086,1.03086,1.03069,1.03069,150.749998569489
2025-01-06T01:25:00,1.03069,1.03073,1.03062,1.0307,53.5499988794327
2025-01-06T01:26:00,1.0307,1.0307,1.03067,1.03067,8.99999976158142
2025-01-06T01:27:00,1.03067,1.03071,1.0306,1.03061,55.1999988481402
2025-01-06T01:28:00,1.03061,1.03061,1.03054,1.03058,60.8399994373322
2025-01-06T01:29:00,1.03058,1.03071,1.03058,1.0307,49.049998998642
2025-01-06T01:30:00,1.03069,1.03079,1.03069,1.03079,51.2999992966652
2025-01-06T01:31:00,1.03079,1.03079,1.03063,1.03063,45.4499988555908
2025-01-06T01:32:00,1.03064,1.03073,1.03063,1.03072,49.1399992704391
2025-01-06T01:33:00,1.03072,1.03084,1.03071,1.03082,40.5299994647503
2025-01-06T01:34:00,1.03081,1.03081,1.03075,1.03075,27.2699996232986
2025-01-06T01:35:00,1.03074,1.03075,1.03065,1.03065,70.4999988004565
2025-01-06T01:36:00,1.03064,1.03064,1.03052,1.03062,66.6899993941188
2025-01-06T01:37:00,1.03062,1.03065,1.0306,1.03063,38.8499997705221
2025-01-06T01:38:00,1.03063,1.03086,1.03063,1.0308,75.8099982663989
2025-01-06T01:39:00,1.03079,1.03088,1.03079,1.03082,53.9999990463257
2025-01-06T01:40:00,1.03081,1.03084,1.03079,1.03084,39.689999461174
2025-01-06T01:41:00,1.03082,1.03082,1.03073,1.03076,49.0499997735023
2025-01-06T01:42:00,1.03075,1.03083,1.03072,1.03083,35.9999995231628
2025-01-06T01:43:00,1.03084,1.03093,1.0308,1.03092,39.3299991860986
2025-01-06T01:44:00,1.03091,1.03091,1.03085,1.03087,19.3499999046326
2025-01-06T01:45:00,1.03089,1.03104,1.03088,1.03104,22.1699995920062
2025-01-06T01:46:00,1.03103,1.03103,1.03093,1.03093,44.9999988079071
2025-01-06T01:47:00,1.03093,1.03098,1.03088,1.03098,46.7999987602234
2025-01-06T01:48:00,1.03097,1.03102,1.03089,1.03089,26.9999997615814
2025-01-06T01:49:00,1.0309,1.03094,1.03087,1.03088,36.4799999445677
2025-01-06T01:50:00,1.03087,1.03087,1.03079,1.03081,49.1399990916252
2025-01-06T01:51:00,1.03081,1.03088,1.03081,1.03088,54.9899988174438
2025-01-06T01:52:00,1.03087,1.03097,1.03086,1.03097,38.2799997031689
2025-01-06T01:53:00,1.03095,1.03098,1.03092,1.03098,46.3499994277954
2025-01-06T01:54:00,1.03099,1.03103,1.03093,1.03093,89.3099998757243
2025-01-06T01:55:00,1.03093,1.03135,1.03093,1.03133,44.5499992370605
2025-01-06T01:56:00,1.03134,1.03136,1.03124,1.03127,68.8199989199638
2025-01-06T01:57:00,1.03127,1.03129,1.0312,1.03122,54.5999999642372
2025-01-06T01:58:00,1.0312,1.0313,1.03118,1.0312,103.489999122918
2025-01-06T01:59:00,1.03121,1.03126,1.03119,1.03123,57.8399994745851
2025-01-06T02:00:00,1.03123,1.03129,1.03118,1.03126,75.8999996930361
2025-01-06T02:01:00,1.03126,1.03131,1.03125,1.03131,60.479999601841
2025-01-06T02:02:00,1.0313,1.03132,1.03118,1.03118,35.4599998295307
2025-01-06T02:03:00,1.03117,1.03118,1.03107,1.03109,76.9499995708466
2025-01-06T02:04:00,1.03108,1.03117,1.03108,1.03114,78.2999991178513
2025-01-06T02:05:00,1.03116,1.03128,1.03116,1.03125,43.1999995708466
2025-01-06T02:06:00,1.03123,1.03134,1.03123,1.03133,47.6999988555908
2025-01-06T02:07:00,1.03133,1.03134,1.0313,1.03131,51.2999992370605
2025-01-06T02:08:00,1.03132,1.03141,1.03132,1.03141,26.2199999392033
2025-01-06T02:09:00,1.03142,1.03158,1.03142,1.03153,50.1299995481968
2025-01-06T02:10:00,1.03152,1.03159,1.03152,1.03158,70.0199996754527
2025-01-06T02:11:00,1.03158,1.03158,1.03154,1.03157,47.3999994844198
2025-01-06T02:12:00,1.03157,1.03165,1.03157,1.03163,60.0899994000793
2025-01-06T02:13:00,1.03164,1.03176,1.03163,1.03173,39.6599999368191
2025-01-06T02:14:00,1.03172,1.03175,1.03166,1.03168,71.2199988588691
2025-01-06T02:15:00,1.03168,1.03168,1.03156,1.03156,35.4299998730421
2025-01-06T02:16:00,1.03155,1.0316,1.0315,1.03157,104.820000134408
2025-01-06T02:17:00,1.03157,1.03168,1.03157,1.03166,52.0499998033047
2025-01-06T02:18:00,1.03167,1.03173,1.03165,1.03171,53.4599992036819
2025-01-06T02:19:00,1.03171,1.03171,1.03159,1.03163,62.4399995803833
2025-01-06T02:20:00,1.03163,1.03164,1.03151,1.03163,57.2399998903275
2025-01-06T02:21:00,1.03163,1.03163,1.03139,1.03142,118.009998887777
2025-01-06T02:22:00,1.03142,1.03149,1.03142,1.03144,36.0899996757507
2025-01-06T02:23:00,1.03142,1.03142,1.03137,1.03137,41.4199995994568
2025-01-06T02:24:00,1.03137,1.03138,1.0313,1.03135,46.8199995756149
2025-01-06T02:25:00,1.03135,1.03136,1.0312,1.03122,83.4499996900558
2025-01-06T02:26:00,1.03123,1.03129,1.03121,1.03125,104.399998664856
2025-01-06T02:27:00,1.03125,1.0313,1.03125,1.0313,14.9399999976158
2025-01-06T02:28:00,1.03129,1.03142,1.03129,1.03136,29.929999820888
2025-01-06T02:29:00,1.03136,1.03136,1.03133,1.03133,16.7399998307228
2025-01-06T02:30:00,1.03133,1.03133,1.03122,1.03123,37.5799999162555
2025-01-06T02:31:00,1.03125,1.03129,1.03125,1.03129,16.9199997782707
2025-01-06T02:32:00,1.0313,1.03134,1.03128,1.03134,29.1599996089935
2025-01-06T02:33:00,1.03134,1.03134,1.03126,1.03126,19.7999995946884
2025-01-06T02:34:00,1.03126,1.03126,1.0312,1.03124,31.7699997425079
2025-01-06T02:35:00,1.03123,1.03124,1.03122,1.03122,6.29999983310699
2025-01-06T02:36:00,1.03121,1.03125,1.03117,1.03123,45.4899997711182
2025-01-06T02:37:00,1.03124,1.03132,1.03123,1.03128,51.7499998807907
2025-01-06T02:38:00,1.03127,1.03133,1.03124,1.03133,64.3499999046326
2025-01-06T02:39:00,1.03134,1.03137,1.03134,1.03134,27.9299997016788
2025-01-06T02:40:00,1.03133,1.03142,1.03131,1.0314,46.4999995678663
2025-01-06T02:41:00,1.0314,1.0314,1.03137,1.03139,38.2499995231628
2025-01-06T02:42:00,1.0314,1.03153,1.0314,1.0315,56.2799993678927
2025-01-06T02:43:00,1.0315,1.03159,1.03147,1.03149,37.37999933213
2025-01-06T02:44:00,1.03148,1.03152,1.03146,1.03146,40.0499992370605
2025-01-06T02:45:00,1.03146,1.03149,1.03145,1.03149,32.5799994468689
2025-01-06T02:46:00,1.03149,1.03152,1.03149,1.03152,11.2499997019768
2025-01-06T02:47:00,1.03152,1.03155,1.03149,1.0315,53.6399991512299
2025-01-06T02:48:00,1.03153,1.03157,1.03153,1.03156,38.1299998611212
2025-01-06T02:49:00,1.03155,1.03161,1.03154,1.0316,21.1499999165535
2025-01-06T02:50:00,1.03159,1.03159,1.03155,1.03155,13.9499998092651
2025-01-06T02:51:00,1.03156,1.03159,1.03156,1.03159,39.5999995470047
2025-01-06T02:52:00,1.03159,1.03165,1.03156,1.0316,67.9799989387393
2025-01-06T02:53:00,1.03161,1.0317,1.0316,1.03169,54.8999989032745
2025-01-06T02:54:00,1.03168,1.0317,1.0316,1.03161,49.4999990463257
2025-01-06T02:55:00,1.03162,1.0317,1.03161,1.0317,33.8399994373322
2025-01-06T02:56:00,1.0317,1.03177,1.03169,1.03175,86.7000002786517
2025-01-06T02:57:00,1.03176,1.03176,1.03171,1.03173,80.639999806881
2025-01-06T02:58:00,1.03173,1.03175,1.03173,1.03173,32.2199995517731
2025-01-06T02:59:00,1.03173,1.03173,1.03159,1.0316,55.0799991488457
2025-01-06T03:00:00,1.0316,1.03161,1.03157,1.0316,30.6899998188019
2025-01-06T03:01:00,1.03159,1.0316,1.03155,1.03155,45.8999998569489
2025-01-06T03:02:00,1.03156,1.03166,1.03155,1.03158,73.7999994754791
2025-01-06T03:03:00,1.03159,1.03179,1.03159,1.03179,75.6899989247322
2025-01-06T03:04:00,1.03179,1.03181,1.03174,1.03174,33.3899999856949
2025-01-06T03:05:00,1.03174,1.03176,1.0317,1.0317,45.2400001734495
2025-01-06T03:06:00,1.03171,1.03174,1.0317,1.03174,8.49000000208616
2025-01-06T03:07:00,1.03173,1.03173,1.0317,1.03171,27.4499995708466
2025-01-06T03:08:00,1.03169,1.03169,1.03155,1.03155,53.4300002902746
2025-01-06T03:09:00,1.03155,1.03155,1.03145,1.03154,76.6799989938736
2025-01-06T03:10:00,1.03154,1.03162,1.03153,1.0316,43.1100001111627
2025-01-06T03:11:00,1.0316,1.03161,1.03156,1.03158,24.2999995946884
2025-01-06T03:12:00,1.03159,1.03168,1.03156,1.03164,55.799998998642
2025-01-06T03:13:00,1.03163,1.03164,1.03162,1.03162,12.5999997854233
2025-01-06T03:14:00,1.03163,1.03164,1.03162,1.03162,16.1999996900558
2025-01-06T03:15:00,1.03163,1.03174,1.03162,1.03172,32.1599998772144
2025-01-06T03:16:00,1.03172,1.03172,1.03159,1.03159,36.7799996584654
2025-01-06T03:17:00,1.0316,1.0316,1.03149,1.03154,37.9199994727969
2025-01-06T03:18:00,1.03158,1.0316,1.03153,1.03155,35.1000000834465
2025-01-06T03:19:00,1.03154,1.03154,1.03147,1.03149,36.9900000467896
2025-01-06T03:20:00,1.0315,1.03151,1.03148,1.03148,40.4699999913573
2025-01-06T03:21:00,1.03149,1.0316,1.03148,1.03154,32.7899998128414
2025-01-06T03:22:00,1.03154,1.03155,1.03151,1.03151,45
2025-01-06T03:23:00,1.03151,1.03155,1.03148,1.03155,36.8999996185303
2025-01-06T03:24:00,1.03153,1.0316,1.03153,1.0316,14.3999997377396
2025-01-06T03:25:00,1.03159,1.03164,1.03159,1.03164,18.8999997377396
2025-01-06T03:26:00,1.03163,1.03164,1.0316,1.0316,21.5999995470047
2025-01-06T03:27:00,1.03159,1.0316,1.03149,1.03152,45.450000166893
2025-01-06T03:28:00,1.03152,1.03153,1.0315,1.03153,7.19999980926514
2025-01-06T03:29:00,1.03153,1.03155,1.03153,1.03154,8.09999978542328
2025-01-06T03:30:00,1.03153,1.03154,1.03149,1.03151,24.2999993562698
2025-01-06T03:31:00,1.0315,1.0315,1.03141,1.03143,35.779999665916
2025-01-06T03:32:00,1.03143,1.03144,1.03142,1.03143,12.5999997854233
2025-01-06T03:33:00,1.03144,1.03148,1.03141,1.03145,23.1299995779991
2025-01-06T03:34:00,1.03143,1.03143,1.0313,1.03134,58.6799992322922
2025-01-06T03:35:00,1.03134,1.03154,1.03134,1.03153,49.2599994838238
2025-01-06T03:36:00,1.03153,1.03153,1.03149,1.0315,32.7899998351932
2025-01-06T03:37:00,1.0315,1.03156,1.0315,1.03153,30.3899997919798
2025-01-06T03:38:00,1.03153,1.03163,1.03153,1.0316,55.0799991413951
2025-01-06T03:39:00,1.0316,1.03163,1.0316,1.0316,12.4200000166893
2025-01-06T03:40:00,1.03159,1.03159,1.03155,1.03156,16.2200000286102
2025-01-06T03:41:00,1.03155,1.03155,1.03151,1.03151,22.4999995827675
2025-01-06T03:42:00,1.0315,1.03152,1.0315,1.03151,2.69999992847443
2025-01-06T03:43:00,1.0315,1.03153,1.03145,1.03145,59.4199991226196
2025-01-06T03:44:00,1.03145,1.03147,1.0314,1.03147,26.2799995541573
2025-01-06T03:45:00,1.03147,1.03152,1.03142,1.03151,32.3399994298816
2025-01-06T03:46:00,1.03153,1.03153,1.0315,1.03152,25.2199997901917
2025-01-06T03:47:00,1.03152,1.03155,1.03151,1.03154,49.1199991703033
2025-01-06T03:48:00,1.03154,1.03154,1.03154,1.03154,1.79999995231628
2025-01-06T03:49:00,1.03153,1.03164,1.03153,1.03162,31.1799997091293
2025-01-06T03:50:00,1.03162,1.03171,1.03158,1.03171,29.2499995231628
2025-01-06T03:51:00,1.03174,1.03174,1.03172,1.03172,8.09999990463257
2025-01-06T03:52:00,1.0317,1.03178,1.0317,1.03177,16.2199996709824
2025-01-06T03:53:00,1.03176,1.03177,1.03173,1.03177,21.2699995562434
2025-01-06T03:54:00,1.03177,1.03182,1.03177,1.03177,63.6299998536706
2025-01-06T03:55:00,1.03176,1.03177,1.0317,1.03172,53.1399993300438
2025-01-06T03:56:00,1.03172,1.03173,1.03162,1.03167,33.83999979496
2025-01-06T03:57:00,1.03168,1.03169,1.03167,1.03168,8.99999976158142
2025-01-06T03:58:00,1.03167,1.03167,1.03156,1.03157,31.5899999141693
2025-01-06T03:59:00,1.03156,1.03164,1.03155,1.03163,19.1699997186661
2025-01-06T04:00:00,1.03162,1.03175,1.03159,1.03173,40.7699991464615
2025-01-06T04:01:00,1.03172,1.03173,1.0317,1.03171,36.2999999448657
2025-01-06T04:02:00,1.03171,1.03172,1.0317,1.0317,5.93999987840652
2025-01-06T04:03:00,1.0317,1.0317,1.03159,1.0316,50.0599991083145
2025-01-06T04:04:00,1.03159,1.03159,1.03151,1.03153,51.66000020504
2025-01-06T04:05:00,1.03152,1.03153,1.03146,1.03147,39.0599995851517
2025-01-06T04:06:00,1.03149,1.0315,1.03141,1.03142,29.7899996042252
2025-01-06T04:07:00,1.03144,1.03147,1.03144,1.03147,21.6899996995926
2025-01-06T04:08:00,1.03148,1.03148,1.03145,1.03145,12.9899997636676
2025-01-06T04:09:00,1.03146,1.03149,1.03145,1.03145,21.4399996995926
2025-01-06T04:10:00,1.03144,1.03146,1.0314,1.03144,58.58999979496
2025-01-06T04:11:00,1.03143,1.03145,1.03143,1.03143,25.1999995708466
2025-01-06T04:12:00,1.03144,1.03145,1.03143,1.03145,15.3899997472763
2025-01-06T04:13:00,1.03144,1.03148,1.03142,1.03148,25.4699995517731
2025-01-06T04:14:00,1.03148,1.03148,1.03139,1.03139,121.349999420345
2025-01-06T04:15:00,1.0314,1.03141,1.03132,1.03134,42.8399995565414
2025-01-06T04:16:00,1.03135,1.03138,1.03132,1.03137,38.789999961853
2025-01-06T04:17:00,1.03139,1.03139,1.03131,1.03134,86.8499995470047
2025-01-06T04:18:00,1.03135,1.03138,1.03135,1.03135,9.89999973773956
2025-01-06T04:19:00,1.03134,1.03135,1.03134,1.03134,5.39999997615814
2025-01-06T04:20:00,1.03134,1.03137,1.0313,1.03135,31.4999995231628
2025-01-06T04:21:00,1.03135,1.03138,1.03128,1.03138,30.5999995470047
2025-01-06T04:22:00,1.03137,1.03138,1.03133,1.03138,25.1999999284744
2025-01-06T04:23:00,1.03138,1.03143,1.03138,1.03143,25.1999998688698
2025-01-06T04:24:00,1.03142,1.03144,1.03142,1.03142,14.8499999046326
2025-01-06T04:25:00,1.03143,1.03147,1.03142,1.03147,30.6000000238419
2025-01-06T04:26:00,1.03147,1.03147,1.03142,1.03144,20.3999998271465
2025-01-06T04:27:00,1.03144,1.03145,1.03144,1.03145,6.29999983310699
2025-01-06T04:28:00,1.03145,1.03156,1.03145,1.03156,17.9999996423721
2025-01-06T04:29:00,1.03155,1.03156,1.03154,1.03154,5.39999985694885
2025-01-06T04:30:00,1.03154,1.03161,1.03153,1.0316,15.2999997138977
2025-01-06T04:31:00,1.0316,1.03163,1.0316,1.03161,18.899999499321
2025-01-06T04:32:00,1.03161,1.03166,1.03161,1.03166,25.199999332428
2025-01-06T04:33:00,1.03168,1.03169,1.03167,1.03168,7.19999980926514
2025-01-06T04:34:00,1.03168,1.03169,1.03164,1.03165,23.399999499321
2025-01-06T04:35:00,1.03165,1.03168,1.03165,1.03166,31.4999995231628
2025-01-06T04:36:00,1.03166,1.03166,1.03166,1.03166,9.89999973773956
2025-01-06T04:37:00,1.03166,1.03169,1.03166,1.03169,8.09999990463257
2025-01-06T04:38:00,1.0317,1.0317,1.03169,1.0317,9.89999973773956
2025-01-06T04:39:00,1.0317,1.0317,1.03169,1.0317,22.4999995231628
2025-01-06T04:40:00,1.0317,1.0317,1.0317,1.0317,8.09999978542328
2025-01-06T04:41:00,1.0317,1.0317,1.03165,1.03165,7.20000004768372
2025-01-06T04:42:00,1.03166,1.03166,1.03164,1.03165,8.10000002384186
2025-01-06T04:43:00,1.03164,1.03164,1.03158,1.03158,14.9400000572205
2025-01-06T04:44:00,1.03159,1.03162,1.03158,1.03162,7.19999980926514
2025-01-06T04:45:00,1.03163,1.03163,1.03163,1.03163,3.59999990463257
2025-01-06T04:46:00,1.03162,1.03164,1.0316,1.03163,10.3499997854233
2025-01-06T04:47:00,1.03163,1.03163,1.03151,1.03154,41.7200004383922
2025-01-06T04:48:00,1.03155,1.03164,1.03153,1.03164,26.0999995470047
2025-01-06T04:49:00,1.03164,1.03164,1.03164,1.03164,1.79999995231628
2025-01-06T04:50:00,1.03162,1.03164,1.03158,1.03158,37.8000001907349
2025-01-06T04:51:00,1.03157,1.03157,1.03149,1.03152,37.6599998474121
2025-01-06T04:52:00,1.0315,1.03156,1.03149,1.03154,42.4299994707108
2025-01-06T04:53:00,1.03156,1.03159,1.03154,1.03159,11.7000000476837
2025-01-06T04:54:00,1.03157,1.03163,1.03157,1.03163,17.639999628067
2025-01-06T04:55:00,1.03163,1.03164,1.03163,1.03164,9.89999997615814
2025-01-06T04:56:00,1.03165,1.0317,1.03163,1.0317,13.5899996757507
2025-01-06T04:57:00,1.03169,1.03169,1.03161,1.03163,33.2999997138977
2025-01-06T04:58:00,1.03163,1.03163,1.03148,1.03149,82.709998190403
2025-01-06T04:59:00,1.0315,1.03151,1.03149,1.03151,18.08999979496
2025-01-06T05:00:00,1.03151,1.03156,1.03148,1.03149,59.3999999165535
2025-01-06T05:01:00,1.03149,1.03149,1.03147,1.03148,33.8399998545647
2025-01-06T05:02:00,1.03149,1.03155,1.03146,1.03154,46.4699996635318
2025-01-06T05:03:00,1.03153,1.03153,1.03142,1.03142,28.9799998998642
2025-01-06T05:04:00,1.03141,1.03145,1.03135,1.03142,64.3499995470047
2025-01-06T05:05:00,1.03143,1.03143,1.03138,1.03138,11.6999996900558
2025-01-06T05:06:00,1.03139,1.0315,1.03138,1.03149,18.6299996972084
2025-01-06T05:07:00,1.03151,1.03155,1.03151,1.03153,30.689999461174
2025-01-06T05:08:00,1.03153,1.03153,1.03147,1.03148,51.3899991512299
2025-01-06T05:09:00,1.03148,1.03148,1.03143,1.03143,29.699999332428
2025-01-06T05:10:00,1.03142,1.03148,1.03134,1.03146,52.2899993658066
2025-01-06T05:11:00,1.03145,1.0315,1.03144,1.03144,19.8899998664856
2025-01-06T05:12:00,1.03144,1.03145,1.03139,1.0314,19.7999994754791
2025-01-06T05:13:00,1.03139,1.03145,1.03137,1.03139,34.4999992772937
2025-01-06T05:14:00,1.03137,1.03144,1.03137,1.03142,26.0100002065301
2025-01-06T05:15:00,1.03141,1.03144,1.03138,1.03143,24.5999997779727
2025-01-06T05:16:00,1.03142,1.03143,1.03139,1.03141,32.2199998870492
2025-01-06T05:17:00,1.0314,1.0314,1.03128,1.03133,31.0799998342991
2025-01-06T05:18:00,1.03134,1.03134,1.03128,1.03134,35.5499999076128
2025-01-06T05:19:00,1.03133,1.0314,1.03131,1.03132,46.9199997112155
2025-01-06T05:20:00,1.03133,1.03133,1.03123,1.03123,52.8300003781915
2025-01-06T05:21:00,1.03124,1.03137,1.03123,1.03137,29.8199993893504
2025-01-06T05:22:00,1.03138,1.03153,1.03138,1.03153,24.959999628365
2025-01-06T05:23:00,1.03152,1.03158,1.03152,1.03158,23.8799998015165
2025-01-06T05:24:00,1.03157,1.03166,1.03157,1.03166,21.9599997773767
2025-01-06T05:25:00,1.03166,1.0317,1.03165,1.03169,13.9499998837709
2025-01-06T05:26:00,1.03169,1.03175,1.03169,1.03175,23.4899994134903
2025-01-06T05:27:00,1.03173,1.03175,1.0317,1.03175,9.89999973773956
2025-01-06T05:28:00,1.03173,1.03173,1.03163,1.03165,54.2699993252754
2025-01-06T05:29:00,1.03166,1.03167,1.03162,1.03162,26.0999997854233
2025-01-06T05:30:00,1.03161,1.0317,1.0316,1.03169,81.9000002741814
2025-01-06T05:31:00,1.0317,1.03174,1.03168,1.03171,77.4000000357628
2025-01-06T05:32:00,1.03172,1.03172,1.03167,1.03172,58.7699992060661
2025-01-06T05:33:00,1.03171,1.03174,1.0317,1.03174,40.2299995422363
2025-01-06T05:34:00,1.03173,1.03181,1.03173,1.03181,40.9500002264977
2025-01-06T05:35:00,1.0318,1.0318,1.03173,1.03173,59.4299997016788
2025-01-06T05:36:00,1.03174,1.03174,1.03166,1.03167,63.9900004863739
2025-01-06T05:37:00,1.03165,1.03165,1.03159,1.03159,99.5800000429153
2025-01-06T05:38:00,1.03159,1.0316,1.03152,1.03152,42.7499995231628
2025-01-06T05:39:00,1.03153,1.03154,1.03152,1.03153,34.6500000953674
2025-01-06T05:40:00,1.03151,1.03151,1.03143,1.03143,18.9899995326996
2025-01-06T05:41:00,1.03145,1.03146,1.03143,1.03143,3.71999990195036
2025-01-06T05:42:00,1.03142,1.03145,1.03141,1.03142,84.6800000071526
2025-01-06T05:43:00,1.03142,1.0315,1.03133,1.03133,50.3999995589256
2025-01-06T05:44:00,1.03133,1.03142,1.03125,1.03125,37.0199994966388
2025-01-06T05:45:00,1.03124,1.03125,1.03123,1.03125,9.08999979496002
2025-01-06T05:46:00,1.03124,1.03134,1.03123,1.0313,48.1499992609024
2025-01-06T05:47:00,1.03133,1.03137,1.03133,1.03136,26.1899993419647
2025-01-06T05:48:00,1.03137,1.03144,1.03136,1.03144,14.3999998569489
2025-01-06T05:49:00,1.03142,1.03145,1.03136,1.03136,29.7900000810623
2025-01-06T05:50:00,1.03134,1.03134,1.0312,1.03124,69.029999256134
2025-01-06T05:51:00,1.03123,1.03123,1.03119,1.03121,43.3199998065829
2025-01-06T05:52:00,1.03122,1.03124,1.03114,1.03124,59.849999666214
2025-01-06T05:53:00,1.03125,1.03127,1.03123,1.03124,20.6999995708466
2025-01-06T05:54:00,1.03124,1.03125,1.0312,1.03121,24.7499996423721
2025-01-06T05:55:00,1.03119,1.03119,1.03104,1.03109,131.429999321699
2025-01-06T05:56:00,1.0311,1.0311,1.03102,1.03106,149.489998698235
2025-01-06T05:57:00,1.03107,1.03119,1.03096,1.03096,226.4099996984
2025-01-06T05:58:00,1.03095,1.03108,1.03091,1.03103,163.769999980927
2025-01-06T05:59:00,1.03102,1.03102,1.03084,1.03088,190.829998582602
2025-01-06T06:00:00,1.03087,1.03101,1.03084,1.03088,128.659999400377
2025-01-06T06:01:00,1.03088,1.03094,1.03085,1.03089,89.339999422431
2025-01-06T06:02:00,1.03091,1.03095,1.03087,1.03089,69.5099995061755
2025-01-06T06:03:00,1.03091,1.03098,1.03091,1.03098,25.6499993801117
2025-01-06T06:04:00,1.03101,1.0311,1.03101,1.03108,29.8799991980195
2025-01-06T06:05:00,1.03109,1.03123,1.03109,1.03116,69.9599990770221
2025-01-06T06:06:00,1.03116,1.03116,1.03094,1.03095,136.159999884665
2025-01-06T06:07:00,1.03094,1.03098,1.03082,1.03082,85.6900000423193
2025-01-06T06:08:00,1.03083,1.03083,1.03078,1.03083,25.2899994850159
2025-01-06T06:09:00,1.03084,1.03105,1.03084,1.03099,72.5399990677834
2025-01-06T06:10:00,1.03099,1.03109,1.03092,1.03109,80.9999990463257
2025-01-06T06:11:00,1.03108,1.0311,1.03108,1.03109,14.3999997377396
2025-01-06T06:12:00,1.03107,1.03112,1.03106,1.03107,87.7799991890788
2025-01-06T06:13:00,1.03111,1.03117,1.0311,1.03114,36.7499997094274
2025-01-06T06:14:00,1.03115,1.03115,1.03106,1.03115,23.6100000888109
2025-01-06T06:15:00,1.03115,1.03117,1.03114,1.03114,16.2299999669194
2025-01-06T06:16:00,1.03113,1.03115,1.03106,1.03114,33.6899997889996
2025-01-06T06:17:00,1.03114,1.03114,1.03102,1.03105,40.5899998918176
2025-01-06T06:18:00,1.03104,1.03111,1.03103,1.03107,40.9799997285008
2025-01-06T06:19:00,1.03106,1.03113,1.03103,1.0311,106.319999091327
2025-01-06T06:20:00,1.03109,1.0311,1.03104,1.03105,22.2300000190735
2025-01-06T06:21:00,1.03104,1.03104,1.03093,1.03093,31.5899998918176
2025-01-06T06:22:00,1.03093,1.03093,1.03081,1.03081,61.1099998354912
2025-01-06T06:23:00,1.03082,1.03082,1.03078,1.03079,24.6899995729327
2025-01-06T06:24:00,1.0308,1.03081,1.03077,1.03081,34.199999332428
2025-01-06T06:25:00,1.0308,1.0308,1.03076,1.03079,88.6499992012978
2025-01-06T06:26:00,1.03078,1.03083,1.03077,1.03078,51.5999994799495
2025-01-06T06:27:00,1.03077,1.03082,1.03077,1.03082,30.1500000357628
2025-01-06T06:28:00,1.03084,1.0309,1.03083,1.03088,65.9399998039007
2025-01-06T06:29:00,1.0309,1.0309,1.03083,1.03089,46.8900001645088
2025-01-06T06:30:00,1.0309,1.0311,1.0309,1.0311,75.5299990177155
2025-01-06T06:31:00,1.03111,1.03115,1.0311,1.03112,35.189999461174
2025-01-06T06:32:00,1.03113,1.03115,1.03111,1.03115,34.199999332428
2025-01-06T06:33:00,1.03116,1.03123,1.03116,1.03123,31.859999537468
2025-01-06T06:34:00,1.03124,1.0313,1.03122,1.03124,37.5600000917912
2025-01-06T06:35:00,1.03124,1.03126,1.03123,1.03126,6.29999983310699
2025-01-06T06:36:00,1.03126,1.03129,1.03125,1.03127,16.6499996185303
2025-01-06T06:37:00,1.03127,1.03138,1.03127,1.03135,30.0899993106723
2025-01-06T06:38:00,1.03135,1.0314,1.03135,1.0314,42.0599996969104
2025-01-06T06:39:00,1.0314,1.0314,1.03132,1.03132,50.9399996995926
2025-01-06T06:40:00,1.03133,1.03133,1.0313,1.0313,42.3000001907349
2025-01-06T06:41:00,1.03132,1.03146,1.03132,1.03146,34.1999996900558
2025-01-06T06:42:00,1.03147,1.03148,1.03139,1.03139,44.8199999108911
2025-01-06T06:43:00,1.03138,1.03147,1.03137,1.03147,47.1599992513657
2025-01-06T06:44:00,1.03148,1.03155,1.03146,1.03155,96.3899991512299
2025-01-06T06:45:00,1.03156,1.03165,1.03148,1.03149,81.3599989190698
2025-01-06T06:46:00,1.03148,1.03148,1.03139,1.03141,43.6499992609024
2025-01-06T06:47:00,1.03142,1.03142,1.03132,1.03133,50.3999993801117
2025-01-06T06:48:00,1.03134,1.03134,1.0313,1.0313,20.3400000333786
2025-01-06T06:49:00,1.0313,1.03133,1.03123,1.03123,39.739999525249
2025-01-06T06:50:00,1.03122,1.03122,1.03114,1.03116,63.4499998092651
2025-01-06T06:51:00,1.03115,1.03116,1.0311,1.0311,125.949999928474
2025-01-06T06:52:00,1.03112,1.03118,1.03111,1.03118,126.53999876976
2025-01-06T06:53:00,1.03119,1.03119,1.03109,1.0311,36.0900001525879
2025-01-06T06:54:00,1.03109,1.0311,1.03109,1.0311,27.8999992609024
2025-01-06T06:55:00,1.03109,1.03122,1.03108,1.03119,64.4799993559718
2025-01-06T06:56:00,1.0312,1.03141,1.0312,1.03135,148.849998153746
2025-01-06T06:57:00,1.03135,1.03135,1.03113,1.03123,216.53000074625
2025-01-06T06:58:00,1.03124,1.03124,1.03119,1.03121,39.4199995994568
2025-01-06T06:59:00,1.03121,1.03126,1.03118,1.03125,94.9899995326996
2025-01-06T07:00:00,1.03127,1.03137,1.03119,1.03137,133.979998447001
2025-01-06T07:01:00,1.03137,1.03149,1.03135,1.03149,85.7499991580844
2025-01-06T07:02:00,1.03147,1.03159,1.03144,1.03152,38.6999999433756
2025-01-06T07:03:00,1.03152,1.03152,1.03141,1.03146,67.5599988102913
2025-01-06T07:04:00,1.03145,1.03145,1.03123,1.03125,51.8399996459484
2025-01-06T07:05:00,1.03124,1.03124,1.03099,1.031,102.069998681545
2025-01-06T07:06:00,1.031,1.03125,1.03099,1.03121,87.7499993368983
2025-01-06T07:07:00,1.03122,1.03122,1.03119,1.0312,20.7299995720387
2025-01-06T07:08:00,1.0312,1.0314,1.03119,1.03135,56.1299997717142
2025-01-06T07:09:00,1.03135,1.03135,1.03121,1.03126,41.669999755919
2025-01-06T07:10:00,1.03129,1.03137,1.03129,1.03135,42.2699993476272
2025-01-06T07:11:00,1.03133,1.0314,1.03129,1.0314,32.8499999344349
2025-01-06T07:12:00,1.0314,1.03148,1.03138,1.03145,43.3699993118644
2025-01-06T07:13:00,1.03143,1.03153,1.03143,1.03149,63.8999986946583
2025-01-06T07:14:00,1.0315,1.0315,1.03131,1.03141,76.6799990460277
2025-01-06T07:15:00,1.03141,1.03142,1.03137,1.03137,12.059999935329
2025-01-06T07:16:00,1.03138,1.03138,1.03122,1.03129,108.179998829961
2025-01-06T07:17:00,1.03128,1.03133,1.0312,1.03133,33.7199995145202
2025-01-06T07:18:00,1.03133,1.03136,1.03128,1.03135,47.7299991101027
2025-01-06T07:19:00,1.03136,1.03145,1.03129,1.03145,109.349999651313
2025-01-06T07:20:00,1.03146,1.03157,1.03144,1.03153,60.6899995654821
2025-01-06T07:21:00,1.03151,1.03152,1.03145,1.03146,104.399998798966
2025-01-06T07:22:00,1.03146,1.03158,1.03141,1.03154,84.8299993574619
2025-01-06T07:23:00,1.03153,1.03157,1.03139,1.03157,71.519999422133
2025-01-06T07:24:00,1.03158,1.03176,1.03156,1.03169,50.5800002515316
2025-01-06T07:25:00,1.0317,1.03175,1.03168,1.03174,101.52000015229
2025-01-06T07:26:00,1.03175,1.03179,1.03175,1.03176,21.6300001963973
2025-01-06T07:27:00,1.03176,1.0318,1.03174,1.03177,35.55000038445
2025-01-06T07:28:00,1.03177,1.03192,1.03171,1.03192,40.9199997335672
2025-01-06T07:29:00,1.03192,1.03198,1.03189,1.03191,76.6999995410442
2025-01-06T07:30:00,1.03192,1.03192,1.03183,1.0319,32.3399998620152
2025-01-06T07:31:00,1.03189,1.03193,1.03189,1.03192,29.9699994325638
2025-01-06T07:32:00,1.03192,1.03249,1.03192,1.03248,138.549997605383
2025-01-06T07:33:00,1.03247,1.0327,1.03247,1.03262,126.239998303354
2025-01-06T07:34:00,1.03261,1.03261,1.03244,1.03247,104.159999415278
2025-01-06T07:35:00,1.03247,1.03258,1.03236,1.03255,120.619999684393
2025-01-06T07:36:00,1.03252,1.03252,1.03235,1.03245,65.8899990171194
2025-01-06T07:37:00,1.03247,1.03255,1.03246,1.03248,79.9799984917045
2025-01-06T07:38:00,1.03248,1.03249,1.03231,1.03234,81.5199997872114
2025-01-06T07:39:00,1.03233,1.03233,1.03223,1.03224,125.189999632537
2025-01-06T07:40:00,1.03226,1.03235,1.03224,1.03224,201.82000002265
2025-01-06T07:41:00,1.03222,1.03236,1.03216,1.03216,243.580001354218
2025-01-06T07:42:00,1.03217,1.03224,1.03212,1.03223,208.169998675585
2025-01-06T07:43:00,1.03224,1.03224,1.03208,1.03216,148.759998463094
2025-01-06T07:44:00,1.03217,1.03229,1.03216,1.03226,106.659999221563
2025-01-06T07:45:00,1.03225,1.03239,1.03223,1.03237,141.829999312758
2025-01-06T07:46:00,1.03238,1.03238,1.03227,1.03233,108.429999701679
2025-01-06T07:47:00,1.03234,1.03234,1.03225,1.03229,48.5099992752075
2025-01-06T07:48:00,1.0323,1.03246,1.03227,1.03241,119.519999146461
2025-01-06T07:49:00,1.03239,1.03248,1.03227,1.03227,92.6899991929531
2025-01-06T07:50:00,1.03228,1.03236,1.03228,1.03233,28.7999995946884
2025-01-06T07:51:00,1.03234,1.03235,1.03214,1.03219,84.4899989590049
2025-01-06T07:52:00,1.03222,1.03255,1.03222,1.03253,88.8499985635281
2025-01-06T07:53:00,1.03251,1.03259,1.03249,1.0325,96.7499988153577
2025-01-06T07:54:00,1.0325,1.03264,1.0325,1.03262,64.6899987384677
2025-01-06T07:55:00,1.03263,1.03266,1.03247,1.03248,104.94999858737
2025-01-06T07:56:00,1.03248,1.03254,1.03235,1.0325,197.54999833554
2025-01-06T07:57:00,1.03249,1.03268,1.03248,1.03268,76.5799986943603
2025-01-06T07:58:00,1.03267,1.03284,1.03267,1.03269,161.669997796416
2025-01-06T07:59:00,1.03269,1.03278,1.03269,1.03272,78.2399983331561
2025-01-06T08:00:00,1.03274,1.0328,1.03267,1.03277,230.519998066127
2025-01-06T08:01:00,1.03277,1.03294,1.03277,1.03294,133.46999771893
2025-01-06T08:02:00,1.03295,1.03317,1.03292,1.03314,159.089998304844
2025-01-06T08:03:00,1.03314,1.0333,1.03314,1.03323,114.419998042285
2025-01-06T08:04:00,1.03325,1.03344,1.03325,1.03338,165.109999150038
2025-01-06T08:05:00,1.0334,1.0334,1.03278,1.03295,419.149999350309
2025-01-06T08:06:00,1.03295,1.03314,1.03295,1.03313,97.2299984395504
2025-01-06T08:07:00,1.03314,1.03335,1.03314,1.03332,135.619997560978
2025-01-06T08:08:00,1.03333,1.03334,1.03321,1.03334,104.029998779297
2025-01-06T08:09:00,1.03334,1.03335,1.03321,1.03321,203.969998069108
2025-01-06T08:10:00,1.03321,1.03323,1.03316,1.03316,78.9499995559454
2025-01-06T08:11:00,1.03316,1.0332,1.03311,1.03312,162.339998714626
2025-01-06T08:12:00,1.03314,1.03326,1.03311,1.03324,133.429999940097
2025-01-06T08:13:00,1.03327,1.03367,1.03324,1.03363,373.320000082254
2025-01-06T08:14:00,1.03363,1.03372,1.03348,1.0337,322.699998497963
2025-01-06T08:15:00,1.03371,1.03418,1.0337,1.03404,229.879997201264
2025-01-06T08:16:00,1.03403,1.03413,1.03391,1.03408,203.96999823302
2025-01-06T08:17:00,1.03407,1.03421,1.03406,1.03414,140.97999843955
2025-01-06T08:18:00,1.03415,1.03418,1.03398,1.034,134.869998566806
2025-01-06T08:19:00,1.03402,1.0341,1.03397,1.03401,176.250000275671
2025-01-06T08:20:00,1.034,1.03413,1.03396,1.03397,217.52000015974
2025-01-06T08:21:00,1.034,1.03402,1.03385,1.0339,124.969999298453
2025-01-06T08:22:00,1.03391,1.03403,1.03371,1.03382,187.019999586046
2025-01-06T08:23:00,1.03386,1.03388,1.03345,1.03345,186.009999372065
2025-01-06T08:24:00,1.03344,1.03355,1.03333,1.03352,162.399999521673
2025-01-06T08:25:00,1.03352,1.03356,1.03331,1.03332,133.349998503923
2025-01-06T08:26:00,1.03334,1.03348,1.03331,1.03347,105.499998606741
2025-01-06T08:27:00,1.03346,1.03358,1.03336,1.03349,155.999997608364
2025-01-06T08:28:00,1.03349,1.03357,1.03349,1.03355,233.569997414947
2025-01-06T08:29:00,1.03356,1.03403,1.03356,1.03402,186.509997688234
2025-01-06T08:30:00,1.03403,1.03435,1.03402,1.03418,139.019998960197
2025-01-06T08:31:00,1.03419,1.03419,1.03378,1.03384,242.469999276102
2025-01-06T08:32:00,1.03387,1.03391,1.03376,1.0339,177.869996599853
2025-01-06T08:33:00,1.0339,1.03402,1.03383,1.03384,125.309998683631
2025-01-06T08:34:00,1.03384,1.03387,1.03367,1.03371,166.989999227226
2025-01-06T08:35:00,1.0337,1.03386,1.0335,1.03364,222.359998911619
2025-01-06T08:36:00,1.03366,1.0337,1.03356,1.03361,125.169999234378
2025-01-06T08:37:00,1.03362,1.03382,1.03361,1.0338,179.329999297857
2025-01-06T08:38:00,1.03381,1.03386,1.03375,1.03376,114.95999943465
2025-01-06T08:39:00,1.03376,1.03381,1.03361,1.03372,215.119997948408
2025-01-06T08:40:00,1.03373,1.03403,1.03373,1.03403,88.4399986863136
2025-01-06T08:41:00,1.03402,1.03402,1.03391,1.03396,119.019999094307
2025-01-06T08:42:00,1.03397,1.03397,1.0338,1.03382,73.5299988985062
2025-01-06T08:43:00,1.0338,1.03385,1.03374,1.03374,194.939998723567
2025-01-06T08:44:00,1.03375,1.03375,1.0335,1.0335,154.0399999246
2025-01-06T08:45:00,1.03349,1.03353,1.03326,1.03327,235.269998252392
2025-01-06T08:46:00,1.03328,1.03347,1.03326,1.03345,170.189998686314
2025-01-06T08:47:00,1.03345,1.03361,1.03342,1.0336,100.23999941349
2025-01-06T08:48:00,1.0336,1.03362,1.03352,1.03352,139.589998602867
2025-01-06T08:49:00,1.03352,1.0337,1.03351,1.0337,316.819997735322
2025-01-06T08:50:00,1.0337,1.03412,1.0337,1.03411,237.779998458922
2025-01-06T08:51:00,1.0341,1.0343,1.03402,1.03428,197.399997740984
2025-01-06T08:52:00,1.03427,1.03441,1.03406,1.0341,249.899998113513
2025-01-06T08:53:00,1.03411,1.03413,1.03402,1.03412,66.2099994048476
2025-01-06T08:54:00,1.03412,1.03432,1.03409,1.03424,125.369999982417
2025-01-06T08:55:00,1.03423,1.03449,1.03423,1.03442,208.949998155236
2025-01-06T08:56:00,1.03443,1.03484,1.03442,1.03476,164.499999284744
2025-01-06T08:57:00,1.03476,1.03492,1.0346,1.0348,183.319998726249
2025-01-06T08:58:00,1.03479,1.03525,1.03479,1.03489,237.189997181296
2025-01-06T08:59:00,1.03489,1.03513,1.03489,1.035,208.389998406172
2025-01-06T09:00:00,1.03499,1.03512,1.0346,1.03461,351.929997436702
2025-01-06T09:01:00,1.0346,1.03469,1.03426,1.03447,377.519998289645
2025-01-06T09:02:00,1.03449,1.03449,1.03403,1.03425,323.899997651577
2025-01-06T09:03:00,1.03425,1.03548,1.03401,1.03548,530.309995703399
2025-01-06T09:04:00,1.0355,1.03581,1.035,1.03502,525.839994519949
2025-01-06T09:05:00,1.03504,1.03553,1.03497,1.03532,311.249995552003
2025-01-06T09:06:00,1.03532,1.03569,1.03529,1.03552,382.769996926188
2025-01-06T09:07:00,1.03553,1.03575,1.03521,1.03547,463.169997833669
2025-01-06T09:08:00,1.0355,1.03595,1.0355,1.03584,510.42999714613
2025-01-06T09:09:00,1.03584,1.03644,1.03544,1.03641,407.729998216033
2025-01-06T09:10:00,1.03641,1.03688,1.03641,1.03653,277.619999051094
2025-01-06T09:11:00,1.03654,1.03663,1.03634,1.03646,258.859998390079
2025-01-06T09:12:00,1.03645,1.03671,1.03634,1.03645,304.409999288619
2025-01-06T09:13:00,1.03647,1.0365,1.03608,1.0361,265.349997468293
2025-01-06T09:14:00,1.0361,1.0361,1.03567,1.03569,313.909997299314
2025-01-06T09:15:00,1.0357,1.03593,1.03546,1.03593,264.639998555183
2025-01-06T09:16:00,1.03592,1.03605,1.03585,1.03605,199.639998495579
2025-01-06T09:17:00,1.03605,1.03618,1.03592,1.03592,232.569998607039
2025-01-06T09:18:00,1.03591,1.03611,1.03586,1.03611,102.549998953938
2025-01-06T09:19:00,1.03615,1.03637,1.03612,1.03614,167.459999129176
2025-01-06T09:20:00,1.03612,1.03616,1.03596,1.03612,122.399998247623
2025-01-06T09:21:00,1.0361,1.0362,1.03599,1.03609,170.969997391105
2025-01-06T09:22:00,1.0361,1.03635,1.03599,1.03627,222.509998247027
2025-01-06T09:23:00,1.03628,1.03647,1.03611,1.03623,236.269999377429
2025-01-06T09:24:00,1.03624,1.03644,1.0362,1.0364,191.909998647869
2025-01-06T09:25:00,1.0364,1.03669,1.03632,1.03661,142.559998564422
2025-01-06T09:26:00,1.03662,1.03665,1.03625,1.03627,151.259999252856
2025-01-06T09:27:00,1.03625,1.03625,1.03588,1.036,150.180000007153
2025-01-06T09:28:00,1.036,1.03611,1.03599,1.036,143.339998938143
2025-01-06T09:29:00,1.03599,1.03601,1.03582,1.03582,155.059999391437
2025-01-06T09:30:00,1.03583,1.03583,1.0355,1.0356,176.959999352694
2025-01-06T09:31:00,1.0356,1.03585,1.03555,1.03585,57.2499995678663
2025-01-06T09:32:00,1.03587,1.03592,1.03565,1.03569,191.250000305474
2025-01-06T09:33:00,1.03569,1.03569,1.03555,1.03564,173.609999485314
2025-01-06T09:34:00,1.03562,1.03564,1.03549,1.03551,126.489999420941
2025-01-06T09:35:00,1.0355,1.03565,1.03549,1.03557,145.589999780059
2025-01-06T09:36:00,1.03558,1.03564,1.03549,1.0355,187.709998488426
2025-01-06T09:37:00,1.03551,1.03557,1.03538,1.03541,127.609998568892
2025-01-06T09:38:00,1.03541,1.03542,1.03511,1.03516,166.599999330938
2025-01-06T09:39:00,1.03519,1.03538,1.03508,1.0353,209.279998391867
2025-01-06T09:40:00,1.03527,1.0354,1.0351,1.03516,122.39999897778
2025-01-06T09:41:00,1.03515,1.03522,1.03499,1.03499,192.559999659657
2025-01-06T09:42:00,1.035,1.03526,1.03497,1.03516,132.659999519587
2025-01-06T09:43:00,1.03515,1.03525,1.03514,1.03516,106.70999969542
2025-01-06T09:44:00,1.03518,1.03522,1.03514,1.03519,140.489999033511
2025-01-06T09:45:00,1.03519,1.0353,1.03508,1.03526,120.53999953717
2025-01-06T09:46:00,1.03525,1.03546,1.03525,1.03546,113.279999241233
2025-01-06T09:47:00,1.03543,1.03548,1.03529,1.03535,129.829999595881
2025-01-06T09:48:00,1.03534,1.03535,1.03514,1.03519,167.309997752309
2025-01-06T09:49:00,1.0352,1.03531,1.0351,1.03514,155.019999817014
2025-01-06T09:50:00,1.03516,1.03538,1.03516,1.03535,87.0900001451373
2025-01-06T09:51:00,1.03537,1.0354,1.0352,1.03525,155.699999406934
2025-01-06T09:52:00,1.03524,1.03546,1.03522,1.03544,135.089998960495
2025-01-06T09:53:00,1.03544,1.03547,1.03536,1.03536,92.8599991127849
2025-01-06T09:54:00,1.03537,1.03549,1.03507,1.03548,196.469998493791
2025-01-06T09:55:00,1.03552,1.03561,1.03519,1.0353,170.669997483492
2025-01-06T09:56:00,1.03532,1.03546,1.03532,1.03539,98.8499991074204
2025-01-06T09:57:00,1.03538,1.03542,1.03524,1.03525,119.21999912709
2025-01-06T09:58:00,1.03523,1.03544,1.03523,1.0354,82.5899996310472
2025-01-06T09:59:00,1.03541,1.03556,1.0354,1.03554,212.30999904871
2025-01-06T10:00:00,1.03556,1.0358,1.03551,1.03561,217.619999043643
2025-01-06T10:01:00,1.03562,1.03566,1.03552,1.03552,177.749999582767
2025-01-06T10:02:00,1.03553,1.03556,1.03537,1.03537,100.940000034869
2025-01-06T10:03:00,1.03536,1.03542,1.03521,1.03537,127.459998726845
2025-01-06T10:04:00,1.03536,1.03555,1.03535,1.03549,96.3199992179871
2025-01-06T10:05:00,1.03548,1.03548,1.03533,1.03539,62.6699997112155
2025-01-06T10:06:00,1.03538,1.03539,1.03497,1.03501,165.439998984337
2025-01-06T10:07:00,1.035,1.035,1.03478,1.03481,137.319999791682
2025-01-06T10:08:00,1.03483,1.03496,1.03477,1.03488,156.199998155236
2025-01-06T10:09:00,1.03488,1.03499,1.03483,1.03485,67.8899994343519
2025-01-06T10:10:00,1.03485,1.03485,1.0347,1.03474,145.549999535084
2025-01-06T10:11:00,1.03475,1.03484,1.03466,1.03466,121.5399992764
2025-01-06T10:12:00,1.03467,1.03471,1.03456,1.03456,116.119999885559
2025-01-06T10:13:00,1.03456,1.0347,1.03454,1.03468,151.829999387264
2025-01-06T10:14:00,1.03467,1.03472,1.03453,1.03454,164.339998304844
2025-01-06T10:15:00,1.03453,1.03457,1.03446,1.03455,124.289999365807
2025-01-06T10:16:00,1.03456,1.03469,1.03451,1.03463,112.139998495579
2025-01-06T10:17:00,1.03464,1.03475,1.03464,1.0347,107.189999103546
2025-01-06T10:18:00,1.03469,1.0349,1.03469,1.03486,104.339999072254
2025-01-06T10:19:00,1.03487,1.03487,1.03454,1.03455,163.239998690784
2025-01-06T10:20:00,1.03455,1.03463,1.03452,1.0346,87.0599996969104
2025-01-06T10:21:00,1.0346,1.03462,1.03455,1.03455,59.5199992582202
2025-01-06T10:22:00,1.03455,1.03456,1.03447,1.03451,97.0199990868568
2025-01-06T10:23:00,1.03452,1.03452,1.03424,1.03435,135.149997755885
2025-01-06T10:24:00,1.03435,1.03438,1.03423,1.03435,53.7599995657802
2025-01-06T10:25:00,1.03436,1.03439,1.03425,1.03432,58.6199997365475
2025-01-06T10:26:00,1.03435,1.03463,1.03432,1.03456,90.7499998956919
2025-01-06T10:27:00,1.03456,1.03473,1.03456,1.03473,88.8899990916252
2025-01-06T10:28:00,1.03473,1.03475,1.03457,1.03461,150.839999198914
2025-01-06T10:29:00,1.03461,1.03468,1.03451,1.03451,132.119999267161
2025-01-06T10:30:00,1.0345,1.03469,1.03446,1.03466,89.909999795258
2025-01-06T10:31:00,1.03465,1.03471,1.03455,1.03457,69.7199990674853
2025-01-06T10:32:00,1.03457,1.0347,1.03456,1.0346,66.2099996209145
2025-01-06T10:33:00,1.0346,1.03474,1.0346,1.03472,57.2400000393391
2025-01-06T10:34:00,1.03471,1.03473,1.03452,1.03452,83.2499996423721
2025-01-06T10:35:00,1.03452,1.03461,1.03452,1.03456,65.7299991771579
2025-01-06T10:36:00,1.03456,1.03461,1.03455,1.03461,53.5499995946884
2025-01-06T10:37:00,1.0346,1.03486,1.03457,1.03485,78.3900000527501
2025-01-06T10:38:00,1.03483,1.03487,1.03478,1.03478,75.6599993556738
2025-01-06T10:39:00,1.03478,1.0348,1.03457,1.03464,109.999999523163
2025-01-06T10:40:00,1.03465,1.03466,1.03455,1.0346,73.8599992841482
2025-01-06T10:41:00,1.03459,1.03459,1.0345,1.03456,59.7499997466803
2025-01-06T10:42:00,1.03455,1.03456,1.03445,1.03447,78.2999997138977
2025-01-06T10:43:00,1.03446,1.03446,1.03431,1.03431,126.629998207092
2025-01-06T10:44:00,1.03431,1.03431,1.0342,1.03421,82.9799995422363
2025-01-06T10:45:00,1.03425,1.03438,1.03413,1.03414,142.919998824596
2025-01-06T10:46:00,1.03413,1.03429,1.0341,1.0342,78.9299983978271
2025-01-06T10:47:00,1.03419,1.03425,1.03417,1.03419,79.8599995300174
2025-01-06T10:48:00,1.0342,1.03428,1.03416,1.03416,137.159998714924
2025-01-06T10:49:00,1.03416,1.03416,1.03387,1.03401,145.07999932766
2025-01-06T10:50:00,1.034,1.03412,1.03398,1.03407,56.699999332428
2025-01-06T10:51:00,1.03405,1.03422,1.03405,1.03416,91.1699985861778
2025-01-06T10:52:00,1.03415,1.03415,1.03403,1.03407,80.5499988794327
2025-01-06T10:53:00,1.03407,1.03407,1.03393,1.03396,108.089999377728
2025-01-06T10:54:00,1.03387,1.03389,1.03381,1.03382,85.4999986290932
2025-01-06T10:55:00,1.03383,1.03387,1.03381,1.03384,86.309999525547
2025-01-06T10:56:00,1.03385,1.03386,1.03359,1.03372,178.019999563694
2025-01-06T10:57:00,1.03376,1.03377,1.03365,1.03366,165.239999771118
2025-01-06T10:58:00,1.03365,1.0337,1.03351,1.03369,222.600000493228
2025-01-06T10:59:00,1.03368,1.03368,1.0335,1.0335,196.64999973774
2025-01-06T11:00:00,1.03349,1.03357,1.03344,1.03357,211.139998614788
2025-01-06T11:01:00,1.0336,1.03378,1.03356,1.03374,118.919998973608
2025-01-06T11:02:00,1.03372,1.03372,1.03287,1.0335,644.889993935823
2025-01-06T11:03:00,1.0335,1.03357,1.03301,1.03337,567.199995592237
2025-01-06T11:04:00,1.03338,1.03396,1.03326,1.03395,323.099996164441
2025-01-06T11:05:00,1.03396,1.03412,1.03382,1.03403,325.0799979195
2025-01-06T11:06:00,1.03402,1.03427,1.03397,1.03426,222.639998972416
2025-01-06T11:07:00,1.03427,1.0344,1.03416,1.03431,147.299998030066
2025-01-06T11:08:00,1.03431,1.03452,1.03421,1.03452,188.699998520315
2025-01-06T11:09:00,1.03457,1.03507,1.03457,1.03495,331.489995151758
2025-01-06T11:10:00,1.03495,1.0355,1.03478,1.03541,459.599995546043
2025-01-06T11:11:00,1.0354,1.03576,1.0352,1.03576,308.129996992648
2025-01-06T11:12:00,1.03575,1.03662,1.03575,1.03634,447.749995283782
2025-01-06T11:13:00,1.03635,1.03714,1.03613,1.03714,288.509996265173
2025-01-06T11:14:00,1.03714,1.03888,1.03713,1.03785,685.249995686114
2025-01-06T11:15:00,1.03784,1.03999,1.03779,1.03966,647.32999740541
2025-01-06T11:16:00,1.03967,1.04008,1.0386,1.0391,853.339993365109
2025-01-06T11:17:00,1.03911,1.03941,1.03871,1.03894,799.859994105995
2025-01-06T11:18:00,1.03895,1.03909,1.03859,1.03872,481.24999473244
2025-01-06T11:19:00,1.03872,1.03915,1.03851,1.03913,515.239999003708
2025-01-06T11:20:00,1.03914,1.04,1.03914,1.03991,584.999995991588
2025-01-06T11:21:00,1.03993,1.04014,1.03979,1.03996,494.099995978177
2025-01-06T11:22:00,1.03996,1.04148,1.03971,1.04143,695.439994812012
2025-01-06T11:23:00,1.04144,1.04167,1.04097,1.04121,638.509996250272
2025-01-06T11:24:00,1.04123,1.04158,1.04069,1.0408,656.859995558858
2025-01-06T11:25:00,1.04081,1.04115,1.04059,1.04066,711.449998013675
2025-01-06T11:26:00,1.04067,1.04081,1.04019,1.0402,632.929997339845
2025-01-06T11:27:00,1.0402,1.04079,1.04015,1.04075,673.760000221431
2025-01-06T11:28:00,1.04071,1.04146,1.04071,1.04108,564.109993800521
2025-01-06T11:29:00,1.04109,1.04161,1.04099,1.04134,402.899996250868
2025-01-06T11:30:00,1.04136,1.04207,1.04129,1.04207,547.46999412775
2025-01-06T11:31:00,1.0421,1.04281,1.0421,1.0428,564.239995583892
2025-01-06T11:32:00,1.04281,1.04281,1.0422,1.0425,458.779997460544
2025-01-06T11:33:00,1.04261,1.04325,1.04254,1.04297,479.929993018508
2025-01-06T11:34:00,1.04296,1.04296,1.04211,1.04228,720.839995533228
2025-01-06T11:35:00,1.04226,1.04232,1.04176,1.042,614.679995879531
2025-01-06T11:36:00,1.04202,1.04233,1.04202,1.04226,442.449998520315
2025-01-06T11:37:00,1.04225,1.04247,1.04218,1.04224,310.909996517003
2025-01-06T11:38:00,1.04225,1.04237,1.04181,1.04229,467.279994390905
2025-01-06T11:39:00,1.04228,1.04249,1.0422,1.04231,448.639995627105
2025-01-06T11:40:00,1.0423,1.04275,1.04224,1.04254,509.219997011125
2025-01-06T11:41:00,1.04253,1.04253,1.04194,1.04206,432.749997369945
2025-01-06T11:42:00,1.04207,1.04231,1.042,1.042,645.969999536872
2025-01-06T11:43:00,1.04201,1.04206,1.04168,1.04185,516.20999597013
2025-01-06T11:44:00,1.04185,1.04209,1.04174,1.04174,548.880001269281
2025-01-06T11:45:00,1.04173,1.04189,1.04127,1.04128,577.6599996984
2025-01-06T11:46:00,1.04129,1.04139,1.04088,1.04104,694.759998887777
2025-01-06T11:47:00,1.04105,1.04131,1.04084,1.04093,453.329998627305
2025-01-06T11:48:00,1.04095,1.04118,1.04093,1.04096,376.40999981761
2025-01-06T11:49:00,1.04097,1.04114,1.04093,1.04108,392.72000079602
2025-01-06T11:50:00,1.04107,1.0415,1.04097,1.04147,480.669998332858
2025-01-06T11:51:00,1.04146,1.04157,1.04132,1.04157,218.969998002052
2025-01-06T11:52:00,1.04158,1.04168,1.04146,1.04158,347.279998704791
2025-01-06T11:53:00,1.04158,1.04174,1.04148,1.04149,258.749998427927
2025-01-06T11:54:00,1.04148,1.042,1.04146,1.04193,206.649997726083
2025-01-06T11:55:00,1.04194,1.04221,1.04175,1.04201,327.949997365475
2025-01-06T11:56:00,1.04201,1.0422,1.04187,1.04218,171.639999195933
2025-01-06T11:57:00,1.04216,1.0422,1.04197,1.04211,292.469997361302
2025-01-06T11:58:00,1.0421,1.04214,1.042,1.042,232.949999511242
2025-01-06T11:59:00,1.042,1.04217,1.042,1.04217,105.329998925328
2025-01-06T12:00:00,1.04218,1.04248,1.04215,1.04247,277.169997379184
2025-01-06T12:01:00,1.04247,1.0427,1.04216,1.04217,208.019998185337
2025-01-06T12:02:00,1.04219,1.04274,1.04218,1.04264,241.469997279346
2025-01-06T12:03:00,1.04265,1.04305,1.04256,1.04295,172.169998504221
2025-01-06T12:04:00,1.04292,1.04295,1.04234,1.04236,155.669998109341
2025-01-06T12:05:00,1.04236,1.04259,1.04235,1.04245,198.869997821748
2025-01-06T12:06:00,1.0425,1.04258,1.04218,1.04219,211.139998011291
2025-01-06T12:07:00,1.04219,1.04219,1.04163,1.04167,271.869996406138
2025-01-06T12:08:00,1.04168,1.04191,1.04168,1.04173,272.649999268353
2025-01-06T12:09:00,1.04175,1.04196,1.04163,1.04169,244.349997162819
2025-01-06T12:10:00,1.0417,1.04183,1.04134,1.04143,309.65999802202
2025-01-06T12:11:00,1.04144,1.04144,1.04104,1.04108,416.520000576973
2025-01-06T12:12:00,1.04104,1.04134,1.04104,1.04128,323.819998323917
2025-01-06T12:13:00,1.04129,1.04148,1.04123,1.04128,309.689998447895
2025-01-06T12:14:00,1.04129,1.04143,1.04103,1.04107,306.749998793006
2025-01-06T12:15:00,1.04105,1.04139,1.041,1.04126,184.239998854697
2025-01-06T12:16:00,1.04126,1.04148,1.04126,1.04136,195.129997730255
2025-01-06T12:17:00,1.04137,1.04179,1.04137,1.04159,292.359998032451
2025-01-06T12:18:00,1.0416,1.0416,1.04119,1.04119,252.969999171793
2025-01-06T12:19:00,1.04118,1.04134,1.04099,1.04101,333.059999026358
2025-01-06T12:20:00,1.04101,1.04134,1.04094,1.04104,187.009998880327
2025-01-06T12:21:00,1.04105,1.04109,1.0406,1.04062,284.309998489916
2025-01-06T12:22:00,1.04063,1.04081,1.04063,1.04073,205.979998998344
2025-01-06T12:23:00,1.04074,1.04081,1.04023,1.04038,357.330000393093
2025-01-06T12:24:00,1.04038,1.0404,1.04015,1.04028,580.740000426769
2025-01-06T12:25:00,1.04028,1.04043,1.03994,1.04041,427.259998835623
2025-01-06T12:26:00,1.04042,1.04059,1.04035,1.04045,307.829998783767
2025-01-06T12:27:00,1.04043,1.04059,1.04033,1.04033,245.899999380112
2025-01-06T12:28:00,1.04034,1.04034,1.04003,1.04006,241.00999751687
2025-01-06T12:29:00,1.04007,1.04009,1.03983,1.03991,337.399999514222
2025-01-06T12:30:00,1.03991,1.03992,1.0392,1.03929,586.739998146892
2025-01-06T12:31:00,1.0393,1.03943,1.03925,1.03928,260.679999113083
2025-01-06T12:32:00,1.0393,1.03949,1.03929,1.03948,215.149998649955
2025-01-06T12:33:00,1.03947,1.04014,1.03947,1.04008,214.459998086095
2025-01-06T12:34:00,1.04007,1.04022,1.0399,1.03991,244.069996915758
2025-01-06T12:35:00,1.03991,1.04056,1.03991,1.04049,167.039997495711
2025-01-06T12:36:00,1.0405,1.04071,1.04046,1.04057,165.389998391271
2025-01-06T12:37:00,1.04058,1.0406,1.04042,1.04044,196.22999881953
2025-01-06T12:38:00,1.04044,1.04065,1.04039,1.04054,293.419997148216
2025-01-06T12:39:00,1.04052,1.04061,1.04038,1.04044,166.439998321235
2025-01-06T12:40:00,1.04043,1.04045,1.04033,1.04036,183.989998824894
2025-01-06T12:41:00,1.04037,1.04042,1.04024,1.04033,259.129997782409
2025-01-06T12:42:00,1.04034,1.04034,1.04011,1.04023,133.919999480247
2025-01-06T12:43:00,1.04024,1.04048,1.0402,1.04047,200.289998590946
2025-01-06T12:44:00,1.04046,1.04046,1.04036,1.04046,131.57999843359
2025-01-06T12:45:00,1.04045,1.04062,1.04034,1.04054,229.1399974823
2025-01-06T12:46:00,1.04057,1.04064,1.04023,1.0403,314.819996029139
2025-01-06T12:47:00,1.04029,1.04085,1.04029,1.04069,330.099998623133
2025-01-06T12:48:00,1.04068,1.0408,1.04061,1.04066,287.949998773634
2025-01-06T12:49:00,1.04067,1.04076,1.04048,1.04068,250.91999925673
2025-01-06T12:50:00,1.04069,1.04075,1.04026,1.04026,301.439996108413
2025-01-06T12:51:00,1.04027,1.04033,1.04001,1.04007,253.589997753501
2025-01-06T12:52:00,1.04005,1.04013,1.03979,1.03984,192.429999999702
2025-01-06T12:53:00,1.03985,1.04001,1.03961,1.03969,160.449999511242
2025-01-06T12:54:00,1.0397,1.04008,1.03968,1.04,189.739998400211
2025-01-06T12:55:00,1.04002,1.04029,1.03999,1.04027,157.769999340177
2025-01-06T12:56:00,1.04026,1.04045,1.0402,1.04043,89.0899992585182
2025-01-06T12:57:00,1.04043,1.04065,1.04032,1.04065,180.299998752773
2025-01-06T12:58:00,1.04065,1.04131,1.04065,1.04127,186.179997615516
2025-01-06T12:59:00,1.04126,1.04132,1.04088,1.04108,258.789998039603
2025-01-06T13:00:00,1.04112,1.04161,1.04108,1.04135,228.099997192621
2025-01-06T13:01:00,1.04137,1.04183,1.04132,1.04183,155.699998162687
2025-01-06T13:02:00,1.04185,1.04203,1.0418,1.04193,137.069998279214
2025-01-06T13:03:00,1.04191,1.042,1.04175,1.04175,194.209998242557
2025-01-06T13:04:00,1.04179,1.04182,1.04159,1.04162,289.739996880293
2025-01-06T13:05:00,1.04162,1.04193,1.04162,1.0417,287.569996729493
2025-01-06T13:06:00,1.04172,1.04197,1.04172,1.04196,278.019997812808
2025-01-06T13:07:00,1.04197,1.04203,1.04161,1.04188,318.479998104274
2025-01-06T13:08:00,1.04188,1.04215,1.04179,1.04215,182.879997089505
2025-01-06T13:09:00,1.04215,1.04256,1.04204,1.04255,180.719996370375
2025-01-06T13:10:00,1.04257,1.04258,1.04214,1.04221,208.919997669756
2025-01-06T13:11:00,1.0422,1.04225,1.04194,1.04215,323.67999728024
2025-01-06T13:12:00,1.04214,1.04224,1.04205,1.04207,263.09999756515
2025-01-06T13:13:00,1.04206,1.04218,1.04192,1.0421,262.799996435642
2025-01-06T13:14:00,1.04209,1.04234,1.04199,1.04234,293.379996865988
2025-01-06T13:15:00,1.04235,1.04267,1.04234,1.0425,256.149996213615
2025-01-06T13:16:00,1.0425,1.04269,1.04237,1.04263,304.829998783767
2025-01-06T13:17:00,1.04263,1.04276,1.04203,1.04231,339.23999709636
2025-01-06T13:18:00,1.04229,1.04241,1.04201,1.04239,297.199997454882
2025-01-06T13:19:00,1.0424,1.04259,1.0424,1.04254,158.369999356568
2025-01-06T13:20:00,1.04254,1.04272,1.04242,1.0427,183.929998442531
2025-01-06T13:21:00,1.04269,1.04299,1.04266,1.04281,255.239996135235
2025-01-06T13:22:00,1.04281,1.04281,1.04244,1.04254,343.659998700023
2025-01-06T13:23:00,1.04253,1.04273,1.04253,1.04265,314.729997426271
2025-01-06T13:24:00,1.04265,1.04274,1.04253,1.04273,162.419998273253
2025-01-06T13:25:00,1.04276,1.04282,1.04255,1.04282,212.929999001324
2025-01-06T13:26:00,1.04282,1.04286,1.04256,1.04268,275.760000042617
2025-01-06T13:27:00,1.04267,1.04334,1.04267,1.04313,314.39999575913
2025-01-06T13:28:00,1.04313,1.04343,1.043,1.04331,335.409997433424
2025-01-06T13:29:00,1.04331,1.04367,1.04329,1.04355,228.439996622503
2025-01-06T13:30:00,1.04356,1.04358,1.04297,1.04339,465.829995006323
2025-01-06T13:31:00,1.0434,1.04341,1.04247,1.04252,618.299997165799
2025-01-06T13:32:00,1.04252,1.04263,1.04217,1.04244,571.209998063743
2025-01-06T13:33:00,1.04244,1.04245,1.04203,1.04225,270.41999848932
2025-01-06T13:34:00,1.04226,1.04239,1.04199,1.04223,275.879998385906
2025-01-06T13:35:00,1.04226,1.04226,1.04194,1.04195,187.729998514056
2025-01-06T13:36:00,1.04195,1.04203,1.04172,1.04201,367.049998633564
2025-01-06T13:37:00,1.042,1.04203,1.04165,1.04183,310.219997830689
2025-01-06T13:38:00,1.04182,1.04194,1.04174,1.04194,221.569998070598
2025-01-06T13:39:00,1.04196,1.04198,1.04166,1.04177,244.679998278618
2025-01-06T13:40:00,1.04178,1.04178,1.04143,1.04148,226.349999301136
2025-01-06T13:41:00,1.04148,1.0415,1.04103,1.04133,382.169998079538
2025-01-06T13:42:00,1.04133,1.04147,1.04118,1.04138,269.459999501705
2025-01-06T13:43:00,1.04137,1.04163,1.0413,1.04143,373.240000635386
2025-01-06T13:44:00,1.04143,1.04143,1.04098,1.04101,304.519999340177
2025-01-06T13:45:00,1.041,1.0411,1.04043,1.04068,424.539995446801
2025-01-06T13:46:00,1.0407,1.04116,1.04067,1.04103,392.229997113347
2025-01-06T13:47:00,1.04106,1.0412,1.04093,1.04119,209.489998713136
2025-01-06T13:48:00,1.04124,1.04141,1.04099,1.04139,265.549998275936
2025-01-06T13:49:00,1.04139,1.04159,1.041,1.04107,322.6000020504
2025-01-06T13:50:00,1.04109,1.04152,1.04106,1.0415,214.320000551641
2025-01-06T13:51:00,1.04153,1.04158,1.04136,1.04143,224.109999775887
2025-01-06T13:52:00,1.04144,1.04145,1.04129,1.04135,282.739998005331
2025-01-06T13:53:00,1.04135,1.04144,1.04104,1.04104,297.899999015033
2025-01-06T13:54:00,1.04104,1.04153,1.04098,1.04145,235.739998586476
2025-01-06T13:55:00,1.04144,1.04153,1.04123,1.0415,229.5399986431
2025-01-06T13:56:00,1.04151,1.04151,1.0412,1.04143,155.72999881953
2025-01-06T13:57:00,1.04142,1.04183,1.04132,1.04156,226.260000810027
2025-01-06T13:58:00,1.04155,1.0416,1.04133,1.04144,280.37000053376
2025-01-06T13:59:00,1.04144,1.04171,1.04144,1.04167,323.16000264883
2025-01-06T14:00:00,1.04168,1.04202,1.0415,1.04195,340.969999782741
2025-01-06T14:01:00,1.04195,1.04205,1.04174,1.04174,313.379997909069
2025-01-06T14:02:00,1.04175,1.04195,1.04151,1.04191,280.050000175834
2025-01-06T14:03:00,1.04192,1.04202,1.04178,1.0418,287.369997240603
2025-01-06T14:04:00,1.0418,1.04198,1.04167,1.04169,290.469997897744
2025-01-06T14:05:00,1.0417,1.04224,1.0417,1.04221,215.939999133348
2025-01-06T14:06:00,1.04221,1.04237,1.04195,1.04195,342.930000714958
2025-01-06T14:07:00,1.04195,1.04207,1.04173,1.04178,337.809998512268
2025-01-06T14:08:00,1.04179,1.04179,1.04125,1.04129,308.630000166595
2025-01-06T14:09:00,1.0413,1.04149,1.04107,1.04115,306.829998716712
2025-01-06T14:10:00,1.04114,1.04126,1.04098,1.04114,291.05999981612
2025-01-06T14:11:00,1.04114,1.04128,1.04105,1.04109,321.689998976886
2025-01-06T14:12:00,1.04109,1.04143,1.04106,1.04135,257.339998595417
2025-01-06T14:13:00,1.04135,1.04135,1.04104,1.0411,246.510000281036
2025-01-06T14:14:00,1.04109,1.04112,1.041,1.04102,183.149999193847
2025-01-06T14:15:00,1.04102,1.0411,1.03782,1.03883,810.369994968176
2025-01-06T14:16:00,1.03883,1.03933,1.03527,1.03586,1671.23999504745
2025-01-06T14:17:00,1.03591,1.03688,1.03567,1.03666,1992.27998909354
2025-01-06T14:18:00,1.03673,1.03673,1.03549,1.03573,1671.16998635978
2025-01-06T14:19:00,1.03572,1.03667,1.03565,1.03597,1559.29998609424
2025-01-06T14:20:00,1.03597,1.03621,1.03563,1.03601,1954.1100006029
2025-01-06T14:21:00,1.03594,1.03666,1.03587,1.03588,2270.66000355035
2025-01-06T14:22:00,1.03587,1.03665,1.03581,1.03662,1415.7299972102
2025-01-06T14:23:00,1.0366,1.03729,1.03653,1.03729,1078.41999596357
2025-01-06T14:24:00,1.03729,1.03733,1.03628,1.03629,1429.98999456316
2025-01-06T14:25:00,1.0363,1.03722,1.03615,1.03686,1034.71999871731
2025-01-06T14:26:00,1.03685,1.03718,1.03651,1.03712,1252.04999618232
2025-01-06T14:27:00,1.03712,1.03749,1.03708,1.03743,929.279998056591
2025-01-06T14:28:00,1.03746,1.03818,1.03733,1.03818,889.319998256862
2025-01-06T14:29:00,1.03818,1.03824,1.03793,1.03813,968.979999065399
2025-01-06T14:30:00,1.03812,1.03856,1.0378,1.03797,709.409992136061
2025-01-06T14:31:00,1.03798,1.03798,1.03747,1.03757,644.939994037151
2025-01-06T14:32:00,1.03757,1.03782,1.03728,1.03748,488.689994938672
2025-01-06T14:33:00,1.03748,1.03762,1.03733,1.03748,1223.81999586523
2025-01-06T14:34:00,1.03749,1.03773,1.0374,1.03746,906.02999445051
2025-01-06T14:35:00,1.03745,1.03761,1.03708,1.03732,862.299994677305
2025-01-06T14:36:00,1.03731,1.03759,1.03716,1.03759,489.419994771481
2025-01-06T14:37:00,1.03758,1.03792,1.03728,1.03783,580.910000450909
2025-01-06T14:38:00,1.03784,1.03816,1.03773,1.03783,534.550001189113
2025-01-06T14:39:00,1.03783,1.03783,1.03741,1.03759,569.389999710023
2025-01-06T14:40:00,1.03759,1.03791,1.03758,1.0376,304.209996446967
2025-01-06T14:41:00,1.03761,1.03789,1.03757,1.03777,216.689997278154
2025-01-06T14:42:00,1.03776,1.03777,1.03679,1.03688,501.089999087155
2025-01-06T14:43:00,1.03689,1.03707,1.03676,1.03686,239.489999301732
2025-01-06T14:44:00,1.03689,1.03702,1.03666,1.03687,272.999999187887
2025-01-06T14:45:00,1.03692,1.03841,1.03692,1.03839,473.789996676147
2025-01-06T14:46:00,1.03838,1.03838,1.03789,1.03823,392.219994135201
2025-01-06T14:47:00,1.03823,1.03845,1.03786,1.03827,501.309997111559
2025-01-06T14:48:00,1.0383,1.03885,1.03822,1.03878,331.969995826483
2025-01-06T14:49:00,1.03879,1.03884,1.03851,1.03882,302.969994850457
2025-01-06T14:50:00,1.03885,1.03908,1.03863,1.03903,422.659994937479
2025-01-06T14:51:00,1.03904,1.03923,1.03895,1.03913,496.759998612106
2025-01-06T14:52:00,1.03913,1.03938,1.03898,1.03938,350.419996030629
2025-01-06T14:53:00,1.03937,1.03954,1.03929,1.03944,276.869995392859
2025-01-06T14:54:00,1.03946,1.03973,1.03946,1.03967,335.969999030232
2025-01-06T14:55:00,1.03968,1.03988,1.03945,1.03952,382.410001136363
2025-01-06T14:56:00,1.0395,1.03972,1.03948,1.03961,297.449999809265
2025-01-06T14:57:00,1.03962,1.0397,1.03939,1.03939,315.209996573627
2025-01-06T14:58:00,1.03939,1.03956,1.03927,1.03927,240.229997776449
2025-01-06T14:59:00,1.03929,1.03932,1.03911,1.03925,220.119998455048
2025-01-06T15:00:00,1.03925,1.03987,1.03923,1.03923,483.419999524951
2025-01-06T15:01:00,1.03921,1.03946,1.03886,1.03886,373.049999788404
2025-01-06T15:02:00,1.03885,1.0393,1.03876,1.0391,315.70999725908
2025-01-06T15:03:00,1.03911,1.03911,1.03851,1.03852,382.619998522103
2025-01-06T15:04:00,1.03851,1.03875,1.0383,1.03875,1212.04999880493
2025-01-06T15:05:00,1.03876,1.03937,1.03876,1.03921,1184.3599968031
2025-01-06T15:06:00,1.0392,1.0394,1.03881,1.03882,383.100000731647
2025-01-06T15:07:00,1.03882,1.03882,1.0385,1.03851,337.400002785027
2025-01-06T15:08:00,1.03852,1.0389,1.03849,1.03882,1013.0199950859
2025-01-06T15:09:00,1.03881,1.03905,1.03843,1.03852,297.500001579523
2025-01-06T15:10:00,1.03851,1.03882,1.03829,1.03871,388.229998096824
2025-01-06T15:11:00,1.03871,1.03872,1.03824,1.03837,578.69000159204
2025-01-06T15:12:00,1.03837,1.03852,1.038,1.03804,470.189999707043
2025-01-06T15:13:00,1.03804,1.03884,1.03802,1.03866,388.98999941349
2025-01-06T15:14:00,1.03866,1.03877,1.03854,1.03855,335.140000067651
2025-01-06T15:15:00,1.03855,1.03861,1.03831,1.03831,356.850000672042
2025-01-06T15:16:00,1.03832,1.03846,1.0381,1.03811,265.029999904335
2025-01-06T15:17:00,1.0381,1.03832,1.03791,1.03814,550.430000469089
2025-01-06T15:18:00,1.03815,1.03856,1.03813,1.0382,526.89000146836
2025-01-06T15:19:00,1.0382,1.03832,1.03788,1.0379,490.230001330376
2025-01-06T15:20:00,1.03789,1.03805,1.0378,1.03795,931.879997491837
2025-01-06T15:21:00,1.03796,1.03807,1.03782,1.03789,569.809999108315
2025-01-06T15:22:00,1.03791,1.03807,1.03758,1.038,425.119999542832
2025-01-06T15:23:00,1.03804,1.03806,1.03772,1.03786,293.879999935627
2025-01-06T15:24:00,1.03786,1.03807,1.03786,1.03797,333.000000238419
2025-01-06T15:25:00,1.03798,1.03807,1.03761,1.03774,330.40000038594
2025-01-06T15:26:00,1.03772,1.03777,1.03761,1.03765,478.830003142357
2025-01-06T15:27:00,1.03765,1.03799,1.0376,1.03797,385.499998688698
2025-01-06T15:28:00,1.03798,1.03804,1.03786,1.03798,332.479995302856
2025-01-06T15:29:00,1.03798,1.03809,1.03788,1.03808,238.979996204376
2025-01-06T15:30:00,1.03809,1.03842,1.03801,1.03802,317.599995873868
2025-01-06T15:31:00,1.03801,1.03821,1.03786,1.03805,302.549997366965
2025-01-06T15:32:00,1.03806,1.03843,1.03798,1.03827,303.019996851683
2025-01-06T15:33:00,1.03827,1.03835,1.03802,1.03825,346.079993754625
2025-01-06T15:34:00,1.03825,1.03846,1.03817,1.03819,213.349996969104
2025-01-06T15:35:00,1.03821,1.03839,1.0381,1.03835,272.109996378422
2025-01-06T15:36:00,1.03834,1.03836,1.03794,1.03794,301.389995925128
2025-01-06T15:37:00,1.03793,1.03794,1.03761,1.03766,573.149996638298
2025-01-06T15:38:00,1.03765,1.03783,1.03724,1.03732,922.779995664954
2025-01-06T15:39:00,1.03731,1.03761,1.03727,1.03746,850.139993071556
2025-01-06T15:40:00,1.03745,1.03752,1.03712,1.03748,592.70999853313
2025-01-06T15:41:00,1.03748,1.03775,1.03741,1.03742,604.589997753501
2025-01-06T15:42:00,1.03743,1.03743,1.03716,1.03731,682.949997715652
2025-01-06T15:43:00,1.0373,1.03745,1.03727,1.03727,606.889999270439
2025-01-06T15:44:00,1.03726,1.03755,1.0372,1.03753,527.149997621775
2025-01-06T15:45:00,1.03753,1.0382,1.03751,1.03817,705.769996881485
2025-01-06T15:46:00,1.0382,1.03846,1.03801,1.03815,840.149996988475
2025-01-06T15:47:00,1.03816,1.03838,1.03798,1.03806,618.889996275306
2025-01-06T15:48:00,1.03807,1.03817,1.03785,1.03791,772.999996460974
2025-01-06T15:49:00,1.0379,1.03792,1.03761,1.0377,801.500000074506
2025-01-06T15:50:00,1.03771,1.03857,1.03771,1.0385,889.25999327749
2025-01-06T15:51:00,1.03849,1.03875,1.03848,1.0386,813.209999069571
2025-01-06T15:52:00,1.03861,1.03897,1.0386,1.03887,591.93999889493
2025-01-06T15:53:00,1.03886,1.03906,1.03881,1.03896,573.37999907881
2025-01-06T15:54:00,1.03897,1.03899,1.03871,1.03881,612.849997729063
2025-01-06T15:55:00,1.03881,1.03892,1.03875,1.03883,547.259998373687
2025-01-06T15:56:00,1.03883,1.03918,1.03883,1.03916,509.750000953674
2025-01-06T15:57:00,1.03915,1.03985,1.03906,1.03967,397.409998714924
2025-01-06T15:58:00,1.03968,1.03975,1.03911,1.03938,726.769994229078
2025-01-06T15:59:00,1.03936,1.03948,1.03928,1.03935,454.749998316169
2025-01-06T16:00:00,1.03936,1.0395,1.039,1.03914,614.769997619092
2025-01-06T16:01:00,1.03914,1.03946,1.0391,1.03945,502.31999733299
2025-01-06T16:02:00,1.03944,1.03965,1.03922,1.03924,563.429997302592
2025-01-06T16:03:00,1.03923,1.03958,1.03915,1.03952,540.089998759329
2025-01-06T16:04:00,1.03953,1.03974,1.03942,1.03943,618.17999920249
2025-01-06T16:05:00,1.03943,1.03962,1.03934,1.03934,470.769998915493
2025-01-06T16:06:00,1.03934,1.03942,1.03916,1.03939,318.749999836087
2025-01-06T16:07:00,1.03939,1.03948,1.03911,1.03914,477.209999017417
2025-01-06T16:08:00,1.03915,1.03923,1.039,1.03923,418.050003051758
2025-01-06T16:09:00,1.03921,1.03936,1.03911,1.03915,702.700000457466
2025-01-06T16:10:00,1.03917,1.0393,1.03893,1.03898,306.60000026226
2025-01-06T16:11:00,1.03896,1.039,1.03876,1.03877,248.940000630915
2025-01-06T16:12:00,1.03877,1.03878,1.03854,1.03867,452.249999023974
2025-01-06T16:13:00,1.03867,1.03912,1.03861,1.03898,406.579997837543
2025-01-06T16:14:00,1.03899,1.03907,1.03897,1.03899,262.35000038147
2025-01-06T16:15:00,1.03899,1.03917,1.03891,1.03916,214.169998943806
2025-01-06T16:16:00,1.03916,1.03929,1.039,1.03916,277.199998550117
2025-01-06T16:17:00,1.03917,1.0392,1.03898,1.03902,325.109996914864
2025-01-06T16:18:00,1.03902,1.03919,1.03898,1.039,324.929997846484
2025-01-06T16:19:00,1.03901,1.03913,1.03883,1.03913,306.809998571873
2025-01-06T16:20:00,1.03912,1.03932,1.0391,1.03926,395.280000068247
2025-01-06T16:21:00,1.03927,1.0393,1.03889,1.03893,458.249999508262
2025-01-06T16:22:00,1.03892,1.03894,1.0388,1.03883,511.6499985829
2025-01-06T16:23:00,1.03882,1.0389,1.03866,1.03886,539.699998781085
2025-01-06T16:24:00,1.03885,1.03903,1.03883,1.03903,194.959999829531
2025-01-06T16:25:00,1.03903,1.03906,1.03881,1.03893,344.959998123348
2025-01-06T16:26:00,1.03895,1.03943,1.03891,1.03927,252.239998556674
2025-01-06T16:27:00,1.03927,1.03928,1.03912,1.03924,335.979998908937
2025-01-06T16:28:00,1.03925,1.03945,1.03925,1.03936,315.719998560846
2025-01-06T16:29:00,1.03936,1.03961,1.03936,1.03948,141.390000484884
2025-01-06T16:30:00,1.03948,1.04022,1.03946,1.0402,415.590001031756
2025-01-06T16:31:00,1.0402,1.04027,1.04013,1.04018,284.76000226289
2025-01-06T16:32:00,1.04018,1.04023,1.03999,1.03999,301.16999976337
2025-01-06T16:33:00,1.04,1.04003,1.03966,1.03973,361.199999444187
2025-01-06T16:34:00,1.03973,1.03991,1.03964,1.03988,229.530000202358
2025-01-06T16:35:00,1.03986,1.04009,1.03984,1.04007,252.559998318553
2025-01-06T16:36:00,1.04008,1.04021,1.03998,1.03998,314.6099999547
2025-01-06T16:37:00,1.03999,1.04004,1.03989,1.03997,256.019998274744
2025-01-06T16:38:00,1.03998,1.04001,1.03989,1.03994,140.079999446869
2025-01-06T16:39:00,1.03993,1.0401,1.03984,1.03994,221.359998099506
2025-01-06T16:40:00,1.03995,1.03997,1.03973,1.03973,199.679999932647
2025-01-06T16:41:00,1.03975,1.03982,1.03966,1.03977,214.740000128746
2025-01-06T16:42:00,1.03976,1.03977,1.03951,1.03973,254.779999181628
2025-01-06T16:43:00,1.03971,1.04008,1.03968,1.03989,322.13999864459
2025-01-06T16:44:00,1.03988,1.03988,1.03973,1.03982,283.769997507334
2025-01-06T16:45:00,1.03983,1.03989,1.03962,1.03964,210.330000393093
2025-01-06T16:46:00,1.03963,1.03967,1.03941,1.03962,424.979999192059
2025-01-06T16:47:00,1.03962,1.03963,1.0395,1.03952,259.769998185337
2025-01-06T16:48:00,1.03953,1.03961,1.03948,1.03952,466.709996506572
2025-01-06T16:49:00,1.03953,1.03955,1.03932,1.03937,434.109994344413
2025-01-06T16:50:00,1.03937,1.03937,1.0392,1.03922,498.309997007251
2025-01-06T16:51:00,1.03921,1.03935,1.03921,1.03933,269.219998829067
2025-01-06T16:52:00,1.03935,1.03943,1.03931,1.0394,238.860000014305
2025-01-06T16:53:00,1.03939,1.03949,1.03932,1.03943,291.959999680519
2025-01-06T16:54:00,1.03943,1.03955,1.03941,1.03953,192.689998723567
2025-01-06T16:55:00,1.03952,1.03959,1.03941,1.03941,222.389998316765
2025-01-06T16:56:00,1.03941,1.03941,1.0393,1.03932,282.90999943018
2025-01-06T16:57:00,1.03932,1.03936,1.03922,1.03933,326.469999313354
2025-01-06T16:58:00,1.03932,1.03972,1.03932,1.03971,302.760000228882
2025-01-06T16:59:00,1.03972,1.03977,1.03967,1.03967,116.549999594688
2025-01-06T17:00:00,1.03968,1.03968,1.03947,1.03958,302.909999847412
2025-01-06T17:01:00,1.03958,1.03966,1.03944,1.03947,362.970002174377
2025-01-06T17:02:00,1.03946,1.03946,1.03917,1.03918,232.499999493361
2025-01-06T17:03:00,1.03917,1.03919,1.03893,1.03906,386.040001802146
2025-01-06T17:04:00,1.03907,1.03908,1.0389,1.03896,446.399998128414
2025-01-06T17:05:00,1.03897,1.03911,1.03891,1.03911,394.899997346103
2025-01-06T17:06:00,1.03912,1.03913,1.03886,1.03892,497.669996604323
2025-01-06T17:07:00,1.03892,1.03896,1.03888,1.0389,436.099999777973
2025-01-06T17:08:00,1.03889,1.03897,1.03886,1.03887,437.249996177852
2025-01-06T17:09:00,1.03888,1.03891,1.0386,1.03868,795.459994837642
2025-01-06T17:10:00,1.03867,1.03874,1.0386,1.03861,557.309994839132
2025-01-06T17:11:00,1.0386,1.03864,1.03841,1.03851,1109.50999540091
2025-01-06T17:12:00,1.0385,1.03851,1.03833,1.03833,276.780000977218
2025-01-06T17:13:00,1.03833,1.03845,1.0383,1.03841,417.730000853539
2025-01-06T17:14:00,1.03841,1.03842,1.03821,1.03826,400.320000290871
2025-01-06T17:15:00,1.0383,1.03835,1.03821,1.03823,342.989999473095
2025-01-06T17:16:00,1.03822,1.03833,1.03822,1.03826,292.049997329712
2025-01-06T17:17:00,1.03824,1.03824,1.03808,1.0382,505.239997379482
2025-01-06T17:18:00,1.03821,1.03822,1.03807,1.03807,265.139999426901
2025-01-06T17:19:00,1.03807,1.03819,1.03805,1.03816,268.679998509586
2025-01-06T17:20:00,1.03816,1.03832,1.03816,1.03829,214.64999961853
2025-01-06T17:21:00,1.03828,1.03831,1.03811,1.03818,143.09999871254
2025-01-06T17:22:00,1.03817,1.0383,1.03817,1.03826,122.939999461174
2025-01-06T17:23:00,1.03827,1.03832,1.03827,1.03832,40.0499997138977
2025-01-06T17:24:00,1.03832,1.03832,1.03824,1.03828,65.8199995085597
2025-01-06T17:25:00,1.03828,1.03866,1.03828,1.03863,103.139998733997
2025-01-06T17:26:00,1.03863,1.03863,1.03835,1.03836,231.3900000453
2025-01-06T17:27:00,1.03836,1.03842,1.03824,1.03841,248.039996862411
2025-01-06T17:28:00,1.03842,1.03846,1.03836,1.03837,179.769999563694
2025-01-06T17:29:00,1.03837,1.03842,1.03831,1.03833,251.430001363158
2025-01-06T17:30:00,1.03832,1.03833,1.03811,1.03812,342.769997864962
2025-01-06T17:31:00,1.03812,1.03816,1.03802,1.03812,97.8699991703033
2025-01-06T17:32:00,1.03811,1.03816,1.03806,1.03816,208.379999749362
2025-01-06T17:33:00,1.03816,1.03842,1.03816,1.03842,303.629998527467
2025-01-06T17:34:00,1.03842,1.03847,1.03841,1.03847,54.1799994111061
2025-01-06T17:35:00,1.0385,1.03855,1.03832,1.0384,225.629999518394
2025-01-06T17:36:00,1.03841,1.03844,1.03839,1.03843,33.2999995946884
2025-01-06T17:37:00,1.03843,1.03843,1.03836,1.03837,149.66999912262
2025-01-06T17:38:00,1.03838,1.03838,1.03826,1.03829,228.889998376369
2025-01-06T17:39:00,1.03829,1.03836,1.03819,1.03824,197.819996789098
2025-01-06T17:40:00,1.03823,1.03833,1.03821,1.03822,159.479999557137
2025-01-06T17:41:00,1.03822,1.03827,1.03811,1.03812,235.499997124076
2025-01-06T17:42:00,1.03811,1.03814,1.03806,1.0381,125.279999196529
2025-01-06T17:43:00,1.03811,1.03824,1.0381,1.03822,131.909999415278
2025-01-06T17:44:00,1.03822,1.03824,1.03821,1.03822,35.7599997445941
2025-01-06T17:45:00,1.0382,1.03832,1.03816,1.03832,83.4299996644258
2025-01-06T17:46:00,1.03834,1.03838,1.03827,1.03832,111.599998533726
2025-01-06T17:47:00,1.03832,1.03847,1.03832,1.0384,236.359999895096
2025-01-06T17:48:00,1.03839,1.03841,1.0382,1.03822,178.200000166893
2025-01-06T17:49:00,1.03825,1.03829,1.03825,1.03827,93.1499991416931
2025-01-06T17:50:00,1.03828,1.03829,1.03806,1.03808,100.919999651611
2025-01-06T17:51:00,1.03809,1.03812,1.03807,1.03812,118.979998707771
2025-01-06T17:52:00,1.03812,1.03825,1.03793,1.03822,157.889999739826
2025-01-06T17:53:00,1.03822,1.03838,1.03822,1.03832,219.360000126064
2025-01-06T17:54:00,1.03833,1.03852,1.03833,1.03851,98.4599991366267
2025-01-06T17:55:00,1.0385,1.03852,1.03843,1.03852,126.749999396503
2025-01-06T17:56:00,1.03852,1.03857,1.0384,1.03843,151.859998695552
2025-01-06T17:57:00,1.03844,1.03871,1.03843,1.03867,195.510000102222
2025-01-06T17:58:00,1.03866,1.03878,1.03866,1.03877,132.089999064803
2025-01-06T17:59:00,1.03877,1.03877,1.03863,1.03873,224.33999799937
2025-01-06T18:00:00,1.03873,1.03892,1.03873,1.03878,213.349997639656
2025-01-06T18:01:00,1.03879,1.03882,1.0387,1.03874,166.449999451637
2025-01-06T18:02:00,1.03873,1.03873,1.03809,1.03809,406.539996407926
2025-01-06T18:03:00,1.0381,1.03821,1.03801,1.03801,147.619998782873
2025-01-06T18:04:00,1.03801,1.0381,1.03777,1.03785,161.759998947382
2025-01-06T18:05:00,1.03786,1.0382,1.03786,1.03812,126.299998097122
2025-01-06T18:06:00,1.03812,1.03826,1.03812,1.03818,90.2399989962578
2025-01-06T18:07:00,1.03818,1.0382,1.03796,1.03798,60.5099990293384
2025-01-06T18:08:00,1.03797,1.03803,1.03777,1.03785,90.0299991965294
2025-01-06T18:09:00,1.03785,1.0379,1.0377,1.03772,66.5400001332164
2025-01-06T18:10:00,1.03774,1.03794,1.03774,1.03793,63.3599997758865
2025-01-06T18:11:00,1.03796,1.03807,1.03792,1.03799,73.5299993231893
2025-01-06T18:12:00,1.038,1.03809,1.03794,1.03805,46.829999782145
2025-01-06T18:13:00,1.03808,1.03813,1.03803,1.03812,41.189999833703
2025-01-06T18:14:00,1.03813,1.03829,1.03812,1.03828,39.719999819994
2025-01-06T18:15:00,1.03828,1.03838,1.03822,1.03838,65.9999985620379
2025-01-06T18:16:00,1.03837,1.03847,1.03827,1.03827,73.2799988761544
2025-01-06T18:17:00,1.03826,1.03829,1.03803,1.03806,101.009999386966
2025-01-06T18:18:00,1.03805,1.03821,1.03801,1.03814,70.4099990054965
2025-01-06T18:19:00,1.03814,1.03829,1.03814,1.03827,96.5399984940886
2025-01-06T18:20:00,1.03827,1.03841,1.03822,1.03828,76.6499987691641
2025-01-06T18:21:00,1.03829,1.03834,1.03823,1.03834,101.699999332428
2025-01-06T18:22:00,1.03834,1.03852,1.03834,1.03849,83.7899993658066
2025-01-06T18:23:00,1.03851,1.0386,1.03848,1.03851,171.869998380542
2025-01-06T18:24:00,1.0385,1.03857,1.03839,1.03856,112.919998273253
2025-01-06T18:25:00,1.03856,1.03867,1.03855,1.03867,40.4399996697903
2025-01-06T18:26:00,1.03866,1.03868,1.03866,1.03866,10.2899999320507
2025-01-06T18:27:00,1.03865,1.03878,1.0386,1.03862,58.9699998870492
2025-01-06T18:28:00,1.03861,1.03863,1.03851,1.03858,84.3299994468689
2025-01-06T18:29:00,1.03856,1.03857,1.03846,1.03856,77.8499999046326
2025-01-06T18:30:00,1.03855,1.03867,1.03855,1.03865,55.799999833107
2025-01-06T18:31:00,1.03866,1.03881,1.03866,1.03877,73.7999994158745
2025-01-06T18:32:00,1.03877,1.03877,1.03846,1.03847,93.1499993801117
2025-01-06T18:33:00,1.03846,1.03852,1.0384,1.03842,94.4999992847443
2025-01-06T18:34:00,1.03843,1.03855,1.03842,1.03854,50.50999969244
2025-01-06T18:35:00,1.03853,1.03854,1.03838,1.0384,60.7499989271164
2025-01-06T18:36:00,1.0384,1.03841,1.03828,1.03832,112.169998936355
2025-01-06T18:37:00,1.03831,1.03841,1.03821,1.03823,72.0899994373322
2025-01-06T18:38:00,1.03822,1.03833,1.03821,1.03831,57.1499992012978
2025-01-06T18:39:00,1.03832,1.03839,1.03831,1.03837,40.4999996423721
2025-01-06T18:40:00,1.03838,1.0384,1.03816,1.03822,89.1299989297986
2025-01-06T18:41:00,1.03822,1.03822,1.03802,1.03802,70.2599992603064
2025-01-06T18:42:00,1.03801,1.03829,1.03795,1.03828,86.7399992421269
2025-01-06T18:43:00,1.03826,1.03842,1.03817,1.0384,82.5199992358685
2025-01-06T18:44:00,1.03839,1.03844,1.03837,1.03842,28.2299999371171
2025-01-06T18:45:00,1.03846,1.03857,1.03845,1.03856,90.5199987590313
2025-01-06T18:46:00,1.03855,1.03858,1.03845,1.03852,76.2599995061755
2025-01-06T18:47:00,1.03852,1.03859,1.0384,1.03857,100.919999234378
2025-01-06T18:48:00,1.03858,1.03869,1.03858,1.03868,62.6899992153049
2025-01-06T18:49:00,1.03867,1.03871,1.03865,1.03869,41.6999995037913
2025-01-06T18:50:00,1.03869,1.03869,1.03867,1.03868,21.359999768436
2025-01-06T18:51:00,1.03868,1.03873,1.03859,1.03868,70.7099994048476
2025-01-06T18:52:00,1.03868,1.03872,1.03856,1.03858,69.7499997615814
2025-01-06T18:53:00,1.03861,1.03863,1.03842,1.03858,56.6099992990494
2025-01-06T18:54:00,1.03859,1.03865,1.03851,1.03858,55.379999563098
2025-01-06T18:55:00,1.03856,1.03857,1.03847,1.03851,90.9000000357628
2025-01-06T18:56:00,1.03851,1.0386,1.03847,1.03858,54.0899991989136
2025-01-06T18:57:00,1.03856,1.03856,1.03844,1.03849,73.4699991643429
2025-01-06T18:58:00,1.03845,1.03845,1.03808,1.0381,113.189999803901
2025-01-06T18:59:00,1.0381,1.03826,1.0381,1.03818,66.6899986639619
2025-01-06T19:00:00,1.03819,1.03819,1.03803,1.03808,67.9699989333749
2025-01-06T19:01:00,1.03808,1.03812,1.03788,1.03791,95.5199985429645
2025-01-06T19:02:00,1.03794,1.03805,1.03792,1.03792,87.4099988937378
2025-01-06T19:03:00,1.03791,1.03828,1.03791,1.03828,135.539997935295
2025-01-06T19:04:00,1.03832,1.0384,1.03826,1.03838,108.109998345375
2025-01-06T19:05:00,1.03839,1.03854,1.03832,1.03854,69.5099987909198
2025-01-06T19:06:00,1.03854,1.03856,1.03844,1.03848,60.419999293983
2025-01-06T19:07:00,1.03848,1.03863,1.03843,1.03856,88.0199997425079
2025-01-06T19:08:00,1.03855,1.03859,1.03847,1.03852,86.5399990007281
2025-01-06T19:09:00,1.0385,1.0386,1.0385,1.03854,71.0999993085861
2025-01-06T19:10:00,1.03855,1.03859,1.03849,1.0385,41.8699994087219
2025-01-06T19:11:00,1.0385,1.0385,1.03833,1.03848,153.539999179542
2025-01-06T19:12:00,1.03847,1.03849,1.03841,1.03849,40.6200002357364
2025-01-06T19:13:00,1.0385,1.03861,1.0385,1.03859,45.5699998065829
2025-01-06T19:14:00,1.0386,1.0386,1.03842,1.03844,40.9499996304512
2025-01-06T19:15:00,1.03843,1.03865,1.03841,1.03857,118.199999324977
2025-01-06T19:16:00,1.03856,1.03866,1.03851,1.03865,93.689999461174
2025-01-06T19:17:00,1.03864,1.03888,1.03862,1.03886,99.9600001573563
2025-01-06T19:18:00,1.03887,1.03887,1.03877,1.03877,43.6499998569489
2025-01-06T19:19:00,1.03877,1.03882,1.03869,1.03882,166.129998743534
2025-01-06T19:20:00,1.03882,1.03889,1.03875,1.03883,74.2499990463257
2025-01-06T19:21:00,1.03883,1.0389,1.03883,1.03888,30.2599993348122
2025-01-06T19:22:00,1.03888,1.03888,1.03868,1.03868,71.439999461174
2025-01-06T19:23:00,1.03868,1.03879,1.03868,1.03876,168.79000133276
2025-01-06T19:24:00,1.03877,1.03883,1.03867,1.03868,370.350000917912
2025-01-06T19:25:00,1.03868,1.03881,1.03866,1.0388,165.439999453723
2025-01-06T19:26:00,1.03881,1.03893,1.0388,1.03891,130.949998438358
2025-01-06T19:27:00,1.03891,1.03901,1.03891,1.03897,61.1999989748001
2025-01-06T19:28:00,1.03895,1.03895,1.03884,1.03884,111.150000214577
2025-01-06T19:29:00,1.03883,1.03883,1.03872,1.03881,69.299998998642
2025-01-06T19:30:00,1.0388,1.03887,1.03874,1.03887,57.5999990701675
2025-01-06T19:31:00,1.03887,1.03914,1.03883,1.03911,72.4499981403351
2025-01-06T19:32:00,1.03913,1.03917,1.03899,1.03902,63.539999127388
2025-01-06T19:33:00,1.03902,1.03908,1.03899,1.03903,49.1399991512299
2025-01-06T19:34:00,1.03902,1.03902,1.03884,1.03897,53.1899997666478
2025-01-06T19:35:00,1.03897,1.03901,1.03891,1.03898,82.3499992489815
2025-01-06T19:36:00,1.03897,1.03906,1.03893,1.03906,59.9399992227554
2025-01-06T19:37:00,1.03905,1.03906,1.03897,1.03897,70.7599997445941
2025-01-06T19:38:00,1.03896,1.03913,1.03896,1.03906,57.6899996995926
2025-01-06T19:39:00,1.03906,1.03906,1.03877,1.03882,173.089999437332
2025-01-06T19:40:00,1.03881,1.0389,1.03878,1.03879,85.4999990463257
2025-01-06T19:41:00,1.03878,1.03887,1.03872,1.03887,100.079998850822
2025-01-06T19:42:00,1.03886,1.0389,1.03884,1.0389,47.3699992820621
2025-01-06T19:43:00,1.03888,1.03898,1.03888,1.03892,55.7999987602234
2025-01-06T19:44:00,1.03889,1.03893,1.03885,1.03885,63.2699995040894
2025-01-06T19:45:00,1.03885,1.03889,1.03885,1.03889,54.8999990224838
2025-01-06T19:46:00,1.03887,1.03887,1.03883,1.03884,7.19999980926514
2025-01-06T19:47:00,1.03886,1.03893,1.03877,1.03877,39.1499989628792
2025-01-06T19:48:00,1.03879,1.03883,1.03874,1.03879,74.2499995231628
2025-01-06T19:49:00,1.03881,1.03898,1.0388,1.03888,46.7999994158745
2025-01-06T19:50:00,1.03887,1.03888,1.03883,1.03883,7.19999980926514
2025-01-06T19:51:00,1.03882,1.03882,1.03874,1.03878,33.7499992847443
2025-01-06T19:52:00,1.03877,1.03877,1.03871,1.03877,62.9099987745285
2025-01-06T19:53:00,1.03879,1.03891,1.03879,1.03883,59.3999990224838
2025-01-06T19:54:00,1.03886,1.03889,1.03881,1.03881,40.4999992847443
2025-01-06T19:55:00,1.0388,1.03889,1.03878,1.03883,68.4899990558624
2025-01-06T19:56:00,1.03883,1.03883,1.03868,1.03868,70.1999990940094
2025-01-06T19:57:00,1.03868,1.03868,1.03858,1.03863,86.6599994897842
2025-01-06T19:58:00,1.03862,1.03867,1.03862,1.03863,55.6199991703033
2025-01-06T19:59:00,1.03864,1.03884,1.03864,1.03882,132.479997634888
2025-01-06T20:00:00,1.03883,1.0389,1.03868,1.0389,116.72999894619
2025-01-06T20:01:00,1.03892,1.03909,1.03892,1.03908,77.0399981737137
2025-01-06T20:02:00,1.03906,1.03908,1.03898,1.03908,63.29999922961
2025-01-06T20:03:00,1.03907,1.03908,1.03902,1.03907,55.9299988746643
2025-01-06T20:04:00,1.03911,1.03916,1.03908,1.03912,52.4699995517731
2025-01-06T20:05:00,1.03913,1.03917,1.03908,1.03914,48.1699993610382
2025-01-06T20:06:00,1.03913,1.03917,1.03903,1.03903,44.7899997085333
2025-01-06T20:07:00,1.03901,1.03912,1.039,1.03912,48.5999993085861
2025-01-06T20:08:00,1.03912,1.03912,1.03908,1.03911,49.5899999141693
2025-01-06T20:09:00,1.03912,1.03915,1.03912,1.03914,25.199999332428
2025-01-06T20:10:00,1.03913,1.03917,1.03912,1.03913,23.4899997711182
2025-01-06T20:11:00,1.03915,1.03918,1.03913,1.03918,25.7399998903275
2025-01-06T20:12:00,1.03916,1.03916,1.03907,1.03909,22.5899994373322
2025-01-06T20:13:00,1.03907,1.03915,1.03906,1.03913,77.1300002336502
2025-01-06T20:14:00,1.03914,1.03917,1.03912,1.03916,28.7099995613098
2025-01-06T20:15:00,1.03917,1.03919,1.03896,1.03898,65.6499996781349
2025-01-06T20:16:00,1.03899,1.03902,1.03893,1.03902,79.740000128746
2025-01-06T20:17:00,1.03901,1.03901,1.03894,1.03897,46.3499993681908
2025-01-06T20:18:00,1.03897,1.03897,1.03892,1.03893,59.5799994468689
2025-01-06T20:19:00,1.03892,1.039,1.0389,1.0389,45.7199995517731
2025-01-06T20:20:00,1.03889,1.03892,1.03885,1.03888,42.4799996614456
2025-01-06T20:21:00,1.03889,1.03898,1.03889,1.03898,45.6299995183945
2025-01-06T20:22:00,1.039,1.03904,1.03898,1.03903,41.1299998536706
2025-01-06T20:23:00,1.03902,1.03912,1.039,1.039,86.6799999326468
2025-01-06T20:24:00,1.03901,1.03902,1.03896,1.039,62.5499995946884
2025-01-06T20:25:00,1.03901,1.03909,1.039,1.03903,48.2099994271994
2025-01-06T20:26:00,1.03903,1.03904,1.039,1.03902,25.6799996420741
2025-01-06T20:27:00,1.03903,1.03903,1.03886,1.03891,77.0499999374151
2025-01-06T20:28:00,1.0389,1.03892,1.03887,1.03892,18.4499998092651
2025-01-06T20:29:00,1.03892,1.03892,1.0389,1.03892,9.54000008106232
2025-01-06T20:30:00,1.03892,1.03892,1.03888,1.03891,42.320000231266
2025-01-06T20:31:00,1.0389,1.0389,1.0388,1.03882,58.8299995660782
2025-01-06T20:32:00,1.03881,1.03882,1.03869,1.0387,65.9899994730949
2025-01-06T20:33:00,1.03869,1.03872,1.03866,1.03867,56.0099998414516
2025-01-06T20:34:00,1.03867,1.03871,1.03867,1.03868,50.2199997901917
2025-01-06T20:35:00,1.03867,1.03877,1.03867,1.03877,61.5299994796515
2025-01-06T20:36:00,1.03878,1.03882,1.03876,1.03882,42.0600001737475
2025-01-06T20:37:00,1.03882,1.03882,1.03867,1.03868,89.9699989557266
2025-01-06T20:38:00,1.03869,1.03872,1.03869,1.0387,60.2999999523163
2025-01-06T20:39:00,1.0387,1.03872,1.03862,1.03864,81.4499990940094
2025-01-06T20:40:00,1.03863,1.03875,1.03861,1.03867,80.399998895824
2025-01-06T20:41:00,1.03866,1.03871,1.03864,1.03871,82.7999993562698
2025-01-06T20:42:00,1.03871,1.03871,1.03866,1.03868,47.7000000476837
2025-01-06T20:43:00,1.03871,1.03877,1.03871,1.03873,29.2499995231628
2025-01-06T20:44:00,1.03873,1.03881,1.03872,1.03879,82.8000007271767
2025-01-06T20:45:00,1.0388,1.03881,1.03871,1.03871,112.559999763966
2025-01-06T20:46:00,1.03871,1.03877,1.03867,1.03874,102.709999442101
2025-01-06T20:47:00,1.03874,1.03877,1.03862,1.03866,120.260000288486
2025-01-06T20:48:00,1.03865,1.03869,1.03859,1.03869,151.649999797344
2025-01-06T20:49:00,1.03869,1.03879,1.03867,1.03875,134.100000083447
2025-01-06T20:50:00,1.03874,1.03881,1.0387,1.03876,196.640001088381
2025-01-06T20:51:00,1.03877,1.03877,1.03866,1.03867,58.1299999654293
2025-01-06T20:52:00,1.03866,1.03867,1.03861,1.03865,59.0800001621246
2025-01-06T20:53:00,1.03867,1.03867,1.03859,1.03861,60.2900004386902
2025-01-06T20:54:00,1.03861,1.03872,1.03861,1.03872,24.8099997639656
2025-01-06T20:55:00,1.03876,1.03877,1.03868,1.03869,86.4199994206429
2025-01-06T20:56:00,1.03868,1.03877,1.03866,1.03867,101
2025-01-06T20:57:00,1.03868,1.03871,1.03861,1.03862,92.9899987578392
2025-01-06T20:58:00,1.03861,1.03878,1.03861,1.03877,104.399999275804
2025-01-06T20:59:00,1.03878,1.03882,1.03877,1.03877,133.980000019073
2025-01-06T21:00:00,1.03879,1.03881,1.03876,1.0388,86.3099985718727
2025-01-06T21:01:00,1.03881,1.03886,1.03872,1.03872,113.909999579191
2025-01-06T21:02:00,1.03874,1.03878,1.03872,1.03877,25.9199998676777
2025-01-06T21:03:00,1.03875,1.03875,1.03863,1.03865,13.0500001013279
2025-01-06T21:04:00,1.03864,1.03868,1.03862,1.03863,13.9499999210238
2025-01-06T21:05:00,1.03864,1.03872,1.03864,1.03865,17.8500000908971
2025-01-06T21:06:00,1.03866,1.03866,1.03864,1.03865,1.61999999731779
2025-01-06T21:07:00,1.03864,1.03866,1.03861,1.03866,2.66999993473291
2025-01-06T21:08:00,1.03866,1.03867,1.03862,1.03866,20.5800002068281
2025-01-06T21:09:00,1.03866,1.03869,1.0386,1.03861,67.2299997210503
2025-01-06T21:10:00,1.03861,1.03871,1.03861,1.03871,13.9499997496605
2025-01-06T21:11:00,1.03871,1.03871,1.03865,1.03867,15.7499999403954
2025-01-06T21:12:00,1.03868,1.03869,1.03865,1.03865,22.0500000715256
2025-01-06T21:13:00,1.03865,1.03872,1.03864,1.03872,17.0999997854233
2025-01-06T21:14:00,1.03872,1.03879,1.03868,1.03878,64.009999871254
2025-01-06T21:15:00,1.03878,1.03881,1.03877,1.03878,105.900000333786
2025-01-06T21:16:00,1.03878,1.0388,1.03874,1.0388,64.3499993681908
2025-01-06T21:17:00,1.0388,1.0389,1.0388,1.0389,16.9199997186661
2025-01-06T21:18:00,1.03891,1.03891,1.03888,1.03888,10.8900001049042
2025-01-06T21:19:00,1.03886,1.03918,1.03886,1.03918,28.3800000175834
2025-01-06T21:20:00,1.0392,1.03921,1.03908,1.03911,70.409999422729
2025-01-06T21:21:00,1.0391,1.0391,1.03904,1.03906,23.0400000810623
2025-01-06T21:22:00,1.03907,1.03907,1.03906,1.03907,19.1999999210238
2025-01-06T21:23:00,1.03905,1.03905,1.03903,1.03903,6.43999993056059
2025-01-06T21:24:00,1.03902,1.03913,1.03902,1.03904,30.7799993157387
2025-01-06T21:25:00,1.03904,1.03909,1.03904,1.03908,15.5699996948242
2025-01-06T21:26:00,1.03908,1.03912,1.03907,1.03912,10.5299998521805
2025-01-06T21:27:00,1.03911,1.03912,1.03906,1.03906,28.2599997296929
2025-01-06T21:28:00,1.03906,1.03907,1.03906,1.03907,5.39999985694885
2025-01-06T21:29:00,1.03908,1.03914,1.03906,1.0391,93.6199998259544
2025-01-06T21:30:00,1.03911,1.03916,1.03904,1.03904,61.3099997639656
2025-01-06T21:31:00,1.03904,1.03906,1.03897,1.03897,26.279999807477
2025-01-06T21:32:00,1.03898,1.03903,1.03898,1.03902,3.57000007480383
2025-01-06T21:33:00,1.03903,1.03906,1.03902,1.03902,11.1000000536442
2025-01-06T21:34:00,1.03901,1.03901,1.03897,1.03898,18.6300002485514
2025-01-06T21:35:00,1.03897,1.03897,1.03896,1.03896,5.7600000500679
2025-01-06T21:36:00,1.03897,1.039,1.03895,1.039,11.8799999281764
2025-01-06T21:37:00,1.03899,1.03899,1.03896,1.03896,1.07999997586012
2025-01-06T21:38:00,1.03896,1.03898,1.03887,1.03887,38.5500005781651
2025-01-06T21:39:00,1.03887,1.03892,1.03887,1.03892,4.74000005424023
2025-01-06T21:40:00,1.03891,1.03894,1.0389,1.03892,37.3100000321865
2025-01-06T21:41:00,1.03892,1.03892,1.0389,1.03891,48.9299990385771
2025-01-06T21:42:00,1.0389,1.03904,1.03889,1.03898,74.4900006651878
2025-01-06T21:43:00,1.03899,1.03901,1.03895,1.03895,52.3500003218651
2025-01-06T21:44:00,1.03896,1.03896,1.03891,1.03896,93.2399998903275
2025-01-06T21:45:00,1.03895,1.039,1.03895,1.03898,50.9399992227554
2025-01-06T21:46:00,1.03897,1.03898,1.03891,1.03897,78.2099996805191
2025-01-06T21:47:00,1.03899,1.03899,1.03894,1.03897,73.7999995946884
2025-01-06T21:48:00,1.03897,1.03902,1.03897,1.03901,9.89999985694885
2025-01-06T21:49:00,1.03901,1.03901,1.03897,1.039,22.4999995231628
2025-01-06T21:50:00,1.039,1.039,1.03896,1.03898,37.3499999642372
2025-01-06T21:51:00,1.03898,1.03899,1.03897,1.03899,41.2499995157123
2025-01-06T21:52:00,1.03899,1.03901,1.03898,1.039,17.0399998351932
2025-01-06T21:53:00,1.03901,1.03902,1.03899,1.03899,10.3499997854233
2025-01-06T21:54:00,1.03899,1.03899,1.03897,1.03898,10.3499997854233
2025-01-06T21:55:00,1.03897,1.03898,1.03897,1.03898,9.44999986886978
2025-01-06T21:56:00,1.03898,1.03898,1.03885,1.03886,83.7899992465973
2025-01-06T21:57:00,1.03887,1.0389,1.03885,1.03885,21.9600000828505
2025-01-06T21:58:00,1.03885,1.03897,1.03885,1.03893,102.000000111759
2025-01-06T21:59:00,1.03893,1.03899,1.03893,1.03895,34.6499996185303
2025-01-06T22:00:00,1.03893,1.03897,1.03884,1.03884,4.6499999165535
2025-01-06T22:01:00,1.03884,1.03884,1.03884,1.03884,4.5
2025-01-06T22:02:00,1.03884,1.03884,1.03884,1.03884,2.25
2025-01-06T22:03:00,1.03884,1.03884,1.03884,1.03884,0.75
2025-01-06T22:04:00,1.03884,1.03884,1.03884,1.03884,0.75
2025-01-06T22:05:00,1.03884,1.03884,1.0385,1.03881,9.72000002861023
2025-01-06T22:06:00,1.03881,1.03885,1.03881,1.03885,6.60000014305115
2025-01-06T22:07:00,1.03885,1.03895,1.03885,1.03895,8.79000020027161
2025-01-06T22:08:00,1.03895,1.03895,1.03885,1.03885,5.94000005722046
2025-01-06T22:09:00,1.03885,1.03895,1.03885,1.03895,1.94999998807907
2025-01-06T22:10:00,1.03895,1.03895,1.03885,1.03895,11.6999998092651
2025-01-06T22:11:00,1.03895,1.03895,1.03895,1.03895,4.49999988079071
2025-01-06T22:12:00,1.03895,1.03895,1.03895,1.03895,4.94999986886978
2025-01-06T22:13:00,1.03895,1.03906,1.03895,1.03905,14.8499999046326
2025-01-06T22:14:00,1.03905,1.03905,1.03885,1.03885,13.1099998354912
2025-01-06T22:15:00,1.03885,1.039,1.03885,1.039,9.85999995470047
2025-01-06T22:16:00,1.039,1.039,1.03898,1.039,7.32000017166138
2025-01-06T22:17:00,1.039,1.039,1.039,1.039,4.88000011444092
2025-01-06T22:18:00,1.039,1.039,1.039,1.039,18.9100004434586
2025-01-06T22:19:00,1.039,1.039,1.039,1.039,3.05000007152557
2025-01-06T22:20:00,1.039,1.039,1.039,1.039,9.76000022888184
2025-01-06T22:21:00,1.039,1.039,1.03895,1.039,11.5600001811981
2025-01-06T22:22:00,1.039,1.039,1.0389,1.03895,25.2899997830391
2025-01-06T22:23:00,1.03895,1.03895,1.03895,1.03895,1.79999995231628
2025-01-06T22:24:00,1.03889,1.0389,1.03889,1.03889,13.5
2025-01-06T22:25:00,1.03888,1.03888,1.03887,1.03887,9
2025-01-06T22:26:00,1.03889,1.03893,1.03889,1.03893,18
2025-01-06T22:27:00,1.03892,1.03894,1.03892,1.03894,9
2025-01-06T22:28:00,1.03885,1.039,1.03885,1.039,1.64999997615814
2025-01-06T22:29:00,1.03903,1.03903,1.03901,1.03901,12.5999999046326
2025-01-06T22:30:00,1.03901,1.03902,1.03901,1.03901,31.4999996423721
2025-01-06T22:31:00,1.03901,1.03901,1.039,1.039,1.79999995231628
2025-01-06T22:32:00,1.039,1.03903,1.039,1.03903,17.9999995231628
2025-01-06T22:33:00,1.03903,1.03905,1.03902,1.03905,17.0999995470047
2025-01-06T22:34:00,1.03905,1.03908,1.03905,1.03908,4.49999988079071
2025-01-06T22:35:00,1.03907,1.03909,1.03901,1.03905,44.0999991893768
2025-01-06T22:36:00,1.03905,1.03906,1.03905,1.03906,1.79999995231628
2025-01-06T22:37:00,1.03906,1.03906,1.03885,1.03895,75.8999988436699
2025-01-06T22:38:00,1.03895,1.03905,1.03895,1.03903,37.799998998642
2025-01-06T22:39:00,1.03902,1.03904,1.03902,1.03904,2.69999992847443
2025-01-06T22:40:00,1.03904,1.03904,1.03904,1.03904,1.79999995231628
2025-01-06T22:41:00,1.03904,1.03904,1.03904,1.03904,0.899999976158142
2025-01-06T22:42:00,1.03904,1.03904,1.03902,1.03903,4.49999988079071
2025-01-06T22:43:00,1.03902,1.03903,1.03902,1.03903,4.49999988079071
2025-01-06T22:44:00,1.03903,1.03903,1.03903,1.03903,1.79999995231628
2025-01-06T22:46:00,1.03904,1.03904,1.03904,1.03904,0.899999976158142
2025-01-06T22:47:00,1.03904,1.03904,1.03903,1.03904,2.69999992847443
2025-01-06T22:48:00,1.039,1.039,1.03886,1.03895,29.699999332428
2025-01-06T22:49:00,1.03895,1.03895,1.03887,1.03889,34.0199991464615
2025-01-06T22:50:00,1.0389,1.03893,1.03885,1.03886,108.199999332428
2025-01-06T22:51:00,1.03889,1.03897,1.03885,1.03885,88.5899992585182
2025-01-06T22:52:00,1.03885,1.03885,1.03885,1.03885,32.7499998807907
2025-01-06T22:53:00,1.03885,1.03885,1.03885,1.03885,102.999999284744
2025-01-06T22:54:00,1.03885,1.03887,1.03885,1.03885,96.450001001358
2025-01-06T22:55:00,1.03885,1.03885,1.0388,1.03885,40.850000500679
2025-01-06T22:56:00,1.03885,1.03887,1.03885,1.03885,17.1000003814697
2025-01-06T22:57:00,1.03885,1.03887,1.03885,1.03887,73.9800008535385
2025-01-06T22:58:00,1.03887,1.0389,1.03887,1.0389,5.58000004291534
2025-01-06T22:59:00,1.03888,1.0389,1.03888,1.0389,18.3600000143051
2025-01-06T23:00:00,1.0389,1.03901,1.0388,1.0388,77.5100012719631
2025-01-06T23:01:00,1.0388,1.0388,1.03871,1.03872,27.4799996614456
2025-01-06T23:02:00,1.0387,1.0387,1.0386,1.03862,24.5999999567866
2025-01-06T23:03:00,1.0386,1.03863,1.0386,1.03862,5.75999999046326
2025-01-06T23:04:00,1.0386,1.03865,1.0386,1.03865,13.2300000190735
2025-01-06T23:05:00,1.03865,1.03873,1.03863,1.0387,325.980001449585
2025-01-06T23:06:00,1.03871,1.03872,1.03863,1.03865,189.900000572205
2025-01-06T23:07:00,1.03866,1.03869,1.03865,1.03866,74.7000014781952
2025-01-06T23:08:00,1.03867,1.03875,1.03862,1.03866,159.750000357628
2025-01-06T23:09:00,1.03865,1.03872,1.03865,1.03867,84.2399991750717
2025-01-06T23:10:00,1.03868,1.03875,1.03868,1.03871,28.9799998775125
2025-01-06T23:11:00,1.03872,1.03874,1.03872,1.03874,4.07999989390373
2025-01-06T23:12:00,1.03874,1.03874,1.03865,1.03866,36.1799992322922
2025-01-06T23:13:00,1.03864,1.03864,1.03856,1.03858,48.7800003886223
2025-01-06T23:14:00,1.03858,1.03858,1.03856,1.03856,10.8000000715256
2025-01-06T23:15:00,1.03856,1.03856,1.03849,1.03849,15.5699996948242
2025-01-06T23:16:00,1.03849,1.03849,1.03832,1.03832,41.9100000336766
2025-01-06T23:17:00,1.03832,1.03833,1.03827,1.03827,56.7400006130338
2025-01-06T23:18:00,1.03827,1.03829,1.03824,1.03829,83.4199997037649
2025-01-06T23:19:00,1.03828,1.03831,1.03827,1.03831,26.3500000163913
2025-01-06T23:20:00,1.0383,1.03832,1.03829,1.03832,15.5699995756149
2025-01-06T23:21:00,1.03833,1.03836,1.03832,1.03836,26.139999628067
2025-01-06T23:22:00,1.03836,1.03837,1.03835,1.03835,6.29999983310699
2025-01-06T23:23:00,1.03836,1.03838,1.03836,1.03836,12.179999820888
2025-01-06T23:24:00,1.03836,1.03836,1.03831,1.03831,18.52999971807
2025-01-06T23:25:00,1.03832,1.03833,1.03831,1.03833,4.01999996602535
2025-01-06T23:26:00,1.03832,1.03833,1.03831,1.03833,9.05999992787838
2025-01-06T23:27:00,1.03833,1.03833,1.03832,1.03832,1.91999994963408
2025-01-06T23:28:00,1.03833,1.03833,1.03831,1.03831,5.48999989032745
2025-01-06T23:29:00,1.03831,1.03831,1.03829,1.0383,8.69999991357327
2025-01-06T23:30:00,1.0383,1.0383,1.03825,1.03825,42.8899999186397
2025-01-06T23:31:00,1.03824,1.03826,1.03824,1.03826,14.5799999237061
2025-01-06T23:32:00,1.03827,1.0383,1.03827,1.0383,4.49999988079071
2025-01-06T23:33:00,1.03829,1.0383,1.03826,1.0383,12.1499999165535
2025-01-06T23:34:00,1.03831,1.03835,1.03831,1.03835,7.28999984264374
2025-01-06T23:35:00,1.03835,1.03847,1.03835,1.03847,7.13999995589256
2025-01-06T23:36:00,1.03847,1.03847,1.03842,1.03843,20.4599996730685
2025-01-06T23:37:00,1.03843,1.03844,1.03841,1.03844,7.79999993741512
2025-01-06T23:38:00,1.03843,1.03846,1.03841,1.03846,13.9500000476837
2025-01-06T23:39:00,1.03847,1.03858,1.03847,1.03855,20.7899994850159
2025-01-06T23:40:00,1.03855,1.03855,1.0385,1.0385,11.33999979496
2025-01-06T23:41:00,1.0385,1.0385,1.03846,1.0385,12.4199998378754
2025-01-06T23:42:00,1.03851,1.03856,1.03851,1.03854,12.2399998903275
2025-01-06T23:43:00,1.03854,1.03856,1.03851,1.03856,14.129999756813
2025-01-06T23:44:00,1.03856,1.03856,1.03849,1.03852,25.2899994850159
2025-01-06T23:45:00,1.03851,1.03852,1.0385,1.03852,8.18999981880188
2025-01-06T23:46:00,1.03852,1.03852,1.03816,1.0382,47.2299993857741
2025-01-06T23:47:00,1.03825,1.03832,1.03825,1.03831,19.6799999326468
2025-01-06T23:48:00,1.03831,1.03831,1.03829,1.03831,8.09999978542328
2025-01-06T23:49:00,1.03831,1.03831,1.0383,1.03831,6.29999983310699
2025-01-06T23:50:00,1.03831,1.03835,1.03831,1.03835,12.0599999427795
2025-01-06T23:51:00,1.03834,1.03834,1.03821,1.03825,14.1299998760223
2025-01-06T23:52:00,1.03824,1.03832,1.03824,1.03832,13.0800000354648
2025-01-06T23:53:00,1.03835,1.03835,1.03835,1.03835,2.10000001639128
2025-01-06T23:54:00,1.03834,1.03841,1.03832,1.0384,26.5199995860457
2025-01-06T23:55:00,1.03841,1.03841,1.03836,1.03839,13.4699998944998
2025-01-06T23:56:00,1.03839,1.03839,1.03835,1.03835,14.0399998426437
2025-01-06T23:57:00,1.03835,1.03835,1.03835,1.03835,1.79999995231628
2025-01-06T23:58:00,1.03834,1.03834,1.03826,1.0383,17.3399995416403
2025-01-06T23:59:00,1.0383,1.03832,1.0383,1.03831,5.48999997228384
2025-01-07T00:00:00,1.03831,1.03835,1.03824,1.03824,78.9599991962314
2025-01-07T00:01:00,1.0382,1.0382,1.03807,1.0381,114.979998379946
2025-01-07T00:02:00,1.03809,1.03817,1.03805,1.03816,31.379999615252
2025-01-07T00:03:00,1.03816,1.03816,1.03812,1.03816,12.7799997329712
2025-01-07T00:04:00,1.03816,1.03822,1.03815,1.03815,38.9099993631244
2025-01-07T00:05:00,1.03814,1.03817,1.03808,1.03817,30.8999993726611
2025-01-07T00:06:00,1.03816,1.03822,1.03816,1.0382,23.0999998673797
2025-01-07T00:07:00,1.0382,1.0382,1.03813,1.03816,13.4699998944998
2025-01-07T00:08:00,1.03815,1.03816,1.03812,1.03815,12.6599999517202
2025-01-07T00:09:00,1.03816,1.03822,1.03816,1.03822,22.3499994203448
2025-01-07T00:10:00,1.03821,1.03825,1.03818,1.03822,29.8799992799759
2025-01-07T00:11:00,1.03822,1.03831,1.03822,1.03827,22.6199996173382
2025-01-07T00:12:00,1.03825,1.03825,1.03817,1.03818,41.4199998155236
2025-01-07T00:13:00,1.03819,1.0382,1.03811,1.03811,15.1199997216463
2025-01-07T00:14:00,1.03812,1.03817,1.03812,1.03813,14.0999999195337
2025-01-07T00:15:00,1.03813,1.03822,1.03812,1.03814,34.7999997958541
2025-01-07T00:16:00,1.03815,1.03815,1.03807,1.03807,13.0499997138977
2025-01-07T00:17:00,1.03806,1.03806,1.03789,1.03794,54.2699993625283
2025-01-07T00:18:00,1.03792,1.03799,1.0379,1.03795,22.3499999642372
2025-01-07T00:19:00,1.03797,1.03805,1.03797,1.03805,31.6799996644258
2025-01-07T00:20:00,1.03804,1.03807,1.03802,1.03802,18.9899995326996
2025-01-07T00:21:00,1.03802,1.03802,1.03792,1.03801,40.7999993264675
2025-01-07T00:22:00,1.038,1.03802,1.03796,1.038,28.2899995967746
2025-01-07T00:23:00,1.038,1.03803,1.03796,1.038,31.9499992132187
2025-01-07T00:24:00,1.03798,1.03806,1.03797,1.03802,65.1599988937378
2025-01-07T00:25:00,1.03802,1.03802,1.03799,1.038,13.5899996757507
2025-01-07T00:26:00,1.03801,1.03805,1.03801,1.03801,16.8299999237061
2025-01-07T00:27:00,1.03802,1.03802,1.03796,1.03796,32.3999993801117
2025-01-07T00:28:00,1.03796,1.03797,1.03779,1.0378,64.7199994176626
2025-01-07T00:29:00,1.03781,1.03783,1.03771,1.03772,44.4599995240569
2025-01-07T00:30:00,1.03774,1.0378,1.03772,1.03779,39.5399995967746
2025-01-07T00:31:00,1.03779,1.03781,1.03773,1.03781,22.7999998033047
2025-01-07T00:32:00,1.03781,1.03786,1.03781,1.03785,23.9399998933077
2025-01-07T00:33:00,1.03786,1.03792,1.03782,1.03792,23.4000000879169
2025-01-07T00:34:00,1.03793,1.03799,1.03787,1.03794,44.409999653697
2025-01-07T00:35:00,1.03792,1.03792,1.03787,1.03791,19.3799997270107
2025-01-07T00:36:00,1.0379,1.03793,1.0379,1.03792,19.2899997159839
2025-01-07T00:37:00,1.03791,1.03791,1.03782,1.03782,14.4899998903275
2025-01-07T00:38:00,1.03782,1.03788,1.03782,1.03787,41.3999995961785
2025-01-07T00:39:00,1.03789,1.03793,1.03788,1.0379,20.3099995702505
2025-01-07T00:40:00,1.03789,1.03797,1.03787,1.03797,32.9099999293685
2025-01-07T00:41:00,1.03796,1.03797,1.03795,1.03796,15.4800000935793
2025-01-07T00:42:00,1.03797,1.03802,1.03795,1.03802,39.4499995410442
2025-01-07T00:43:00,1.03802,1.03811,1.03802,1.03807,26.9999995008111
2025-01-07T00:44:00,1.03807,1.03812,1.03806,1.03812,32.0399996042252
2025-01-07T00:45:00,1.03812,1.03817,1.03809,1.0381,21.2099997624755
2025-01-07T00:46:00,1.03809,1.03817,1.03809,1.03816,45.1999999433756
2025-01-07T00:47:00,1.03815,1.03819,1.03813,1.03818,15.7499997615814
2025-01-07T00:48:00,1.03819,1.03821,1.03817,1.03818,21.1499997377396
2025-01-07T00:49:00,1.03819,1.03837,1.03817,1.03837,42.6299998611212
2025-01-07T00:50:00,1.03837,1.03853,1.03837,1.03846,65.0599994584918
2025-01-07T00:51:00,1.03845,1.03848,1.03836,1.03846,51.3899989128113
2025-01-07T00:52:00,1.0384,1.0384,1.03826,1.03828,87.5099992677569
2025-01-07T00:53:00,1.03827,1.03829,1.03822,1.03828,42.5399997085333
2025-01-07T00:54:00,1.03831,1.03836,1.03819,1.0383,133.079998791218
2025-01-07T00:55:00,1.03827,1.0383,1.03807,1.03807,123.239998012781
2025-01-07T00:56:00,1.03807,1.03807,1.03803,1.03805,66.0599987506866
2025-01-07T00:57:00,1.03804,1.03819,1.03803,1.03819,46.7299993336201
2025-01-07T00:58:00,1.03819,1.03837,1.03819,1.03837,49.4999998062849
2025-01-07T00:59:00,1.03838,1.03844,1.03837,1.03842,42.0300000607967
2025-01-07T01:00:00,1.03841,1.03844,1.03831,1.03843,106.319999806583
2025-01-07T01:01:00,1.03841,1.03846,1.03833,1.03833,76.9499994516373
2025-01-07T01:02:00,1.03834,1.03837,1.03825,1.03832,57.4199991226196
2025-01-07T01:03:00,1.03831,1.03831,1.03815,1.03817,31.9499992132187
2025-01-07T01:04:00,1.03816,1.03817,1.038,1.03806,60.9599989578128
2025-01-07T01:05:00,1.03807,1.03808,1.03793,1.038,85.7699984312057
2025-01-07T01:06:00,1.038,1.038,1.03786,1.03786,86.3999987840652
2025-01-07T01:07:00,1.03787,1.03798,1.03787,1.03791,62.7599986717105
2025-01-07T01:08:00,1.03791,1.03792,1.03785,1.03786,50.399998664856
2025-01-07T01:09:00,1.03787,1.03797,1.03787,1.03793,50.1299992576241
2025-01-07T01:10:00,1.03793,1.03796,1.03786,1.03788,63.5699991881847
2025-01-07T01:11:00,1.03788,1.03788,1.03778,1.03788,43.009998999536
2025-01-07T01:12:00,1.03788,1.03788,1.03775,1.03777,38.2499993443489
2025-01-07T01:13:00,1.03778,1.03792,1.03778,1.03788,57.5699993222952
2025-01-07T01:14:00,1.03787,1.03798,1.03787,1.03793,48.409999333322
2025-01-07T01:15:00,1.03793,1.03798,1.03783,1.03798,60.7999993562698
2025-01-07T01:16:00,1.03798,1.03807,1.03795,1.03807,35.8799994885921
2025-01-07T01:17:00,1.03806,1.03806,1.03793,1.03798,49.3199998140335
2025-01-07T01:18:00,1.03797,1.03805,1.03792,1.03805,55.9199990928173
2025-01-07T01:19:00,1.03805,1.0381,1.03801,1.0381,34.7399993911386
2025-01-07T01:20:00,1.03809,1.03822,1.03808,1.03817,61.6199987977743
2025-01-07T01:21:00,1.03817,1.03827,1.03817,1.03822,49.679998755455
2025-01-07T01:22:00,1.0382,1.03823,1.03814,1.03819,44.6399991512299
2025-01-07T01:23:00,1.03818,1.03818,1.03817,1.03818,9.89999985694885
2025-01-07T01:24:00,1.03817,1.03826,1.03817,1.03823,25.2599998563528
2025-01-07T01:25:00,1.03821,1.03821,1.03813,1.03813,27.7199995517731
2025-01-07T01:26:00,1.03808,1.0381,1.03805,1.03806,43.4999999254942
2025-01-07T01:27:00,1.03807,1.03807,1.03802,1.03802,21.2399995326996
2025-01-07T01:28:00,1.03803,1.0381,1.03803,1.03805,72.289999127388
2025-01-07T01:29:00,1.03805,1.03805,1.03797,1.03798,54.2199996709824
2025-01-07T01:30:00,1.03798,1.03799,1.03782,1.03793,78.2099990174174
2025-01-07T01:31:00,1.03793,1.03798,1.03788,1.03798,34.7399998009205
2025-01-07T01:32:00,1.03798,1.03798,1.03779,1.03783,71.489999525249
2025-01-07T01:33:00,1.03782,1.03798,1.03782,1.03793,41.6899995803833
2025-01-07T01:34:00,1.03797,1.03801,1.03793,1.03796,51.7499992251396
2025-01-07T01:35:00,1.03796,1.03797,1.0378,1.03781,60.5699992179871
2025-01-07T01:36:00,1.03779,1.03781,1.03773,1.03777,58.229999423027
2025-01-07T01:37:00,1.03776,1.03776,1.03767,1.03772,60.5699994564056
2025-01-07T01:38:00,1.03773,1.03778,1.03772,1.03778,32.5799995660782
2025-01-07T01:39:00,1.03777,1.03786,1.03775,1.03778,36.419999346137
2025-01-07T01:40:00,1.0378,1.03783,1.03776,1.0378,22.0499995946884
2025-01-07T01:41:00,1.03778,1.03778,1.03769,1.03773,43.0399992465973
2025-01-07T01:42:00,1.03773,1.03773,1.03766,1.03767,44.099998831749
2025-01-07T01:43:00,1.03768,1.0377,1.03761,1.03769,50.7599992156029
2025-01-07T01:44:00,1.0377,1.03777,1.03769,1.0377,21.7799994945526
2025-01-07T01:45:00,1.0377,1.03779,1.03768,1.03777,30.9599995613098
2025-01-07T01:46:00,1.03778,1.03779,1.03766,1.03772,53.2099995613098
2025-01-07T01:47:00,1.03775,1.03776,1.03771,1.03773,40.2599997445941
2025-01-07T01:48:00,1.03774,1.03782,1.03773,1.03782,68.3999992609024
2025-01-07T01:49:00,1.03783,1.03792,1.03778,1.0379,99.6299985647202
2025-01-07T01:50:00,1.03791,1.03803,1.03787,1.03802,32.2199996486306
2025-01-07T01:51:00,1.03803,1.03832,1.03803,1.03822,65.5899990051985
2025-01-07T01:52:00,1.03823,1.03823,1.03812,1.03812,101.359999634326
2025-01-07T01:53:00,1.03814,1.03831,1.03811,1.03831,96.4199981614947
2025-01-07T01:54:00,1.0383,1.03832,1.03829,1.03829,67.9500000476837
2025-01-07T01:55:00,1.03829,1.03831,1.03826,1.03827,149.350000828505
2025-01-07T01:56:00,1.03828,1.03828,1.03802,1.03812,151.729997754097
2025-01-07T01:57:00,1.03811,1.03815,1.03805,1.03814,47.1599997133017
2025-01-07T01:58:00,1.03813,1.03815,1.03808,1.03811,10.3499998301268
2025-01-07T01:59:00,1.03811,1.03816,1.03804,1.03811,34.3499997481704
2025-01-07T02:00:00,1.03811,1.03823,1.03809,1.0381,42.5399993360043
2025-01-07T02:01:00,1.03812,1.03825,1.03812,1.03825,43.1100001856685
2025-01-07T02:02:00,1.03825,1.03829,1.03816,1.03829,87.0600000619888
2025-01-07T02:03:00,1.03829,1.03841,1.03828,1.0384,89.8799986690283
2025-01-07T02:04:00,1.03839,1.0384,1.03831,1.03834,40.9499994516373
2025-01-07T02:05:00,1.03833,1.03842,1.0383,1.03842,26.649999499321
2025-01-07T02:06:00,1.03841,1.0385,1.0384,1.03847,61.6200000047684
2025-01-07T02:07:00,1.03845,1.03852,1.03841,1.03844,92.2899988293648
2025-01-07T02:08:00,1.03843,1.03853,1.03842,1.03848,56.9899994730949
2025-01-07T02:09:00,1.03847,1.03847,1.0384,1.03843,44.83000010252
2025-01-07T02:10:00,1.03842,1.03842,1.03828,1.03828,32.8299997672439
2025-01-07T02:11:00,1.03827,1.0383,1.03824,1.0383,19.889999628067
2025-01-07T02:12:00,1.03828,1.03832,1.03823,1.03828,23.6999996826053
2025-01-07T02:13:00,1.03827,1.03832,1.03827,1.03832,9.11999975889921
2025-01-07T02:14:00,1.03831,1.03833,1.03828,1.03829,21.240000128746
2025-01-07T02:15:00,1.03828,1.03837,1.03828,1.03834,26.7599996998906
2025-01-07T02:16:00,1.03833,1.03833,1.03829,1.03833,9.99000000953674
2025-01-07T02:17:00,1.03834,1.03837,1.0383,1.03837,22.049999691546
2025-01-07T02:18:00,1.03836,1.03838,1.03835,1.03837,33.9299992322922
2025-01-07T02:19:00,1.03839,1.03842,1.03833,1.03833,72.6599992215633
2025-01-07T02:20:00,1.03833,1.03837,1.03832,1.03837,14.3999998569489
2025-01-07T02:21:00,1.03834,1.03834,1.03827,1.0383,21.6899996995926
2025-01-07T02:22:00,1.0383,1.03831,1.03825,1.03831,61.0199992656708
2025-01-07T02:23:00,1.03832,1.03833,1.03821,1.0383,44.1599994748831
2025-01-07T02:24:00,1.0383,1.03831,1.03826,1.03826,53.8699992820621
2025-01-07T02:25:00,1.03826,1.03832,1.03824,1.03832,45.9899995326996
2025-01-07T02:26:00,1.03831,1.03839,1.03827,1.03839,28.7999994754791
2025-01-07T02:27:00,1.03839,1.03842,1.03838,1.03841,21.599999666214
2025-01-07T02:28:00,1.03842,1.03846,1.03842,1.03845,51.3199992179871
2025-01-07T02:29:00,1.03844,1.03844,1.03838,1.03842,47.2499992847443
2025-01-07T02:30:00,1.03842,1.03842,1.03837,1.03839,26.0999995470047
2025-01-07T02:31:00,1.0384,1.0384,1.03833,1.03837,47.7199991941452
2025-01-07T02:32:00,1.03837,1.03837,1.03824,1.03825,63.899999499321
2025-01-07T02:33:00,1.03826,1.03826,1.03822,1.03823,59.3999989032745
2025-01-07T02:34:00,1.03822,1.03823,1.03819,1.03823,48.5999994277954
2025-01-07T02:35:00,1.03823,1.03833,1.03823,1.03832,31.5899991989136
2025-01-07T02:36:00,1.03833,1.03836,1.0383,1.03833,33.2999992370605
2025-01-07T02:37:00,1.03832,1.03834,1.03819,1.03827,75.149999499321
2025-01-07T02:38:00,1.03828,1.03832,1.03828,1.03832,25.1999994516373
2025-01-07T02:39:00,1.03831,1.03834,1.03826,1.03834,58.5899993181229
2025-01-07T02:40:00,1.03833,1.03833,1.03821,1.03822,78.3200001120567
2025-01-07T02:41:00,1.03821,1.0383,1.03821,1.0383,42.2999992370605
2025-01-07T02:42:00,1.0383,1.0383,1.03825,1.03827,27.4699995517731
2025-01-07T02:43:00,1.03825,1.0383,1.03816,1.03827,78.7499996423721
2025-01-07T02:44:00,1.03826,1.03827,1.03819,1.03826,45.9899998903275
2025-01-07T02:45:00,1.03826,1.03828,1.03822,1.03822,32.8500000238419
2025-01-07T02:46:00,1.03824,1.03834,1.03824,1.03827,66.5999991893768
2025-01-07T02:47:00,1.03827,1.03829,1.03824,1.03827,26.9999995231628
2025-01-07T02:48:00,1.03825,1.03825,1.03817,1.0382,29.2499995231628
2025-01-07T02:49:00,1.0382,1.0382,1.03807,1.03812,51.7499992847443
2025-01-07T02:50:00,1.0381,1.03816,1.03806,1.03815,37.8000000715256
2025-01-07T02:51:00,1.03814,1.03815,1.0381,1.03813,35.5899995565414
2025-01-07T02:52:00,1.03814,1.03814,1.03801,1.03807,81.6299990415573
2025-01-07T02:53:00,1.03808,1.03813,1.03808,1.03809,29.2499992847443
2025-01-07T02:54:00,1.03809,1.03811,1.03805,1.03809,40.9499994516373
2025-01-07T02:55:00,1.03808,1.0381,1.03799,1.03802,53.9999994039536
2025-01-07T02:56:00,1.03805,1.0382,1.03805,1.03817,46.8299997374415
2025-01-07T02:57:00,1.03818,1.03818,1.03814,1.03817,86.9399998188019
2025-01-07T02:58:00,1.03819,1.03824,1.03818,1.03823,112.649998411536
2025-01-07T02:59:00,1.03822,1.03827,1.03822,1.03822,68.6700001955032
2025-01-07T03:00:00,1.03821,1.03821,1.03801,1.03801,160.199998736382
2025-01-07T03:01:00,1.03802,1.03806,1.038,1.03803,161.570001095533
2025-01-07T03:02:00,1.03804,1.03812,1.03804,1.03811,58.9499990940094
2025-01-07T03:03:00,1.03811,1.03821,1.03811,1.03817,28.7999995946884
2025-01-07T03:04:00,1.03818,1.0382,1.03817,1.03817,25.1999994516373
2025-01-07T03:05:00,1.03817,1.03825,1.03813,1.03819,28.8500000908971
2025-01-07T03:06:00,1.03819,1.03819,1.03812,1.03813,7.97999977320433
2025-01-07T03:07:00,1.03815,1.03823,1.03815,1.03818,14.7599999755621
2025-01-07T03:08:00,1.03817,1.03817,1.0381,1.03812,15.4799999296665
2025-01-07T03:09:00,1.03813,1.03821,1.03813,1.03815,24.6899997889996
2025-01-07T03:10:00,1.03815,1.03816,1.03811,1.03814,13.6400000080466
2025-01-07T03:11:00,1.03815,1.03828,1.03815,1.03828,14.7599999755621
2025-01-07T03:12:00,1.03827,1.03828,1.03823,1.03828,24.3899998217821
2025-01-07T03:13:00,1.03829,1.0383,1.03826,1.03827,23.3999999091029
2025-01-07T03:14:00,1.03828,1.03829,1.03827,1.03828,15.3899995088577
2025-01-07T03:15:00,1.03828,1.03838,1.03828,1.03838,23.9399995803833
2025-01-07T03:16:00,1.0384,1.03841,1.03837,1.03837,38.8799990415573
2025-01-07T03:17:00,1.03836,1.03836,1.03833,1.03833,14.6699997186661
2025-01-07T03:18:00,1.03833,1.03835,1.03832,1.03833,27.1799993515015
2025-01-07T03:19:00,1.03832,1.03841,1.03832,1.03838,59.2499999329448
2025-01-07T03:20:00,1.03838,1.03845,1.03834,1.03843,32.1599993631244
2025-01-07T03:21:00,1.03843,1.03844,1.03838,1.03842,20.2800000607967
2025-01-07T03:22:00,1.03841,1.03844,1.03838,1.03838,34.3799993991852
2025-01-07T03:23:00,1.03837,1.03841,1.03837,1.03841,6.29999983310699
2025-01-07T03:24:00,1.0384,1.03843,1.03838,1.03843,33.2999995946884
2025-01-07T03:25:00,1.03843,1.03844,1.03841,1.03844,8.99999976158142
2025-01-07T03:26:00,1.03845,1.03849,1.03843,1.03849,17.099999666214
2025-01-07T03:27:00,1.03849,1.03849,1.03846,1.03849,21.5999994277954
2025-01-07T03:28:00,1.03851,1.03855,1.03851,1.03853,10.7999997138977
2025-01-07T03:29:00,1.03853,1.03855,1.03853,1.03855,13.4999996423721
2025-01-07T03:30:00,1.03855,1.03863,1.03855,1.03859,44.9999990463257
2025-01-07T03:31:00,1.03858,1.03878,1.03858,1.03878,77.239999294281
2025-01-07T03:32:00,1.03877,1.03879,1.03877,1.03878,38.2499998807907
2025-01-07T03:33:00,1.03878,1.03882,1.03878,1.03882,14.8499997854233
2025-01-07T03:34:00,1.03882,1.03887,1.03878,1.03878,68.9599993228912
2025-01-07T03:35:00,1.03878,1.03878,1.03875,1.03875,50.3999990224838
2025-01-07T03:36:00,1.03875,1.03875,1.03869,1.03873,63.08999979496
2025-01-07T03:37:00,1.03873,1.03878,1.03873,1.03878,61.1999986171722
2025-01-07T03:38:00,1.03878,1.03884,1.03878,1.03883,21.0599995851517
2025-01-07T03:39:00,1.03886,1.03902,1.03886,1.03901,65.5199992656708
2025-01-07T03:40:00,1.03901,1.03908,1.039,1.03904,51.960000269115
2025-01-07T03:41:00,1.03903,1.03924,1.03902,1.03923,73.7100002765656
2025-01-07T03:42:00,1.03922,1.03927,1.0392,1.03926,82.3499995470047
2025-01-07T03:43:00,1.03926,1.03929,1.03921,1.03929,89.0999990701675
2025-01-07T03:44:00,1.03928,1.03928,1.03922,1.03924,46.6199994087219
2025-01-07T03:45:00,1.03924,1.03924,1.03921,1.03922,12.6899998188019
2025-01-07T03:46:00,1.03922,1.03923,1.03912,1.03912,49.4999995231628
2025-01-07T03:47:00,1.03916,1.03919,1.03913,1.03913,37.7999995946884
2025-01-07T03:48:00,1.03914,1.03914,1.03907,1.03907,25.2900000810623
2025-01-07T03:49:00,1.03907,1.03911,1.03907,1.03908,13.4999996423721
2025-01-07T03:50:00,1.03908,1.03908,1.03906,1.03906,5.39999997615814
2025-01-07T03:51:00,1.03906,1.03907,1.03901,1.03902,28.7999997138977
2025-01-07T03:52:00,1.03901,1.03904,1.039,1.03902,28.7999994754791
2025-01-07T03:53:00,1.03903,1.03912,1.03903,1.03912,23.3999997377396
2025-01-07T03:54:00,1.03911,1.03912,1.03909,1.0391,65.9700001478195
2025-01-07T03:55:00,1.03909,1.03918,1.03909,1.03914,34.1999999284744
2025-01-07T03:56:00,1.03913,1.03916,1.03913,1.03916,17.9999998807907
2025-01-07T03:57:00,1.03917,1.03923,1.03913,1.03922,50.399999499321
2025-01-07T03:58:00,1.03921,1.03922,1.03919,1.03922,12.5999999046326
2025-01-07T03:59:00,1.03921,1.03928,1.03919,1.03927,26.099999666214
2025-01-07T04:00:00,1.03927,1.03933,1.03927,1.03931,26.5499994158745
2025-01-07T04:01:00,1.0393,1.03931,1.03923,1.03923,27.8999997973442
2025-01-07T04:02:00,1.03922,1.03922,1.03912,1.03913,34.6499998569489
2025-01-07T04:03:00,1.03914,1.03917,1.0391,1.0391,12.5999997854233
2025-01-07T04:04:00,1.03908,1.03915,1.03907,1.03915,15.3899997472763
2025-01-07T04:05:00,1.03913,1.03914,1.0391,1.0391,18.8999999761581
2025-01-07T04:06:00,1.0391,1.03913,1.03908,1.03909,31.1399995088577
2025-01-07T04:07:00,1.0391,1.0391,1.03907,1.03909,18.2699996232986
2025-01-07T04:08:00,1.03908,1.03912,1.03906,1.03906,37.6399993896484
2025-01-07T04:09:00,1.03905,1.03912,1.03905,1.03907,40.2599996253848
2025-01-07T04:10:00,1.03908,1.03912,1.03907,1.03909,60.5399999469519
2025-01-07T04:11:00,1.0391,1.03913,1.0391,1.03913,12.7800000905991
2025-01-07T04:12:00,1.03912,1.03912,1.03906,1.03908,47.2699993550777
2025-01-07T04:13:00,1.03907,1.03909,1.03905,1.03908,23.1299999952316
2025-01-07T04:14:00,1.03909,1.0391,1.03907,1.03907,17.0999997854233
2025-01-07T04:15:00,1.03907,1.03909,1.03907,1.03909,18.3099998235703
2025-01-07T04:16:00,1.0391,1.03911,1.03908,1.0391,31.1599996089935
2025-01-07T04:17:00,1.03913,1.03917,1.03907,1.03917,31.4999996200204
2025-01-07T04:18:00,1.03917,1.03917,1.03916,1.03917,15.2999995946884
2025-01-07T04:19:00,1.03918,1.03922,1.03917,1.03922,14.3999998569489
2025-01-07T04:20:00,1.03924,1.03925,1.03923,1.03923,13.4999997615814
2025-01-07T04:21:00,1.03921,1.03921,1.03912,1.03913,36.9199992418289
2025-01-07T04:22:00,1.03912,1.03912,1.03908,1.03908,41.509999871254
2025-01-07T04:23:00,1.03909,1.03911,1.03907,1.03908,33.7499996423721
2025-01-07T04:24:00,1.0391,1.03913,1.03905,1.03913,29.2499995231628
2025-01-07T04:25:00,1.03914,1.03914,1.03908,1.03912,30.1699999570847
2025-01-07T04:26:00,1.03914,1.03914,1.03913,1.03913,1.79999995231628
2025-01-07T04:27:00,1.03914,1.03914,1.03913,1.03913,8.09999990463257
2025-01-07T04:28:00,1.03914,1.03918,1.03913,1.03918,14.4900000095367
2025-01-07T04:29:00,1.03919,1.03927,1.03919,1.03927,10.799999833107
2025-01-07T04:30:00,1.03927,1.03927,1.03918,1.03921,27.0899993181229
2025-01-07T04:31:00,1.03921,1.03927,1.0392,1.03926,18.9899997711182
2025-01-07T04:32:00,1.03925,1.0393,1.03925,1.03925,23.3999993801117
2025-01-07T04:33:00,1.03925,1.03926,1.03917,1.03918,39.149999499321
2025-01-07T04:34:00,1.03917,1.03931,1.03917,1.03931,32.3999998569489
2025-01-07T04:35:00,1.03931,1.03934,1.03928,1.03928,16.3799996376038
2025-01-07T04:36:00,1.03928,1.0393,1.03926,1.0393,10.1699998378754
2025-01-07T04:37:00,1.03932,1.03932,1.03927,1.03927,15.7499998807907
2025-01-07T04:38:00,1.03928,1.03943,1.03928,1.03943,32.9099996909499
2025-01-07T04:39:00,1.03942,1.03942,1.03934,1.03935,22.0799995586276
2025-01-07T04:40:00,1.03934,1.03934,1.03922,1.03922,46.4000000879169
2025-01-07T04:41:00,1.03923,1.03923,1.03922,1.03923,11.9700001478195
2025-01-07T04:42:00,1.03922,1.03923,1.03922,1.03922,7.19999980926514
2025-01-07T04:43:00,1.03923,1.03933,1.03922,1.03932,30.5999993085861
2025-01-07T04:44:00,1.03931,1.03931,1.03928,1.03928,16.2899996042252
2025-01-07T04:45:00,1.03928,1.03928,1.03922,1.03923,14.4899998903275
2025-01-07T04:46:00,1.03923,1.03931,1.03923,1.03925,26.5199997276068
2025-01-07T04:47:00,1.03923,1.03923,1.03918,1.03921,43.0800001248717
2025-01-07T04:48:00,1.03921,1.03922,1.03918,1.0392,15.719999872148
2025-01-07T04:49:00,1.03921,1.03923,1.0392,1.0392,9.65999993681908
2025-01-07T04:50:00,1.03919,1.03922,1.03913,1.03921,17.7299999296665
2025-01-07T04:51:00,1.03919,1.03934,1.03919,1.03934,20.3400000855327
2025-01-07T04:52:00,1.03933,1.03934,1.03933,1.03933,5.15999993681908
2025-01-07T04:53:00,1.03931,1.03938,1.03931,1.03932,16.6499998122454
2025-01-07T04:54:00,1.03931,1.03934,1.03931,1.03932,10.9199999272823
2025-01-07T04:55:00,1.03931,1.03933,1.03931,1.03932,11.8200000450015
2025-01-07T04:56:00,1.03932,1.03932,1.03918,1.03918,19.8599998354912
2025-01-07T04:57:00,1.03919,1.03923,1.03918,1.03918,13.7399999275804
2025-01-07T04:58:00,1.03918,1.03922,1.03915,1.03921,27.0299998223782
2025-01-07T04:59:00,1.03922,1.03922,1.03917,1.03917,21.8099998682737
2025-01-07T05:00:00,1.03918,1.03918,1.03915,1.03916,21.5099999457598
2025-01-07T05:01:00,1.03917,1.03919,1.03916,1.03917,19.5599999129772
2025-01-07T05:02:00,1.03916,1.03917,1.03909,1.03912,18.0299999192357
2025-01-07T05:03:00,1.03913,1.03919,1.03912,1.03917,17.8199998885393
2025-01-07T05:04:00,1.03916,1.03918,1.03915,1.03918,20.5499998554587
2025-01-07T05:05:00,1.03918,1.03928,1.03918,1.03927,27.0899999663234
2025-01-07T05:06:00,1.03925,1.03925,1.03922,1.03922,11.9699999094009
2025-01-07T05:07:00,1.03921,1.03922,1.03914,1.03916,14.7299998402596
2025-01-07T05:08:00,1.03917,1.03922,1.03916,1.03918,10.0199999511242
2025-01-07T05:09:00,1.03918,1.03918,1.03918,1.03918,1.88999998569489
2025-01-07T05:10:00,1.03917,1.03925,1.03917,1.03921,20.7599997371435
2025-01-07T05:11:00,1.03922,1.0393,1.03922,1.03923,27.5999998450279
2025-01-07T05:12:00,1.03922,1.0393,1.03922,1.03928,16.4400000721216
2025-01-07T05:13:00,1.03926,1.03929,1.03923,1.03929,11.3999999910593
2025-01-07T05:14:00,1.0393,1.03935,1.03929,1.03932,8.87999991327524
2025-01-07T05:15:00,1.03933,1.03939,1.03932,1.03938,10.4999999403954
2025-01-07T05:16:00,1.03939,1.03944,1.03939,1.03944,12.5699999928474
2025-01-07T05:17:00,1.03945,1.03952,1.03945,1.03951,20.1899997964501
2025-01-07T05:18:00,1.0395,1.03953,1.03949,1.03953,42.479999423027
2025-01-07T05:19:00,1.03952,1.03957,1.03952,1.03957,29.6999995708466
2025-01-07T05:20:00,1.03956,1.03958,1.03947,1.03947,43.0199992656708
2025-01-07T05:21:00,1.03946,1.03946,1.0394,1.03943,18.9899998679757
2025-01-07T05:22:00,1.03943,1.03948,1.03941,1.03946,22.3199996501207
2025-01-07T05:23:00,1.03948,1.03953,1.03945,1.03949,85.769999422133
2025-01-07T05:24:00,1.0395,1.0396,1.0395,1.03956,53.3399993777275
2025-01-07T05:25:00,1.03954,1.03957,1.03952,1.03956,38.2700001001358
2025-01-07T05:26:00,1.03957,1.03961,1.03954,1.03954,79.110000371933
2025-01-07T05:27:00,1.03953,1.03958,1.03952,1.03956,34.0799995288253
2025-01-07T05:28:00,1.03957,1.03961,1.03953,1.03953,32.5200000107288
2025-01-07T05:29:00,1.03954,1.03956,1.03951,1.03953,34.9199998155236
2025-01-07T05:30:00,1.03954,1.03969,1.03954,1.03968,48.2699997499585
2025-01-07T05:31:00,1.03969,1.03997,1.03968,1.03997,91.5899996012449
2025-01-07T05:32:00,1.03996,1.03996,1.03988,1.03992,66.8099992200732
2025-01-07T05:33:00,1.03992,1.03993,1.03986,1.03993,47.8499997109175
2025-01-07T05:34:00,1.03992,1.03995,1.03988,1.03991,95.9399979859591
2025-01-07T05:35:00,1.0399,1.03991,1.03983,1.03986,40.5899995937943
2025-01-07T05:36:00,1.03985,1.03997,1.03985,1.03996,55.5899992957711
2025-01-07T05:37:00,1.03995,1.04003,1.03995,1.04001,60.8999992460012
2025-01-07T05:38:00,1.04002,1.04003,1.04,1.04,37.8599995225668
2025-01-07T05:39:00,1.04001,1.0401,1.03996,1.04009,78.4199986532331
2025-01-07T05:40:00,1.04009,1.0401,1.04007,1.04009,29.8199996873736
2025-01-07T05:41:00,1.0401,1.0401,1.03998,1.04003,53.5799994468689
2025-01-07T05:42:00,1.04004,1.0401,1.04003,1.04006,39.3600000813603
2025-01-07T05:43:00,1.04005,1.04017,1.04004,1.04017,125.730000138283
2025-01-07T05:44:00,1.04018,1.04031,1.04017,1.04024,56.07000041008
2025-01-07T05:45:00,1.04024,1.04025,1.04011,1.04021,85.9199994653463
2025-01-07T05:46:00,1.04021,1.04029,1.0402,1.04027,46.4699995964766
2025-01-07T05:47:00,1.04028,1.04029,1.04019,1.04021,42.5099996030331
2025-01-07T05:48:00,1.0402,1.04027,1.04016,1.04025,50.4299996942282
2025-01-07T05:49:00,1.04026,1.04026,1.04012,1.04014,55.7699995487928
2025-01-07T05:50:00,1.04014,1.04014,1.04008,1.04013,20.6399999558926
2025-01-07T05:51:00,1.04014,1.04024,1.0401,1.04019,69.1199993416667
2025-01-07T05:52:00,1.04019,1.04021,1.04003,1.04003,48.8999996110797
2025-01-07T05:53:00,1.04002,1.04011,1.04,1.04009,52.3199999257922
2025-01-07T05:54:00,1.04008,1.04011,1.04007,1.04008,44.2799997925758
2025-01-07T05:55:00,1.04007,1.04009,1.03999,1.03999,71.9099998474121
2025-01-07T05:56:00,1.03999,1.04003,1.03994,1.03994,79.9499992504716
2025-01-07T05:57:00,1.03994,1.03994,1.03961,1.03962,125.169998817146
2025-01-07T05:58:00,1.03961,1.03975,1.03959,1.03971,194.04000222683
2025-01-07T05:59:00,1.03971,1.03971,1.03959,1.03967,176.669998288155
2025-01-07T06:00:00,1.03967,1.03986,1.03964,1.03983,115.199999094009
2025-01-07T06:01:00,1.03985,1.03989,1.03977,1.03979,58.1399997845292
2025-01-07T06:02:00,1.03978,1.03987,1.03976,1.03987,48.7800004631281
2025-01-07T06:03:00,1.03987,1.0399,1.03985,1.03988,40.7999994084239
2025-01-07T06:04:00,1.03988,1.03996,1.03985,1.03991,54.5699996203184
2025-01-07T06:05:00,1.0399,1.03999,1.0399,1.03996,47.1299993619323
2025-01-07T06:06:00,1.03997,1.04006,1.03995,1.04005,21.2999997287989
2025-01-07T06:07:00,1.04004,1.04012,1.03998,1.0401,18.4799997210503
2025-01-07T06:08:00,1.04011,1.04022,1.0401,1.0402,62.0199993625283
2025-01-07T06:09:00,1.04021,1.04041,1.04021,1.04033,80.1299993917346
2025-01-07T06:10:00,1.04033,1.04033,1.04015,1.04018,58.8499989509583
2025-01-07T06:11:00,1.04017,1.04024,1.04014,1.04019,71.4899990037084
2025-01-07T06:12:00,1.04021,1.04033,1.0402,1.04029,62.9699992388487
2025-01-07T06:13:00,1.04026,1.04026,1.04019,1.04024,86.4299990236759
2025-01-07T06:14:00,1.04024,1.04024,1.04018,1.04018,60.0599995180964
2025-01-07T06:15:00,1.04017,1.04025,1.04016,1.04025,35.3399995565414
2025-01-07T06:16:00,1.04024,1.04032,1.04023,1.04023,74.0999996140599
2025-01-07T06:17:00,1.04023,1.04025,1.04014,1.04023,54.0899992287159
2025-01-07T06:18:00,1.04024,1.04024,1.04014,1.04022,46.9499995335937
2025-01-07T06:19:00,1.04021,1.04026,1.0402,1.04024,16.3200000599027
2025-01-07T06:20:00,1.04025,1.04033,1.04024,1.04024,29.3400000780821
2025-01-07T06:21:00,1.04024,1.04029,1.04023,1.04028,45.360000140965
2025-01-07T06:22:00,1.04027,1.04031,1.04023,1.04023,34.9199996292591
2025-01-07T06:23:00,1.04024,1.04025,1.04022,1.04025,40.3799994811416
2025-01-07T06:24:00,1.04026,1.04027,1.04004,1.04004,54.8700002804399
2025-01-07T06:25:00,1.04004,1.04009,1.03991,1.03991,53.3300000652671
2025-01-07T06:26:00,1.03989,1.03996,1.03984,1.03995,25.8499996587634
2025-01-07T06:27:00,1.03994,1.04007,1.03993,1.04004,36.68999992311
2025-01-07T06:28:00,1.04005,1.04008,1.04002,1.04006,20.9399999976158
2025-01-07T06:29:00,1.04005,1.04007,1.04002,1.04004,29.7299997806549
2025-01-07T06:30:00,1.04005,1.04012,1.03999,1.04006,82.1099992841482
2025-01-07T06:31:00,1.04005,1.04017,1.04003,1.04013,110.370000332594
2025-01-07T06:32:00,1.04014,1.04018,1.04013,1.04017,67.5900000333786
2025-01-07T06:33:00,1.04019,1.04022,1.04009,1.04018,138.769999668002
2025-01-07T06:34:00,1.0402,1.04021,1.04008,1.04014,79.2299997732043
2025-01-07T06:35:00,1.04015,1.04024,1.0401,1.04017,101.790000274777
2025-01-07T06:36:00,1.04018,1.04018,1.04009,1.04012,97.1300013065338
2025-01-07T06:37:00,1.04014,1.04015,1.04004,1.04004,33.0300002098083
2025-01-07T06:38:00,1.04005,1.04008,1.03999,1.03999,69.0600005090237
2025-01-07T06:39:00,1.03999,1.04004,1.03999,1.04001,29.9399998486042
2025-01-07T06:40:00,1.04,1.04001,1.03994,1.03998,26.2700001746416
2025-01-07T06:41:00,1.03997,1.03999,1.03991,1.03991,27.9299998953938
2025-01-07T06:42:00,1.03992,1.03993,1.0398,1.0398,51.9900000244379
2025-01-07T06:43:00,1.03979,1.03986,1.03978,1.03985,27.7500001713634
2025-01-07T06:44:00,1.03988,1.03988,1.03984,1.03987,28.7099998518825
2025-01-07T06:45:00,1.03988,1.03988,1.03971,1.03971,55.799999691546
2025-01-07T06:46:00,1.0397,1.03979,1.03968,1.03978,28.7900000736117
2025-01-07T06:47:00,1.03977,1.03978,1.03972,1.03976,63.779999114573
2025-01-07T06:48:00,1.03975,1.03979,1.03973,1.03973,17.7000000178814
2025-01-07T06:49:00,1.03972,1.03976,1.03967,1.03976,52.4399996846914
2025-01-07T06:50:00,1.03977,1.03978,1.03968,1.03978,55.1400003060699
2025-01-07T06:51:00,1.03978,1.03988,1.03975,1.03985,52.2300002574921
2025-01-07T06:52:00,1.03984,1.03984,1.03978,1.0398,46.3199992999434
2025-01-07T06:53:00,1.0398,1.0398,1.03976,1.03978,53.3699998036027
2025-01-07T06:54:00,1.03978,1.03984,1.03976,1.03984,28.4400000721216
2025-01-07T06:55:00,1.03986,1.03988,1.03966,1.03967,54.5999995842576
2025-01-07T06:56:00,1.03967,1.03971,1.03963,1.03968,22.350000038743
2025-01-07T06:57:00,1.03969,1.03974,1.03964,1.03973,52.7999997660518
2025-01-07T06:58:00,1.03973,1.03978,1.03972,1.03976,18.89999987185
2025-01-07T06:59:00,1.03977,1.03979,1.03974,1.03974,17.6999999806285
2025-01-07T07:00:00,1.03975,1.04004,1.03975,1.04004,76.19999961555
2025-01-07T07:01:00,1.04001,1.04007,1.03994,1.04004,77.9599995240569
2025-01-07T07:02:00,1.04003,1.04005,1.03978,1.03978,107.549999788404
2025-01-07T07:03:00,1.03978,1.03999,1.03978,1.03999,71.8499997034669
2025-01-07T07:04:00,1.03999,1.04008,1.03999,1.04004,73.8599994555116
2025-01-07T07:05:00,1.04005,1.04017,1.04002,1.04014,88.9499987661839
2025-01-07T07:06:00,1.04014,1.04023,1.04014,1.04023,35.2499991804361
2025-01-07T07:07:00,1.04024,1.04034,1.0402,1.04023,65.0699993893504
2025-01-07T07:08:00,1.04022,1.04043,1.0402,1.04041,99.929999217391
2025-01-07T07:09:00,1.04042,1.04057,1.04039,1.04056,122.879998296499
2025-01-07T07:10:00,1.04058,1.04082,1.04058,1.04079,126.899998001754
2025-01-07T07:11:00,1.04079,1.04091,1.04068,1.04068,165.439998462796
2025-01-07T07:12:00,1.04069,1.04083,1.04064,1.04079,107.789998963475
2025-01-07T07:13:00,1.04077,1.04093,1.04074,1.04084,102.089999631047
2025-01-07T07:14:00,1.04084,1.041,1.04083,1.0409,103.859999194741
2025-01-07T07:15:00,1.04092,1.04093,1.04068,1.04079,141.929999828339
2025-01-07T07:16:00,1.0408,1.04083,1.04073,1.04083,71.3399993181229
2025-01-07T07:17:00,1.04083,1.04093,1.04079,1.0409,56.6099993065
2025-01-07T07:18:00,1.04089,1.04094,1.04084,1.04088,107.249998733401
2025-01-07T07:19:00,1.04088,1.04131,1.04085,1.04131,90.3299990445375
2025-01-07T07:20:00,1.04131,1.04151,1.04129,1.04147,139.319998726249
2025-01-07T07:21:00,1.04145,1.04145,1.04114,1.04114,151.229999132454
2025-01-07T07:22:00,1.04114,1.04145,1.04112,1.04145,97.2000000923872
2025-01-07T07:23:00,1.04146,1.04149,1.04138,1.04143,104.849999263883
2025-01-07T07:24:00,1.04143,1.04148,1.04133,1.04133,70.5899995714426
2025-01-07T07:25:00,1.04133,1.04144,1.04128,1.04138,73.2300001308322
2025-01-07T07:26:00,1.04139,1.04155,1.04135,1.04152,63.8700001239777
2025-01-07T07:27:00,1.04151,1.04153,1.04148,1.04149,29.8500004261732
2025-01-07T07:28:00,1.0415,1.04159,1.04148,1.04154,46.0200004652143
2025-01-07T07:29:00,1.04153,1.04153,1.04127,1.04127,117.809999242425
2025-01-07T07:30:00,1.04127,1.04137,1.04121,1.04127,118.649998947978
2025-01-07T07:31:00,1.04128,1.04128,1.04108,1.04112,157.989998459816
2025-01-07T07:32:00,1.04111,1.0413,1.04104,1.04122,135.280000314116
2025-01-07T07:33:00,1.04121,1.04138,1.04118,1.04127,206.960000388324
2025-01-07T07:34:00,1.0413,1.04131,1.04111,1.04124,157.769999325275
2025-01-07T07:35:00,1.04123,1.04133,1.04115,1.04128,291.720001727343
2025-01-07T07:36:00,1.04129,1.04138,1.04127,1.04128,170.280000858009
2025-01-07T07:37:00,1.04127,1.04145,1.04125,1.04134,163.919999912381
2025-01-07T07:38:00,1.04134,1.04145,1.04134,1.04145,98.5800002589822
2025-01-07T07:39:00,1.04146,1.04187,1.0414,1.04184,156.09000082314
2025-01-07T07:40:00,1.04184,1.04229,1.04175,1.04224,228.299998238683
2025-01-07T07:41:00,1.04223,1.04228,1.04181,1.04188,184.820000059903
2025-01-07T07:42:00,1.04187,1.04224,1.04178,1.04223,164.349999003112
2025-01-07T07:43:00,1.04223,1.04233,1.04202,1.04215,124.769998118281
2025-01-07T07:44:00,1.04215,1.04244,1.04213,1.04229,150.47999855876
2025-01-07T07:45:00,1.04231,1.04231,1.0415,1.04163,487.439997322857
2025-01-07T07:46:00,1.04165,1.04187,1.04128,1.04129,346.419998154044
2025-01-07T07:47:00,1.0413,1.04181,1.04111,1.04164,345.439997136593
2025-01-07T07:48:00,1.04162,1.04177,1.04131,1.04143,172.590000502765
2025-01-07T07:49:00,1.04144,1.04164,1.04122,1.04123,226.050001606345
2025-01-07T07:50:00,1.04122,1.04132,1.04112,1.04126,148.769999742508
2025-01-07T07:51:00,1.04126,1.04166,1.04119,1.04166,148.439999967813
2025-01-07T07:52:00,1.04165,1.04169,1.04148,1.04162,175.080001324415
2025-01-07T07:53:00,1.04163,1.04169,1.0416,1.04167,91.1700011491776
2025-01-07T07:54:00,1.04166,1.04166,1.04107,1.04108,141.710000179708
2025-01-07T07:55:00,1.04107,1.04118,1.04093,1.04104,211.769999980927
2025-01-07T07:56:00,1.04101,1.04118,1.04101,1.04112,176.85000193119
2025-01-07T07:57:00,1.0411,1.0413,1.04103,1.04128,149.40000025183
2025-01-07T07:58:00,1.04127,1.04148,1.04125,1.04147,171.10000050813
2025-01-07T07:59:00,1.04147,1.04147,1.0413,1.04145,189.129999741912
2025-01-07T08:00:00,1.04147,1.04168,1.04142,1.04151,274.540000319481
2025-01-07T08:01:00,1.04151,1.04151,1.04132,1.04141,301.080001883209
2025-01-07T08:02:00,1.04142,1.04167,1.04141,1.04166,188.480000674725
2025-01-07T08:03:00,1.04169,1.04179,1.04165,1.04176,266.579999379814
2025-01-07T08:04:00,1.04176,1.04188,1.04173,1.04187,153.930000260472
2025-01-07T08:05:00,1.04186,1.0419,1.04156,1.04157,187.259998098016
2025-01-07T08:06:00,1.04157,1.04161,1.04142,1.04155,197.669998638332
2025-01-07T08:07:00,1.04155,1.04203,1.04155,1.04192,299.61000148952
2025-01-07T08:08:00,1.04193,1.04208,1.04179,1.04192,329.669997036457
2025-01-07T08:09:00,1.04191,1.04193,1.04175,1.04177,191.129999361932
2025-01-07T08:10:00,1.04176,1.04181,1.04152,1.04178,201.929998636246
2025-01-07T08:11:00,1.04178,1.04178,1.04153,1.04168,139.349998481572
2025-01-07T08:12:00,1.04167,1.04182,1.04162,1.04177,170.239998817444
2025-01-07T08:13:00,1.04178,1.04183,1.04141,1.04142,198.549998357892
2025-01-07T08:14:00,1.04141,1.04141,1.04102,1.04102,248.369998298585
2025-01-07T08:15:00,1.04102,1.04132,1.04095,1.04131,197.009998016059
2025-01-07T08:16:00,1.04132,1.0414,1.04121,1.04132,171.839998781681
2025-01-07T08:17:00,1.0413,1.0413,1.04097,1.04102,195.139998696744
2025-01-07T08:18:00,1.04102,1.04102,1.0408,1.04081,181.469998471439
2025-01-07T08:19:00,1.0408,1.04086,1.04059,1.04059,268.330001235008
2025-01-07T08:20:00,1.04059,1.04072,1.04045,1.04072,139.799999587238
2025-01-07T08:21:00,1.04073,1.04078,1.04057,1.04078,262.349999070168
2025-01-07T08:22:00,1.04079,1.04097,1.04073,1.04089,246.150000162423
2025-01-07T08:23:00,1.0409,1.04098,1.04086,1.04092,75.3299994394183
2025-01-07T08:24:00,1.04093,1.0411,1.04093,1.04098,286.64999961108
2025-01-07T08:25:00,1.04099,1.04109,1.04084,1.04092,294.569998800755
2025-01-07T08:26:00,1.04093,1.04094,1.04072,1.04072,138.149999976158
2025-01-07T08:27:00,1.04072,1.04078,1.04063,1.0407,124.770000562072
2025-01-07T08:28:00,1.04072,1.04074,1.04039,1.04039,253.73999992013
2025-01-07T08:29:00,1.04039,1.04071,1.04031,1.04064,404.099998183548
2025-01-07T08:30:00,1.04063,1.04086,1.04061,1.04072,274.499999627471
2025-01-07T08:31:00,1.04074,1.04095,1.04072,1.04078,256.060001254082
2025-01-07T08:32:00,1.04077,1.04092,1.04069,1.04077,225.960000857711
2025-01-07T08:33:00,1.0408,1.0408,1.04063,1.04066,269.370001114905
2025-01-07T08:34:00,1.04065,1.04082,1.04059,1.04082,220.340000152588
2025-01-07T08:35:00,1.04083,1.04099,1.04075,1.04078,136.319999188185
2025-01-07T08:36:00,1.0408,1.04085,1.04068,1.04082,155.190001241863
2025-01-07T08:37:00,1.04081,1.04081,1.0407,1.04072,144.450000107288
2025-01-07T08:38:00,1.04071,1.04072,1.04054,1.04072,140.270000815392
2025-01-07T08:39:00,1.04073,1.04077,1.04067,1.04073,143.879999637604
2025-01-07T08:40:00,1.04075,1.04082,1.04053,1.04058,214.129999697208
2025-01-07T08:41:00,1.0406,1.04088,1.0406,1.04082,161.880000710487
2025-01-07T08:42:00,1.04081,1.04092,1.04068,1.0408,252.660001397133
2025-01-07T08:43:00,1.0408,1.04112,1.04076,1.04112,217.63999953866
2025-01-07T08:44:00,1.04111,1.04155,1.04108,1.04155,165.569999456406
2025-01-07T08:45:00,1.04156,1.04162,1.04136,1.04158,167.879999399185
2025-01-07T08:46:00,1.0416,1.04182,1.0416,1.04181,205.140000931919
2025-01-07T08:47:00,1.04181,1.04188,1.04177,1.04186,124.259999349713
2025-01-07T08:48:00,1.04187,1.04199,1.04182,1.04198,166.380000710487
2025-01-07T08:49:00,1.04199,1.042,1.04189,1.04193,81.3000004291534
2025-01-07T08:50:00,1.04193,1.04197,1.04183,1.04186,100.939999811351
2025-01-07T08:51:00,1.04184,1.04192,1.04177,1.04192,105.86999951303
2025-01-07T08:52:00,1.04192,1.04201,1.04191,1.04201,60.6599996387959
2025-01-07T08:53:00,1.04203,1.04218,1.04196,1.04218,250.189998269081
2025-01-07T08:54:00,1.04217,1.0422,1.04201,1.04211,272.619999356568
2025-01-07T08:55:00,1.04212,1.04215,1.04202,1.04208,176.630000889301
2025-01-07T08:56:00,1.04208,1.04214,1.04201,1.04206,144.689999759197
2025-01-07T08:57:00,1.04207,1.04213,1.04203,1.04206,76.7399997413158
2025-01-07T08:58:00,1.0421,1.04223,1.0421,1.04215,173.460000038147
2025-01-07T08:59:00,1.04214,1.04253,1.04209,1.0425,266.139999993145
2025-01-07T09:00:00,1.04252,1.04293,1.0425,1.04267,381.749997630715
2025-01-07T09:01:00,1.04267,1.04286,1.04262,1.04276,155.069998383522
2025-01-07T09:02:00,1.04277,1.04299,1.04275,1.0429,162.739997364581
2025-01-07T09:03:00,1.0429,1.04324,1.04289,1.04312,199.969998419285
2025-01-07T09:04:00,1.04311,1.04335,1.04311,1.04317,168.959998697042
2025-01-07T09:05:00,1.04317,1.04342,1.04317,1.04327,138.709997273982
2025-01-07T09:06:00,1.04328,1.0434,1.04322,1.04325,166.56999874115
2025-01-07T09:07:00,1.04324,1.04327,1.04299,1.04307,177.759997412562
2025-01-07T09:08:00,1.04308,1.04313,1.0428,1.04287,248.829998239875
2025-01-07T09:09:00,1.04286,1.04292,1.04273,1.04277,219.359998337924
2025-01-07T09:10:00,1.04276,1.04295,1.04271,1.04295,135.419999405742
2025-01-07T09:11:00,1.04293,1.04296,1.0426,1.04266,155.93999825418
2025-01-07T09:12:00,1.04266,1.04268,1.04244,1.04249,201.349998116493
2025-01-07T09:13:00,1.04249,1.04265,1.04247,1.04257,126.389998346567
2025-01-07T09:14:00,1.04257,1.04267,1.04247,1.04263,146.249998569489
2025-01-07T09:15:00,1.04264,1.04278,1.04257,1.04272,154.469999283552
2025-01-07T09:16:00,1.04272,1.04273,1.04262,1.04263,87.8399978876114
2025-01-07T09:17:00,1.04261,1.04268,1.04256,1.04266,112.999998413026
2025-01-07T09:18:00,1.04264,1.04266,1.04253,1.04259,144.649999529123
2025-01-07T09:19:00,1.04258,1.04267,1.0425,1.04256,80.9299998134375
2025-01-07T09:20:00,1.04255,1.04263,1.0424,1.04263,129.86999797821
2025-01-07T09:21:00,1.04262,1.04266,1.04251,1.04262,100.799999117851
2025-01-07T09:22:00,1.04261,1.04267,1.04247,1.04259,130.950000405312
2025-01-07T09:23:00,1.04259,1.04261,1.0425,1.04258,177.050000071526
2025-01-07T09:24:00,1.04257,1.04268,1.04244,1.04263,136.859998896718
2025-01-07T09:25:00,1.04265,1.04266,1.04252,1.04262,192.690001249313
2025-01-07T09:26:00,1.04263,1.04268,1.04258,1.04268,141.389997959137
2025-01-07T09:27:00,1.04268,1.04272,1.04261,1.04272,83.5199995040894
2025-01-07T09:28:00,1.04273,1.04285,1.04261,1.04265,83.4599999710917
2025-01-07T09:29:00,1.04264,1.04265,1.04252,1.04252,70.8299993872643
2025-01-07T09:30:00,1.04251,1.04253,1.04246,1.04251,121.739999137819
2025-01-07T09:31:00,1.04249,1.04289,1.04246,1.04287,90.7699998468161
2025-01-07T09:32:00,1.04285,1.04285,1.04256,1.04267,165.590000554919
2025-01-07T09:33:00,1.04267,1.04276,1.0426,1.04273,130.749997973442
2025-01-07T09:34:00,1.04272,1.04278,1.04266,1.04278,74.9699991941452
2025-01-07T09:35:00,1.04278,1.04297,1.04276,1.0429,90.1799991130829
2025-01-07T09:36:00,1.0429,1.04292,1.04278,1.0429,69.83999979496
2025-01-07T09:37:00,1.04289,1.043,1.04287,1.04292,114.570000767708
2025-01-07T09:38:00,1.04291,1.04298,1.04287,1.04298,114.840000867844
2025-01-07T09:39:00,1.04297,1.04299,1.04278,1.04291,91.1000000685453
2025-01-07T09:40:00,1.04292,1.04295,1.04278,1.04281,170.040000252426
2025-01-07T09:41:00,1.04281,1.04286,1.04276,1.04281,130.620001003146
2025-01-07T09:42:00,1.0428,1.04281,1.04268,1.04271,83.3400003910065
2025-01-07T09:43:00,1.04273,1.04289,1.04273,1.04285,131.540000371635
2025-01-07T09:44:00,1.04285,1.04285,1.04276,1.04281,130.050000846386
2025-01-07T09:45:00,1.0428,1.04282,1.04267,1.04267,110.700000405312
2025-01-07T09:46:00,1.04268,1.04272,1.04255,1.04271,117.090000152588
2025-01-07T09:47:00,1.04272,1.04277,1.04266,1.04277,111.149999797344
2025-01-07T09:48:00,1.04274,1.04281,1.04268,1.04279,120.170000612736
2025-01-07T09:49:00,1.04278,1.04279,1.0427,1.04274,100.800000429153
2025-01-07T09:50:00,1.04275,1.04286,1.04275,1.04281,106.87000143528
2025-01-07T09:51:00,1.0428,1.0428,1.04262,1.04265,139.950000047684
2025-01-07T09:52:00,1.04266,1.04272,1.04264,1.04271,79.2000005245209
2025-01-07T09:53:00,1.04272,1.04295,1.04272,1.04291,65.25
2025-01-07T09:54:00,1.04289,1.04289,1.04272,1.04272,69.390000641346
2025-01-07T09:55:00,1.04271,1.04271,1.04241,1.04249,216.180000424385
2025-01-07T09:56:00,1.04247,1.04283,1.04245,1.04282,185.460000000894
2025-01-07T09:57:00,1.04282,1.04296,1.04282,1.04296,47.0999997854233
2025-01-07T09:58:00,1.04295,1.04295,1.04286,1.04286,18.0599996894598
2025-01-07T09:59:00,1.04287,1.04296,1.04274,1.04274,66.2999991774559
2025-01-07T10:00:00,1.04274,1.04274,1.0423,1.04262,278.769998952746
2025-01-07T10:01:00,1.04263,1.04273,1.04228,1.04228,129.069999203086
2025-01-07T10:02:00,1.04228,1.04234,1.04203,1.04203,77.0999990031123
2025-01-07T10:03:00,1.04204,1.04213,1.04176,1.04188,273.930001541972
2025-01-07T10:04:00,1.04187,1.04194,1.04166,1.04179,878.229996524751
2025-01-07T10:05:00,1.0418,1.04212,1.04174,1.04207,563.999995790422
2025-01-07T10:06:00,1.04206,1.04225,1.04202,1.04207,259.679998323321
2025-01-07T10:07:00,1.04208,1.04216,1.0418,1.0418,425.34000313282
2025-01-07T10:08:00,1.04179,1.04218,1.04179,1.04217,229.229999579489
2025-01-07T10:09:00,1.04217,1.04236,1.04216,1.04236,315.549999639392
2025-01-07T10:10:00,1.04235,1.04257,1.04234,1.04252,144.46999976784
2025-01-07T10:11:00,1.04253,1.04282,1.04253,1.04276,103.799998752773
2025-01-07T10:12:00,1.04277,1.04296,1.04277,1.04281,409.140001416206
2025-01-07T10:13:00,1.04282,1.04302,1.04279,1.04297,244.120000243187
2025-01-07T10:14:00,1.04297,1.04297,1.04269,1.04275,312.829996980727
2025-01-07T10:15:00,1.04275,1.04279,1.0427,1.04272,145.469999156892
2025-01-07T10:16:00,1.04273,1.04305,1.04273,1.04298,77.1299993991852
2025-01-07T10:17:00,1.04298,1.04335,1.04298,1.04333,71.849999807775
2025-01-07T10:18:00,1.04332,1.04336,1.04322,1.04327,155.869999207556
2025-01-07T10:19:00,1.04329,1.04343,1.04326,1.04327,126.290000095963
2025-01-07T10:20:00,1.04328,1.04332,1.04311,1.04312,109.159999057651
2025-01-07T10:21:00,1.04311,1.04312,1.04291,1.04293,98.5800004526973
2025-01-07T10:22:00,1.04292,1.043,1.04281,1.04286,115.949999436736
2025-01-07T10:23:00,1.04284,1.04298,1.04282,1.04287,158.670001320541
2025-01-07T10:24:00,1.04286,1.04298,1.04264,1.04267,227.270001232624
2025-01-07T10:25:00,1.04267,1.04267,1.04252,1.04262,119.7399995327
2025-01-07T10:26:00,1.04262,1.04277,1.04261,1.04264,90.5600000023842
2025-01-07T10:27:00,1.04266,1.04268,1.0425,1.04251,81.5999997705221
2025-01-07T10:28:00,1.04254,1.04266,1.04241,1.04243,173.920000433922
2025-01-07T10:29:00,1.04243,1.04243,1.04226,1.04229,131.899998955429
2025-01-07T10:30:00,1.0423,1.04243,1.04221,1.04229,167.869999967515
2025-01-07T10:31:00,1.04228,1.04231,1.04212,1.04216,294.960000388324
2025-01-07T10:32:00,1.04219,1.04237,1.04216,1.04237,477.000002980232
2025-01-07T10:33:00,1.04236,1.04237,1.04225,1.04225,289.009999930859
2025-01-07T10:34:00,1.04226,1.04237,1.04208,1.04212,318.989999763668
2025-01-07T10:35:00,1.04211,1.04232,1.0421,1.04223,241.409998230636
2025-01-07T10:36:00,1.04222,1.04227,1.04216,1.04222,307.519996449351
2025-01-07T10:37:00,1.0422,1.04235,1.04218,1.04233,76.1399995684624
2025-01-07T10:38:00,1.04232,1.04253,1.04232,1.04253,63.9000001549721
2025-01-07T10:39:00,1.04253,1.04259,1.04251,1.04252,47.700000166893
2025-01-07T10:40:00,1.04253,1.04261,1.04243,1.04257,132.389999508858
2025-01-07T10:41:00,1.04257,1.04261,1.04243,1.04251,98.1499993130565
2025-01-07T10:42:00,1.04252,1.04261,1.04251,1.04255,108.990000486374
2025-01-07T10:43:00,1.04256,1.0426,1.04248,1.04248,98.4199994727969
2025-01-07T10:44:00,1.0425,1.04264,1.0425,1.04262,88.7400007843971
2025-01-07T10:45:00,1.04262,1.04262,1.04242,1.04246,103.170000068843
2025-01-07T10:46:00,1.04246,1.04266,1.04245,1.04265,65.0100000798702
2025-01-07T10:47:00,1.04264,1.04269,1.04257,1.04267,71.7899997085333
2025-01-07T10:48:00,1.04268,1.04286,1.04267,1.04283,82.7999997735023
2025-01-07T10:49:00,1.04285,1.04299,1.04285,1.04298,105.119999229908
2025-01-07T10:50:00,1.04299,1.04315,1.04292,1.04314,103.949999451637
2025-01-07T10:51:00,1.04314,1.04322,1.0431,1.04312,92.6699987873435
2025-01-07T10:52:00,1.04313,1.04313,1.04304,1.04306,67.8599994182587
2025-01-07T10:53:00,1.04306,1.04318,1.04305,1.04312,96.6800006628036
2025-01-07T10:54:00,1.04314,1.04338,1.04314,1.04338,110.430000424385
2025-01-07T10:55:00,1.04338,1.04341,1.04321,1.04321,120.269999437034
2025-01-07T10:56:00,1.04321,1.04321,1.04303,1.04303,97.4699995517731
2025-01-07T10:57:00,1.04302,1.04304,1.04279,1.04286,162.659999839962
2025-01-07T10:58:00,1.04286,1.04289,1.04265,1.04267,151.230000548065
2025-01-07T10:59:00,1.04266,1.04283,1.04262,1.04278,175.620001487434
2025-01-07T11:00:00,1.04278,1.04282,1.04247,1.0425,222.510001592338
2025-01-07T11:01:00,1.0425,1.04253,1.04222,1.04239,278.64000171423
2025-01-07T11:02:00,1.04239,1.04243,1.04233,1.04237,116.1400000453
2025-01-07T11:03:00,1.04237,1.04238,1.04218,1.04222,137.280000917614
2025-01-07T11:04:00,1.04223,1.0424,1.04222,1.04238,122.400000929832
2025-01-07T11:05:00,1.04237,1.04258,1.04236,1.04241,112.500000178814
2025-01-07T11:06:00,1.04242,1.04275,1.04242,1.04267,120.599999368191
2025-01-07T11:07:00,1.04266,1.04282,1.04264,1.04271,130.16999977082
2025-01-07T11:08:00,1.0427,1.04272,1.04258,1.04262,136.350000500679
2025-01-07T11:09:00,1.04262,1.04263,1.04231,1.04231,149.790000550449
2025-01-07T11:10:00,1.0423,1.04233,1.0422,1.04222,113.400000989437
2025-01-07T11:11:00,1.04222,1.04222,1.04207,1.04213,109.020000867546
2025-01-07T11:12:00,1.04213,1.04223,1.04203,1.04203,67.4800004884601
2025-01-07T11:13:00,1.04202,1.04207,1.04199,1.04202,100.800000429153
2025-01-07T11:14:00,1.04202,1.04207,1.04189,1.04202,167.409998953342
2025-01-07T11:15:00,1.04202,1.04207,1.04187,1.04192,116.120000243187
2025-01-07T11:16:00,1.0419,1.04193,1.04182,1.04192,112.97000053525
2025-01-07T11:17:00,1.04192,1.04204,1.04163,1.04168,155.700000107288
2025-01-07T11:18:00,1.04168,1.04172,1.04157,1.04162,260.640000581741
2025-01-07T11:19:00,1.04163,1.04172,1.04158,1.04169,223.939999938011
2025-01-07T11:20:00,1.04169,1.04176,1.04165,1.04168,182.339999556541
2025-01-07T11:21:00,1.04167,1.04167,1.04133,1.0414,262.579999439418
2025-01-07T11:22:00,1.04141,1.04143,1.04127,1.04127,388.259999752045
2025-01-07T11:23:00,1.04128,1.0414,1.04118,1.04138,300.019998066127
2025-01-07T11:24:00,1.04137,1.04142,1.04132,1.04137,352.399998240173
2025-01-07T11:25:00,1.04138,1.04138,1.04122,1.04122,290.789998888969
2025-01-07T11:26:00,1.04122,1.04123,1.04107,1.04108,349.739997625351
2025-01-07T11:27:00,1.04108,1.04109,1.04101,1.04101,175.949998855591
2025-01-07T11:28:00,1.04102,1.0412,1.04092,1.04115,335.579998835921
2025-01-07T11:29:00,1.04117,1.04117,1.04093,1.04093,219.149999119341
2025-01-07T11:30:00,1.04092,1.04106,1.04088,1.04098,173.489998921752
2025-01-07T11:31:00,1.04097,1.04097,1.04062,1.04062,372.449998944998
2025-01-07T11:32:00,1.0406,1.04067,1.04052,1.04055,353.250000357628
2025-01-07T11:33:00,1.04056,1.04079,1.04051,1.04078,210.900000683963
2025-01-07T11:34:00,1.04077,1.04079,1.04052,1.04063,218.520000457764
2025-01-07T11:35:00,1.04063,1.04073,1.04056,1.0406,180.839998833835
2025-01-07T11:36:00,1.04058,1.04064,1.04051,1.04061,279.17999958992
2025-01-07T11:37:00,1.0406,1.04067,1.04053,1.04066,325.099998831749
2025-01-07T11:38:00,1.04067,1.04078,1.04063,1.04073,358.289999246597
2025-01-07T11:39:00,1.04071,1.04073,1.04059,1.04066,362.700000584126
2025-01-07T11:40:00,1.04067,1.04094,1.04066,1.04093,330.879998028278
2025-01-07T11:41:00,1.04092,1.04096,1.04082,1.04096,293.249999158084
2025-01-07T11:42:00,1.04096,1.041,1.04087,1.04098,167.490000084043
2025-01-07T11:43:00,1.04099,1.04107,1.04099,1.04101,229.669999703765
2025-01-07T11:44:00,1.04102,1.04113,1.04101,1.04109,151.859997980297
2025-01-07T11:45:00,1.04111,1.04118,1.04103,1.04103,78.6899997442961
2025-01-07T11:46:00,1.04104,1.04112,1.04103,1.04103,68.6999997124076
2025-01-07T11:47:00,1.04102,1.04105,1.04097,1.04104,106.529999360442
2025-01-07T11:48:00,1.04103,1.04113,1.04102,1.04103,185.160000436008
2025-01-07T11:49:00,1.04102,1.04118,1.04102,1.04112,213.479998469353
2025-01-07T11:50:00,1.04112,1.04112,1.04087,1.04092,325.709999203682
2025-01-07T11:51:00,1.04093,1.04111,1.04092,1.04107,120.149999260902
2025-01-07T11:52:00,1.04108,1.04119,1.04108,1.04116,128.249999403954
2025-01-07T11:53:00,1.04117,1.0413,1.04117,1.04129,128.79000043869
2025-01-07T11:54:00,1.04129,1.04133,1.04122,1.04122,100.259999871254
2025-01-07T11:55:00,1.04123,1.04123,1.04112,1.04116,174.099999070168
2025-01-07T11:56:00,1.04115,1.04119,1.04113,1.04114,51.3899992704391
2025-01-07T11:57:00,1.04115,1.04116,1.04109,1.04116,123.610000126064
2025-01-07T11:58:00,1.04116,1.04148,1.04116,1.04143,207.029999107122
2025-01-07T11:59:00,1.04144,1.04144,1.04133,1.04133,230.339998595417
2025-01-07T12:00:00,1.04134,1.04151,1.04134,1.04143,126.359999395907
2025-01-07T12:01:00,1.04142,1.04145,1.04115,1.04118,276.359997674823
2025-01-07T12:02:00,1.04117,1.04128,1.04112,1.04128,157.910000249743
2025-01-07T12:03:00,1.04129,1.04149,1.04129,1.04138,169.089999191463
2025-01-07T12:04:00,1.04138,1.04156,1.04138,1.04155,193.80999994278
2025-01-07T12:05:00,1.04155,1.04165,1.0415,1.04164,109.839999876916
2025-01-07T12:06:00,1.04165,1.04168,1.04159,1.0416,71.7299997806549
2025-01-07T12:07:00,1.0416,1.04168,1.04141,1.04141,149.339999012649
2025-01-07T12:08:00,1.04141,1.04143,1.04103,1.04109,255.689998619258
2025-01-07T12:09:00,1.04109,1.04111,1.04088,1.0409,120.539999186993
2025-01-07T12:10:00,1.04092,1.04111,1.04091,1.04105,163.319999456406
2025-01-07T12:11:00,1.04105,1.04124,1.04104,1.0412,148.409999072552
2025-01-07T12:12:00,1.04119,1.04129,1.04114,1.04129,140.159998595715
2025-01-07T12:13:00,1.0413,1.04134,1.04109,1.04114,158.879999816418
2025-01-07T12:14:00,1.04115,1.04115,1.04097,1.04097,164.550000995398
2025-01-07T12:15:00,1.04097,1.04097,1.04074,1.04075,287.129999481142
2025-01-07T12:16:00,1.04075,1.04077,1.04054,1.04075,288.689997062087
2025-01-07T12:17:00,1.04074,1.04074,1.0406,1.04071,344.679999053478
2025-01-07T12:18:00,1.04071,1.04089,1.0407,1.04088,350.209999680519
2025-01-07T12:19:00,1.04088,1.04126,1.04088,1.04114,155.759997837245
2025-01-07T12:20:00,1.04114,1.04123,1.04103,1.04111,356.859997831285
2025-01-07T12:21:00,1.04112,1.04113,1.04084,1.04087,347.400000154972
2025-01-07T12:22:00,1.04088,1.04088,1.04073,1.04078,390.239999115467
2025-01-07T12:23:00,1.04078,1.04082,1.04063,1.04063,241.950000010431
2025-01-07T12:24:00,1.04062,1.04067,1.04038,1.04054,324.270000398159
2025-01-07T12:25:00,1.04055,1.04078,1.04053,1.04069,174.059999287128
2025-01-07T12:26:00,1.0407,1.0407,1.04055,1.04056,155.909998767078
2025-01-07T12:27:00,1.04057,1.04079,1.04057,1.04078,273.26999682188
2025-01-07T12:28:00,1.04078,1.04078,1.04057,1.04059,257.939999759197
2025-01-07T12:29:00,1.04059,1.04062,1.04048,1.04053,360.56999861449
2025-01-07T12:30:00,1.04053,1.04057,1.04037,1.04038,369.119997017086
2025-01-07T12:31:00,1.0404,1.04042,1.04029,1.04029,240.299998879433
2025-01-07T12:32:00,1.04029,1.04042,1.04025,1.04033,223.289998888969
2025-01-07T12:33:00,1.04034,1.0405,1.04025,1.04026,200.3399996683
2025-01-07T12:34:00,1.04027,1.04034,1.04018,1.04019,237.599999189377
2025-01-07T12:35:00,1.04018,1.04054,1.04018,1.04053,449.009997606277
2025-01-07T12:36:00,1.04054,1.0406,1.04028,1.04028,396.619998157024
2025-01-07T12:37:00,1.04029,1.04032,1.04007,1.04007,261.379997491837
2025-01-07T12:38:00,1.0401,1.04016,1.03986,1.04,366.470001369715
2025-01-07T12:39:00,1.04,1.04038,1.04,1.04027,299.250000208616
2025-01-07T12:40:00,1.04028,1.04029,1.04012,1.04018,512.609994828701
2025-01-07T12:41:00,1.04018,1.0402,1.03988,1.03988,351.559996500611
2025-01-07T12:42:00,1.03989,1.03992,1.03941,1.03941,477.089997172356
2025-01-07T12:43:00,1.03941,1.03956,1.0392,1.03956,772.180001311004
2025-01-07T12:44:00,1.03956,1.03966,1.03938,1.03941,758.790001213551
2025-01-07T12:45:00,1.03941,1.03947,1.03936,1.03939,341.610000312328
2025-01-07T12:46:00,1.03939,1.03939,1.03902,1.03934,742.699996262789
2025-01-07T12:47:00,1.03934,1.03967,1.03925,1.03963,371.250000715256
2025-01-07T12:48:00,1.03963,1.03964,1.03949,1.03964,244.499998033047
2025-01-07T12:49:00,1.03963,1.03988,1.03962,1.03969,523.279996812344
2025-01-07T12:50:00,1.03969,1.03969,1.03955,1.03955,521.099994003773
2025-01-07T12:51:00,1.03954,1.03954,1.03924,1.03925,590.219998121262
2025-01-07T12:52:00,1.03924,1.03937,1.03919,1.0392,615.14999461174
2025-01-07T12:53:00,1.0392,1.03925,1.03899,1.03901,552.389996096492
2025-01-07T12:54:00,1.03902,1.03911,1.03892,1.03892,679.899996161461
2025-01-07T12:55:00,1.03892,1.03918,1.03871,1.03917,1636.74000400305
2025-01-07T12:56:00,1.03916,1.03935,1.03896,1.03904,1678.07000386715
2025-01-07T12:57:00,1.03905,1.03924,1.03897,1.03915,1425.97999799252
2025-01-07T12:58:00,1.03915,1.03915,1.03892,1.03893,1334.51999640465
2025-01-07T12:59:00,1.03895,1.03899,1.03883,1.03892,1337.13000118732
2025-01-07T13:00:00,1.03891,1.03904,1.03884,1.03896,1367.1900011301
2025-01-07T13:01:00,1.03896,1.03904,1.03891,1.03899,703.070000171661
2025-01-07T13:02:00,1.039,1.03907,1.03895,1.03903,320.849999248981
2025-01-07T13:03:00,1.03904,1.03922,1.03903,1.03921,384.300001502037
2025-01-07T13:04:00,1.03921,1.0393,1.03917,1.03929,213.770000100136
2025-01-07T13:05:00,1.0393,1.03932,1.03917,1.03917,292.950000822544
2025-01-07T13:06:00,1.03916,1.03927,1.03906,1.03913,551.869997322559
2025-01-07T13:07:00,1.03911,1.03926,1.03907,1.03925,200.249999642372
2025-01-07T13:08:00,1.03925,1.03927,1.03905,1.03907,118.799998998642
2025-01-07T13:09:00,1.03907,1.03937,1.03907,1.03933,184.169999115169
2025-01-07T13:10:00,1.03933,1.03958,1.03933,1.03956,85.0499990582466
2025-01-07T13:11:00,1.03956,1.03969,1.03955,1.03967,90.4499987363815
2025-01-07T13:12:00,1.03967,1.03972,1.03955,1.03972,176.94000005722
2025-01-07T13:13:00,1.03972,1.03976,1.03959,1.03973,223.34999859333
2025-01-07T13:14:00,1.03972,1.03973,1.03955,1.03964,169.35999917239
2025-01-07T13:15:00,1.03965,1.03969,1.03935,1.0394,216.869997248054
2025-01-07T13:16:00,1.03939,1.03977,1.03939,1.03977,272.189998611808
2025-01-07T13:17:00,1.03976,1.03978,1.03966,1.03973,161.129999212921
2025-01-07T13:18:00,1.03974,1.03994,1.03969,1.03994,69.7499994635582
2025-01-07T13:19:00,1.03993,1.04022,1.0398,1.04022,160.479997441173
2025-01-07T13:20:00,1.04021,1.04032,1.04012,1.04017,235.819995462894
2025-01-07T13:21:00,1.04018,1.04019,1.04001,1.04017,163.799997389317
2025-01-07T13:22:00,1.04017,1.04034,1.04016,1.04025,160.309997662902
2025-01-07T13:23:00,1.04025,1.04036,1.04014,1.04035,393.769999980927
2025-01-07T13:24:00,1.04034,1.04038,1.04022,1.04022,404.119996547699
2025-01-07T13:25:00,1.04022,1.04028,1.04014,1.04015,467.999997496605
2025-01-07T13:26:00,1.04014,1.04018,1.04002,1.04007,301.949999272823
2025-01-07T13:27:00,1.04008,1.04018,1.04008,1.04018,158.799998641014
2025-01-07T13:28:00,1.04019,1.04023,1.04018,1.04018,131.849998652935
2025-01-07T13:29:00,1.04016,1.04017,1.04012,1.04013,180.119996897876
2025-01-07T13:30:00,1.04014,1.04027,1.04006,1.04007,324.009994745255
2025-01-07T13:31:00,1.04009,1.04017,1.03998,1.04014,342.899999141693
2025-01-07T13:32:00,1.04014,1.04014,1.04,1.04006,355.699997544289
2025-01-07T13:33:00,1.04005,1.04005,1.03987,1.03987,278.549996316433
2025-01-07T13:34:00,1.03988,1.04007,1.03988,1.03996,275.509997367859
2025-01-07T13:35:00,1.03996,1.04009,1.03993,1.04007,136.349998354912
2025-01-07T13:36:00,1.04006,1.04052,1.04006,1.04043,328.049996912479
2025-01-07T13:37:00,1.04043,1.04045,1.04024,1.04042,326.249997973442
2025-01-07T13:38:00,1.04042,1.04044,1.04021,1.04021,300.599997878075
2025-01-07T13:39:00,1.04021,1.04025,1.03995,1.03999,347.129997730255
2025-01-07T13:40:00,1.03998,1.03998,1.03972,1.03976,525.189996540546
2025-01-07T13:41:00,1.03977,1.04001,1.03977,1.03991,233.639998614788
2025-01-07T13:42:00,1.03991,1.03991,1.03978,1.03978,333.559999197721
2025-01-07T13:43:00,1.03977,1.03977,1.03961,1.03966,339.659997940063
2025-01-07T13:44:00,1.03966,1.03968,1.03952,1.03956,398.699997901917
2025-01-07T13:45:00,1.03957,1.03962,1.03947,1.03947,222.299997270107
2025-01-07T13:46:00,1.0395,1.03957,1.03927,1.03928,206.669999532402
2025-01-07T13:47:00,1.03926,1.03931,1.03901,1.03902,181.699999213219
2025-01-07T13:48:00,1.03901,1.03901,1.03874,1.03874,255.420000493526
2025-01-07T13:49:00,1.03875,1.03891,1.03866,1.03882,271.119999289513
2025-01-07T13:50:00,1.03883,1.03923,1.03883,1.03921,175.199999034405
2025-01-07T13:51:00,1.03922,1.03937,1.03917,1.03927,423.699997596443
2025-01-07T13:52:00,1.03927,1.03929,1.03912,1.03917,393.179993733764
2025-01-07T13:53:00,1.03918,1.03931,1.03913,1.03916,407.269992560148
2025-01-07T13:54:00,1.03917,1.03937,1.03916,1.03929,391.049997866154
2025-01-07T13:55:00,1.0393,1.03931,1.03901,1.03904,281.429998278618
2025-01-07T13:56:00,1.03905,1.03925,1.03901,1.03919,321.299998760223
2025-01-07T13:57:00,1.03918,1.0392,1.03907,1.03909,247.949997961521
2025-01-07T13:58:00,1.03909,1.03951,1.03901,1.0395,344.699997246265
2025-01-07T13:59:00,1.03951,1.03969,1.03947,1.03965,446.120000302792
2025-01-07T14:00:00,1.03965,1.03969,1.03936,1.03938,287.66999977082
2025-01-07T14:01:00,1.03938,1.03951,1.03934,1.03939,275.310000181198
2025-01-07T14:02:00,1.03939,1.03942,1.03911,1.03919,348.609998643398
2025-01-07T14:03:00,1.03919,1.03948,1.03917,1.03943,347.90999840945
2025-01-07T14:04:00,1.03943,1.03961,1.03941,1.03952,392.00000166893
2025-01-07T14:05:00,1.03953,1.03953,1.03933,1.03949,430.22999894619
2025-01-07T14:06:00,1.03949,1.03949,1.03922,1.03945,365.960000269115
2025-01-07T14:07:00,1.03944,1.03954,1.03942,1.03947,467.630003929138
2025-01-07T14:08:00,1.03948,1.03961,1.03947,1.03953,249.780001401901
2025-01-07T14:09:00,1.03951,1.03951,1.03922,1.03926,432.420003205538
2025-01-07T14:10:00,1.03927,1.03952,1.03927,1.03946,528.600000023842
2025-01-07T14:11:00,1.03945,1.03945,1.03921,1.03922,419.639998555183
2025-01-07T14:12:00,1.03923,1.03948,1.03917,1.03947,477.179998457432
2025-01-07T14:13:00,1.03947,1.03953,1.03929,1.03936,420.159996807575
2025-01-07T14:14:00,1.03937,1.03937,1.03899,1.039,461.459996342659
2025-01-07T14:15:00,1.039,1.03931,1.03899,1.03927,560.699996232986
2025-01-07T14:16:00,1.03926,1.03928,1.03903,1.03912,412.219996213913
2025-01-07T14:17:00,1.03912,1.0393,1.03909,1.03914,467.049995064735
2025-01-07T14:18:00,1.03913,1.03932,1.03904,1.03908,409.529999963939
2025-01-07T14:19:00,1.03907,1.03907,1.03896,1.03898,303.159999489784
2025-01-07T14:20:00,1.03897,1.03912,1.03892,1.03895,495.069998264313
2025-01-07T14:21:00,1.03894,1.03924,1.03894,1.03918,491.259999632835
2025-01-07T14:22:00,1.03917,1.03937,1.03912,1.03936,378.389998793602
2025-01-07T14:23:00,1.03937,1.03942,1.03932,1.03937,521.419996976852
2025-01-07T14:24:00,1.03936,1.03946,1.03933,1.03941,494.619997553527
2025-01-07T14:25:00,1.03942,1.03967,1.03941,1.03942,397.170000486076
2025-01-07T14:26:00,1.03941,1.03942,1.03921,1.03925,361.010000348091
2025-01-07T14:27:00,1.03928,1.03937,1.03916,1.03927,312.859999418259
2025-01-07T14:28:00,1.03926,1.0394,1.03926,1.03933,244.309998989105
2025-01-07T14:29:00,1.03934,1.03955,1.03934,1.03954,331.730000607669
2025-01-07T14:30:00,1.03953,1.03969,1.03952,1.03961,596.579998970032
2025-01-07T14:31:00,1.03962,1.03971,1.03947,1.03961,527.769991457462
2025-01-07T14:32:00,1.03957,1.03968,1.03954,1.03954,452.259990632534
2025-01-07T14:33:00,1.03953,1.03966,1.03951,1.03961,478.27999162674
2025-01-07T14:34:00,1.03962,1.03967,1.03937,1.03941,342.559998735785
2025-01-07T14:35:00,1.03942,1.03948,1.03927,1.03932,394.569998145103
2025-01-07T14:36:00,1.03933,1.0394,1.03929,1.03929,333.319999039173
2025-01-07T14:37:00,1.0393,1.03935,1.03913,1.03927,547.949999392033
2025-01-07T14:38:00,1.03926,1.03929,1.0391,1.03927,524.860000908375
2025-01-07T14:39:00,1.03928,1.03932,1.03916,1.03919,582.530001521111
2025-01-07T14:40:00,1.0392,1.03946,1.0392,1.0393,407.460000596941
2025-01-07T14:41:00,1.03928,1.03949,1.03928,1.03947,385.449999988079
2025-01-07T14:42:00,1.03948,1.03949,1.03925,1.03926,416.249999217689
2025-01-07T14:43:00,1.03927,1.03932,1.03923,1.03932,460.789998590946
2025-01-07T14:44:00,1.03931,1.03946,1.03921,1.03925,453.860000781715
2025-01-07T14:45:00,1.03926,1.03938,1.0392,1.03936,572.309995472431
2025-01-07T14:46:00,1.03937,1.03967,1.03937,1.03967,316.979993581772
2025-01-07T14:47:00,1.03966,1.03966,1.03955,1.03961,505.839998722076
2025-01-07T14:48:00,1.03962,1.03975,1.03943,1.03947,528.879994809628
2025-01-07T14:49:00,1.03946,1.03948,1.03927,1.03935,433.419997572899
2025-01-07T14:50:00,1.03935,1.03937,1.03923,1.03928,455.599998235703
2025-01-07T14:51:00,1.03926,1.03937,1.03926,1.03929,232.859998635948
2025-01-07T14:52:00,1.03928,1.03928,1.03915,1.03928,220.499998450279
2025-01-07T14:53:00,1.03927,1.03931,1.03918,1.03921,365.959996402264
2025-01-07T14:54:00,1.03922,1.0393,1.03922,1.03927,255.599999904633
2025-01-07T14:55:00,1.03927,1.03955,1.03926,1.03934,456.699998140335
2025-01-07T14:56:00,1.03934,1.03944,1.03928,1.03937,311.84999781847
2025-01-07T14:57:00,1.03937,1.03943,1.0392,1.03922,148.289998710155
2025-01-07T14:58:00,1.03923,1.03927,1.03911,1.03913,310.029997944832
2025-01-07T14:59:00,1.03914,1.0393,1.03914,1.03925,367.569997996092
2025-01-07T15:00:00,1.03929,1.03929,1.03721,1.03734,1015.09999296069
2025-01-07T15:01:00,1.03733,1.03737,1.03665,1.03674,865.679990828037
2025-01-07T15:02:00,1.03676,1.03684,1.03644,1.03673,1004.89999723434
2025-01-07T15:03:00,1.03676,1.03718,1.0364,1.03718,1135.79999637604
2025-01-07T15:04:00,1.0372,1.0372,1.03654,1.03661,931.549994982779
2025-01-07T15:05:00,1.03662,1.03662,1.03632,1.03654,1053.58999139071
2025-01-07T15:06:00,1.03655,1.03683,1.03643,1.03676,899.099991381168
2025-01-07T15:07:00,1.03675,1.0369,1.03612,1.03622,923.369991950691
2025-01-07T15:08:00,1.03622,1.03635,1.03599,1.03615,1324.07998742163
2025-01-07T15:09:00,1.03616,1.03625,1.03599,1.036,883.109994582832
2025-01-07T15:10:00,1.03601,1.03636,1.03587,1.03635,1033.16999566555
2025-01-07T15:11:00,1.03634,1.03673,1.03624,1.03637,1131.92999190092
2025-01-07T15:12:00,1.03638,1.03672,1.03627,1.03666,885.359994582832
2025-01-07T15:13:00,1.03666,1.0367,1.0364,1.03655,1013.9399882555
2025-01-07T15:14:00,1.03655,1.03681,1.03649,1.03681,996.119992852211
2025-01-07T15:15:00,1.03679,1.03683,1.03649,1.03662,1285.32999438047
2025-01-07T15:16:00,1.03662,1.03686,1.03661,1.03682,953.099995434284
2025-01-07T15:17:00,1.03682,1.03706,1.03671,1.03682,1704.60000425577
2025-01-07T15:18:00,1.03682,1.03715,1.03676,1.03712,1211.16000650823
2025-01-07T15:19:00,1.03713,1.03744,1.03713,1.0373,1021.98000022769
2025-01-07T15:20:00,1.03731,1.0379,1.03727,1.03762,1138.2299888134
2025-01-07T15:21:00,1.0376,1.03768,1.03747,1.03747,683.099992632866
2025-01-07T15:22:00,1.03747,1.03764,1.03731,1.03748,881.059992790222
2025-01-07T15:23:00,1.03749,1.03754,1.03733,1.03741,662.419995635748
2025-01-07T15:24:00,1.03742,1.03756,1.03726,1.03737,830.879992574453
2025-01-07T15:25:00,1.03738,1.03794,1.03738,1.03786,950.639989182353
2025-01-07T15:26:00,1.03785,1.03787,1.03777,1.03783,578.369996547699
2025-01-07T15:27:00,1.03783,1.03804,1.03776,1.03801,390.169996380806
2025-01-07T15:28:00,1.03803,1.03803,1.03776,1.03786,461.879995882511
2025-01-07T15:29:00,1.03787,1.038,1.0378,1.03791,614.339996814728
2025-01-07T15:30:00,1.03792,1.03806,1.03783,1.03783,732.259991705418
2025-01-07T15:31:00,1.03784,1.03792,1.03762,1.03782,561.189995348454
2025-01-07T15:32:00,1.03781,1.03795,1.03755,1.03757,776.33999145031
2025-01-07T15:33:00,1.03756,1.03757,1.0373,1.03752,713.699991285801
2025-01-07T15:34:00,1.03753,1.03761,1.03734,1.03748,805.269994974136
2025-01-07T15:35:00,1.03749,1.03777,1.03748,1.03773,725.969994001091
2025-01-07T15:36:00,1.03774,1.03781,1.0376,1.03775,736.799991667271
2025-01-07T15:37:00,1.03774,1.03779,1.03769,1.03769,426.909999132156
2025-01-07T15:38:00,1.03769,1.03769,1.03691,1.03691,946.279993534088
2025-01-07T15:39:00,1.03691,1.03695,1.03666,1.0369,890.439989596605
2025-01-07T15:40:00,1.0369,1.03712,1.03679,1.03685,924.989988312125
2025-01-07T15:41:00,1.03684,1.03689,1.03661,1.03661,974.329992473125
2025-01-07T15:42:00,1.03661,1.03672,1.03641,1.03656,1357.01999926567
2025-01-07T15:43:00,1.03656,1.03668,1.03645,1.03666,889.649993181229
2025-01-07T15:44:00,1.03665,1.03677,1.03633,1.03638,796.179990231991
2025-01-07T15:45:00,1.03637,1.0364,1.03572,1.03593,1022.9599917531
2025-01-07T15:46:00,1.03593,1.03613,1.03572,1.03596,969.509993426502
2025-01-07T15:47:00,1.03595,1.03598,1.03551,1.03572,1061.72998597473
2025-01-07T15:48:00,1.03571,1.03628,1.03571,1.03622,1086.99998492002
2025-01-07T15:49:00,1.03623,1.03642,1.0362,1.03637,949.889982268214
2025-01-07T15:50:00,1.03638,1.03698,1.03629,1.03697,979.099990367889
2025-01-07T15:51:00,1.03696,1.03711,1.03687,1.03689,980.2999958992
2025-01-07T15:52:00,1.03689,1.03706,1.03664,1.03697,593.50999301672
2025-01-07T15:53:00,1.03698,1.03704,1.03686,1.03687,389.419993147254
2025-01-07T15:54:00,1.03687,1.037,1.03678,1.03687,515.529993236065
2025-01-07T15:55:00,1.03687,1.03694,1.03652,1.03693,1345.17000728846
2025-01-07T15:56:00,1.03694,1.03708,1.03678,1.03693,1151.65999540687
2025-01-07T15:57:00,1.03693,1.03693,1.03664,1.03693,905.020000085235
2025-01-07T15:58:00,1.03693,1.03701,1.03685,1.03696,762.389996886253
2025-01-07T15:59:00,1.03697,1.03733,1.03691,1.03727,776.189999215305
2025-01-07T16:00:00,1.03727,1.03737,1.03712,1.03726,862.129994854331
2025-01-07T16:01:00,1.03729,1.03747,1.03729,1.03729,727.009983710945
2025-01-07T16:02:00,1.03731,1.03748,1.03721,1.03739,593.149986326694
2025-01-07T16:03:00,1.0374,1.03749,1.03723,1.03724,405.299987614155
2025-01-07T16:04:00,1.03724,1.03724,1.03693,1.03709,363.459991328418
2025-01-07T16:05:00,1.03709,1.03723,1.0368,1.03691,433.129994958639
2025-01-07T16:06:00,1.0369,1.03742,1.03688,1.03737,670.989985704422
2025-01-07T16:07:00,1.03737,1.03737,1.03696,1.03696,393.549991130829
2025-01-07T16:08:00,1.03697,1.03722,1.03697,1.03712,509.01999104023
2025-01-07T16:09:00,1.03712,1.03737,1.03692,1.03695,732.719986908138
2025-01-07T16:10:00,1.03695,1.03695,1.03646,1.03661,751.57999330759
2025-01-07T16:11:00,1.03662,1.03682,1.03658,1.03678,767.69999819994
2025-01-07T16:12:00,1.03681,1.03709,1.03671,1.03694,1116.00000655651
2025-01-07T16:13:00,1.03693,1.03711,1.03676,1.03703,823.049987435341
2025-01-07T16:14:00,1.03702,1.0371,1.03644,1.03645,1220.53999470919
2025-01-07T16:15:00,1.03646,1.0366,1.03636,1.03647,1163.27000027895
2025-01-07T16:16:00,1.03646,1.03687,1.03641,1.03682,932.890007078648
2025-01-07T16:17:00,1.03681,1.03696,1.03676,1.03693,479.329999506474
2025-01-07T16:18:00,1.03692,1.03708,1.03689,1.03708,234.160000383854
2025-01-07T16:19:00,1.03709,1.03728,1.037,1.03706,395.490002021194
2025-01-07T16:20:00,1.03705,1.03716,1.03701,1.03712,512.800000600517
2025-01-07T16:21:00,1.03709,1.03711,1.03689,1.03693,607.010000288486
2025-01-07T16:22:00,1.03692,1.03704,1.03689,1.03699,247.499998271465
2025-01-07T16:23:00,1.03698,1.03698,1.03665,1.03667,459.040001988411
2025-01-07T16:24:00,1.03667,1.03667,1.03655,1.03661,621.960001885891
2025-01-07T16:25:00,1.0366,1.03667,1.03646,1.03659,733.730001449585
2025-01-07T16:26:00,1.03658,1.03675,1.03651,1.03658,349.210000097752
2025-01-07T16:27:00,1.03657,1.03661,1.03646,1.03652,123.299999296665
2025-01-07T16:28:00,1.03653,1.0366,1.03642,1.03656,324.089999318123
2025-01-07T16:29:00,1.03657,1.03667,1.03654,1.03662,375.539998888969
2025-01-07T16:30:00,1.03661,1.03667,1.03641,1.03646,158.419997870922
2025-01-07T16:31:00,1.03644,1.03796,1.03637,1.03758,714.779995828867
2025-01-07T16:32:00,1.03754,1.03811,1.03706,1.03708,662.989993527532
2025-01-07T16:33:00,1.0371,1.03721,1.0367,1.03673,799.439998194575
2025-01-07T16:34:00,1.03673,1.03693,1.03671,1.03674,272.869995236397
2025-01-07T16:35:00,1.03675,1.0368,1.03669,1.03673,168.289997696877
2025-01-07T16:36:00,1.03674,1.03675,1.03653,1.03654,155.060000315309
2025-01-07T16:37:00,1.03655,1.03659,1.03625,1.03635,417.909997224808
2025-01-07T16:38:00,1.03634,1.03678,1.03631,1.03672,236.249998271465
2025-01-07T16:39:00,1.03673,1.0375,1.03673,1.03745,282.149996817112
2025-01-07T16:40:00,1.03747,1.03751,1.03735,1.03747,241.859996668994
2025-01-07T16:41:00,1.03746,1.03747,1.03712,1.03721,338.669997788966
2025-01-07T16:42:00,1.03719,1.03728,1.03715,1.03725,179.340000629425
2025-01-07T16:43:00,1.03726,1.0377,1.03709,1.03765,403.69000017643
2025-01-07T16:44:00,1.03763,1.03766,1.03732,1.0376,356.539997808635
2025-01-07T16:45:00,1.03761,1.0377,1.03745,1.03745,175.159998238087
2025-01-07T16:46:00,1.03744,1.0375,1.03731,1.03745,194.039999485016
2025-01-07T16:47:00,1.03746,1.03754,1.03716,1.03752,388.920001626015
2025-01-07T16:48:00,1.03753,1.03772,1.03753,1.03768,137.699997782707
2025-01-07T16:49:00,1.0377,1.0377,1.03687,1.03704,430.109996840358
2025-01-07T16:50:00,1.03705,1.03716,1.03693,1.03701,214.679998271167
2025-01-07T16:51:00,1.037,1.037,1.03641,1.03644,411.740000903606
2025-01-07T16:52:00,1.03644,1.03666,1.03631,1.0366,244.549995779991
2025-01-07T16:53:00,1.03661,1.03686,1.0366,1.03663,156.14999717474
2025-01-07T16:54:00,1.03663,1.03664,1.03639,1.03647,215.219998650253
2025-01-07T16:55:00,1.0365,1.03679,1.0365,1.03667,175.249997794628
2025-01-07T16:56:00,1.03667,1.03682,1.03664,1.03676,127.819998383522
2025-01-07T16:57:00,1.03677,1.03684,1.03636,1.03641,226.79999768734
2025-01-07T16:58:00,1.0364,1.03665,1.0364,1.03659,231.749998271465
2025-01-07T16:59:00,1.0366,1.03682,1.0366,1.03681,127.349998891354
2025-01-07T17:00:00,1.03681,1.03719,1.03674,1.03704,255.359997935593
2025-01-07T17:01:00,1.03705,1.03723,1.03705,1.03719,195.749996304512
2025-01-07T17:02:00,1.03721,1.03722,1.03691,1.03692,295.199996568263
2025-01-07T17:03:00,1.03693,1.03715,1.03692,1.03701,228.629998773336
2025-01-07T17:04:00,1.03702,1.0371,1.03686,1.03688,176.339999586344
2025-01-07T17:05:00,1.03689,1.03698,1.0368,1.03697,160.919998526573
2025-01-07T17:06:00,1.037,1.03711,1.03678,1.0368,157.519998691976
2025-01-07T17:07:00,1.0368,1.0368,1.03651,1.03651,202.229999482632
2025-01-07T17:08:00,1.03652,1.03675,1.03638,1.03664,226.619996726513
2025-01-07T17:09:00,1.03666,1.03666,1.03653,1.03656,222.929997563362
2025-01-07T17:10:00,1.03657,1.03659,1.03615,1.03621,428.54999666661
2025-01-07T17:11:00,1.03621,1.03643,1.0362,1.03643,193.949997067451
2025-01-07T17:12:00,1.03641,1.03649,1.03616,1.0364,327.399999134243
2025-01-07T17:13:00,1.03641,1.0366,1.03636,1.03648,166.619999460876
2025-01-07T17:14:00,1.03648,1.03651,1.03626,1.0363,295.84999858588
2025-01-07T17:15:00,1.0363,1.03686,1.03629,1.03686,131.849998056889
2025-01-07T17:16:00,1.03686,1.0372,1.03686,1.037,241.199998021126
2025-01-07T17:17:00,1.037,1.0372,1.0369,1.03717,177.609997570515
2025-01-07T17:18:00,1.03719,1.03732,1.03716,1.0372,140.079998791218
2025-01-07T17:19:00,1.03719,1.03735,1.03711,1.03713,102.689997851849
2025-01-07T17:20:00,1.03714,1.03714,1.03673,1.03675,185.239999614656
2025-01-07T17:21:00,1.03674,1.03675,1.03656,1.03666,233.61999963969
2025-01-07T17:22:00,1.03666,1.03686,1.03622,1.03622,296.5499984622
2025-01-07T17:23:00,1.0362,1.03626,1.03537,1.03625,764.929997622967
2025-01-07T17:24:00,1.03626,1.03666,1.0362,1.03662,216.089997589588
2025-01-07T17:25:00,1.03662,1.03672,1.0365,1.03659,213.119998276234
2025-01-07T17:26:00,1.03658,1.03662,1.03648,1.03656,182.189998738468
2025-01-07T17:27:00,1.03657,1.03676,1.03655,1.03676,170.849997274578
2025-01-07T17:28:00,1.03676,1.0368,1.03657,1.03669,197.999996840954
2025-01-07T17:29:00,1.03668,1.03693,1.03665,1.0369,172.019997529685
2025-01-07T17:30:00,1.0369,1.0371,1.0369,1.03702,216.809999138117
2025-01-07T17:31:00,1.03701,1.03719,1.03698,1.03717,80.4999987483025
2025-01-07T17:32:00,1.03719,1.03738,1.03711,1.03711,123.299998760223
2025-01-07T17:33:00,1.03711,1.03733,1.03706,1.03724,176.639997817576
2025-01-07T17:34:00,1.03725,1.03734,1.0369,1.03699,349.320000045002
2025-01-07T17:35:00,1.03696,1.03696,1.03655,1.03674,257.789999604225
2025-01-07T17:36:00,1.03673,1.0369,1.03666,1.0369,129.5999994874
2025-01-07T17:37:00,1.03691,1.03706,1.0368,1.0368,125.549998998642
2025-01-07T17:38:00,1.0368,1.03699,1.0367,1.03697,154.109997145832
2025-01-07T17:39:00,1.03698,1.03704,1.03695,1.03696,96.7499980926514
2025-01-07T17:40:00,1.03695,1.03695,1.03671,1.03687,169.649997532368
2025-01-07T17:41:00,1.03687,1.03692,1.03652,1.03658,134.999997794628
2025-01-07T17:42:00,1.03658,1.03668,1.03657,1.03661,124.649998307228
2025-01-07T17:43:00,1.03661,1.03669,1.03659,1.03667,81.5699983164668
2025-01-07T17:44:00,1.03669,1.03669,1.03642,1.03651,115.859998874366
2025-01-07T17:45:00,1.03651,1.03651,1.03618,1.03618,179.809997603297
2025-01-07T17:46:00,1.03618,1.03636,1.03615,1.03626,106.199997782707
2025-01-07T17:47:00,1.03627,1.0363,1.03617,1.03628,70.7699998542666
2025-01-07T17:48:00,1.03629,1.03634,1.03621,1.03628,130.139998793602
2025-01-07T17:49:00,1.0363,1.03652,1.0363,1.03647,101.699998736382
2025-01-07T17:50:00,1.0365,1.03662,1.03646,1.03649,153.449997544289
2025-01-07T17:51:00,1.0365,1.03655,1.03634,1.03643,144.539997637272
2025-01-07T17:52:00,1.03644,1.03646,1.0363,1.03637,147.009998947382
2025-01-07T17:53:00,1.03636,1.03655,1.03631,1.03655,94.6099992990494
2025-01-07T17:54:00,1.03654,1.03667,1.03642,1.03653,96.7499991059303
2025-01-07T17:55:00,1.03653,1.03656,1.03639,1.03639,145.470000438392
2025-01-07T17:56:00,1.0364,1.03666,1.03639,1.03665,106.179999023676
2025-01-07T17:57:00,1.03665,1.0367,1.03662,1.03666,55.3500000238419
2025-01-07T17:58:00,1.03668,1.03678,1.03668,1.03677,51.1199990510941
2025-01-07T17:59:00,1.03678,1.03689,1.03667,1.03667,145.729999899864
2025-01-07T18:00:00,1.03666,1.0367,1.03649,1.03658,144.71999925375
2025-01-07T18:01:00,1.03656,1.03674,1.03656,1.0366,189.119999520481
2025-01-07T18:02:00,1.0366,1.03688,1.03656,1.03681,336.329999499023
2025-01-07T18:03:00,1.03682,1.03691,1.03679,1.03691,76.9499995112419
2025-01-07T18:04:00,1.03692,1.03692,1.0366,1.03668,214.550000995398
2025-01-07T18:05:00,1.0367,1.03685,1.03661,1.03661,195.749999284744
2025-01-07T18:06:00,1.03664,1.03673,1.03645,1.03648,134.930000185966
2025-01-07T18:07:00,1.03648,1.03648,1.03631,1.0364,213.270000219345
2025-01-07T18:08:00,1.03641,1.03642,1.03632,1.03632,196.329999983311
2025-01-07T18:09:00,1.03633,1.03638,1.03609,1.03611,175.650000393391
2025-01-07T18:10:00,1.0361,1.03615,1.03597,1.03602,118.350000619888
2025-01-07T18:11:00,1.03601,1.03605,1.03592,1.03603,152.589999437332
2025-01-07T18:12:00,1.03602,1.03611,1.03599,1.03607,129.549999088049
2025-01-07T18:13:00,1.03608,1.03612,1.03565,1.03583,178.359999284148
2025-01-07T18:14:00,1.03583,1.03612,1.03583,1.03601,350.999999463558
2025-01-07T18:15:00,1.03602,1.03607,1.03596,1.03606,492.749999642372
2025-01-07T18:16:00,1.03608,1.0364,1.03604,1.0364,397.800000548363
2025-01-07T18:17:00,1.0364,1.0366,1.03638,1.03658,241.199999094009
2025-01-07T18:18:00,1.0366,1.03679,1.0366,1.03676,127.799999594688
2025-01-07T18:19:00,1.03677,1.03684,1.03668,1.03674,211.950000047684
2025-01-07T18:20:00,1.03675,1.03685,1.03669,1.03669,78.5599990934134
2025-01-07T18:21:00,1.03669,1.03678,1.03666,1.03671,102.269998781383
2025-01-07T18:22:00,1.03673,1.03676,1.03641,1.03645,207.509998857975
2025-01-07T18:23:00,1.03648,1.03652,1.03626,1.03626,158.230000838637
2025-01-07T18:24:00,1.03625,1.03635,1.03617,1.03626,151.450000785291
2025-01-07T18:25:00,1.03625,1.03625,1.03596,1.0362,220.590000256896
2025-01-07T18:26:00,1.03619,1.03627,1.03611,1.03611,121.180001020432
2025-01-07T18:27:00,1.0361,1.03619,1.0361,1.03617,77.8700001835823
2025-01-07T18:28:00,1.03616,1.03628,1.03615,1.0362,95.0399996042252
2025-01-07T18:29:00,1.03619,1.03619,1.03605,1.0361,154.389999687672
2025-01-07T18:30:00,1.0361,1.0361,1.03571,1.03575,196.769999675453
2025-01-07T18:31:00,1.03573,1.0359,1.03572,1.0359,146.249999463558
2025-01-07T18:32:00,1.03588,1.03594,1.03577,1.0358,179.590000092983
2025-01-07T18:33:00,1.0358,1.03595,1.03576,1.03581,127.859999775887
2025-01-07T18:34:00,1.03583,1.0359,1.03574,1.03579,130.339999079704
2025-01-07T18:35:00,1.03579,1.03585,1.03561,1.03572,298.830000221729
2025-01-07T18:36:00,1.03574,1.0358,1.0357,1.03571,168.409999355674
2025-01-07T18:37:00,1.0357,1.03575,1.03545,1.0355,212.460000574589
2025-01-07T18:38:00,1.03549,1.03575,1.03549,1.03569,113.849999964237
2025-01-07T18:39:00,1.0357,1.03577,1.0357,1.03577,67.0499995350838
2025-01-07T18:40:00,1.03578,1.03579,1.03555,1.03557,55.3499989509583
2025-01-07T18:41:00,1.03556,1.03559,1.03531,1.03532,51.7499994039536
2025-01-07T18:42:00,1.03531,1.0354,1.03524,1.0353,186.510001532733
2025-01-07T18:43:00,1.03531,1.03545,1.03521,1.03521,97.8599994704127
2025-01-07T18:44:00,1.03521,1.03528,1.03517,1.03521,174.329999268055
2025-01-07T18:45:00,1.0352,1.03547,1.0352,1.03542,163.110000304878
2025-01-07T18:46:00,1.03541,1.03545,1.03526,1.0353,69.749999165535
2025-01-07T18:47:00,1.03531,1.03539,1.03522,1.03522,49.5899993181229
2025-01-07T18:48:00,1.03524,1.03525,1.03511,1.03513,76.1399995088577
2025-01-07T18:49:00,1.03512,1.03526,1.03504,1.03526,146.250000059605
2025-01-07T18:50:00,1.03529,1.03535,1.03514,1.03518,106.650000452995
2025-01-07T18:51:00,1.03519,1.03541,1.03519,1.03538,51.2999996542931
2025-01-07T18:52:00,1.03539,1.03551,1.03538,1.03546,64.8199989795685
2025-01-07T18:53:00,1.03545,1.03545,1.03528,1.0353,129.149999916553
2025-01-07T18:54:00,1.0353,1.03536,1.0352,1.03536,79.7099998518825
2025-01-07T18:55:00,1.03536,1.03538,1.03535,1.03536,72.5399994850159
2025-01-07T18:56:00,1.03535,1.03539,1.03493,1.03495,298.799999237061
2025-01-07T18:57:00,1.03498,1.03521,1.03498,1.03521,84.1500001549721
2025-01-07T18:58:00,1.03521,1.03554,1.03521,1.03541,348.389999210835
2025-01-07T18:59:00,1.0354,1.03552,1.03539,1.03543,248.489998877048
2025-01-07T19:00:00,1.03543,1.03545,1.03527,1.03528,212.399998486042
2025-01-07T19:01:00,1.03529,1.03553,1.03528,1.03552,104.399998366833
2025-01-07T19:02:00,1.03552,1.03584,1.03552,1.03583,125.669997565448
2025-01-07T19:03:00,1.03582,1.03587,1.03569,1.03582,173.249999046326
2025-01-07T19:04:00,1.03581,1.03582,1.03573,1.03579,87.7899997234344
2025-01-07T19:05:00,1.03578,1.03579,1.03567,1.03575,213.050000786781
2025-01-07T19:06:00,1.03576,1.03578,1.03565,1.03567,195.160000860691
2025-01-07T19:07:00,1.03566,1.03569,1.03551,1.03555,279.039998412132
2025-01-07T19:08:00,1.03555,1.03565,1.03555,1.0356,58.5899991393089
2025-01-07T19:09:00,1.03561,1.0358,1.03561,1.03574,44.0999999046326
2025-01-07T19:10:00,1.03575,1.03575,1.03561,1.03573,141.049999594688
2025-01-07T19:11:00,1.03574,1.03578,1.03562,1.03562,80.5499999523163
2025-01-07T19:12:00,1.03563,1.03564,1.03555,1.03558,84.8199989795685
2025-01-07T19:13:00,1.0356,1.03566,1.03555,1.0356,76.969998717308
2025-01-07T19:14:00,1.0356,1.0356,1.03549,1.03549,40.7699997425079
2025-01-07T19:15:00,1.0355,1.03552,1.03524,1.03524,110.699999928474
2025-01-07T19:16:00,1.03523,1.03537,1.0352,1.03537,103.049998164177
2025-01-07T19:17:00,1.03537,1.03551,1.03537,1.03551,71.5499986410141
2025-01-07T19:18:00,1.03551,1.03552,1.03547,1.03548,62.5499982237816
2025-01-07T19:19:00,1.03549,1.03567,1.03549,1.03557,59.399999320507
2025-01-07T19:20:00,1.03555,1.0356,1.03545,1.03546,155.719999969006
2025-01-07T19:21:00,1.03545,1.03556,1.03545,1.03553,27.4499999284744
2025-01-07T19:22:00,1.03554,1.03567,1.03552,1.03563,52.200000166893
2025-01-07T19:23:00,1.03564,1.03566,1.0355,1.03551,59.3999994397163
2025-01-07T19:24:00,1.03554,1.03559,1.03552,1.03555,19.3499997854233
2025-01-07T19:25:00,1.03556,1.03574,1.03556,1.03561,58.9499988555908
2025-01-07T19:26:00,1.03564,1.03566,1.03557,1.03557,31.2599996253848
2025-01-07T19:27:00,1.03556,1.03566,1.03556,1.03565,37.3499991297722
2025-01-07T19:28:00,1.03565,1.0357,1.03562,1.03567,45.8999992609024
2025-01-07T19:29:00,1.03567,1.03575,1.03567,1.03575,44.9999999403954
2025-01-07T19:30:00,1.03575,1.03577,1.03561,1.03561,43.4699994921684
2025-01-07T19:31:00,1.03562,1.03565,1.03554,1.03559,83.2500003576279
2025-01-07T19:32:00,1.03555,1.03566,1.03554,1.03566,165.599999606609
2025-01-07T19:33:00,1.03566,1.03566,1.03559,1.03564,47.6999990940094
2025-01-07T19:34:00,1.03567,1.03567,1.03557,1.0356,45.4499988555908
2025-01-07T19:35:00,1.03561,1.03568,1.03561,1.03562,224.999998807907
2025-01-07T19:36:00,1.03563,1.03563,1.03556,1.03556,102.599999189377
2025-01-07T19:37:00,1.03556,1.03558,1.03556,1.03557,125.999999284744
2025-01-07T19:38:00,1.03556,1.03556,1.0354,1.03553,250.199998259544
2025-01-07T19:39:00,1.03551,1.03552,1.03542,1.03547,146.489999160171
2025-01-07T19:40:00,1.03546,1.03547,1.03532,1.03537,113.939999341965
2025-01-07T19:41:00,1.03538,1.03552,1.03534,1.03552,208.889998793602
2025-01-07T19:42:00,1.03552,1.03558,1.03538,1.03551,206.549999475479
2025-01-07T19:43:00,1.0355,1.03581,1.0355,1.0358,191.699997782707
2025-01-07T19:44:00,1.03579,1.03588,1.03578,1.03587,353.249998688698
2025-01-07T19:45:00,1.03587,1.03593,1.03582,1.03585,88.7399991750717
2025-01-07T19:46:00,1.03584,1.03593,1.03581,1.03587,247.499997854233
2025-01-07T19:47:00,1.03588,1.03596,1.03577,1.03578,140.399998366833
2025-01-07T19:48:00,1.03579,1.03585,1.03577,1.03582,178.649997055531
2025-01-07T19:49:00,1.03583,1.03583,1.03575,1.03578,136.799997329712
2025-01-07T19:50:00,1.03578,1.0359,1.03575,1.03578,236.24999409914
2025-01-07T19:51:00,1.03577,1.03588,1.03577,1.03587,100.569998264313
2025-01-07T19:52:00,1.03587,1.03588,1.03572,1.03575,108.449999153614
2025-01-07T19:53:00,1.03576,1.0358,1.03575,1.03579,176.759999155998
2025-01-07T19:54:00,1.0358,1.03586,1.03579,1.03583,67.0499987602234
2025-01-07T19:55:00,1.03583,1.03583,1.03561,1.03563,150.279998660088
2025-01-07T19:56:00,1.03563,1.03563,1.0355,1.03551,133.629998683929
2025-01-07T19:57:00,1.03551,1.03557,1.03543,1.03557,301.969996750355
2025-01-07T19:58:00,1.03556,1.03556,1.03541,1.03541,178.279997974634
2025-01-07T19:59:00,1.03542,1.0356,1.03537,1.03551,299.340001285076
2025-01-07T20:00:00,1.0355,1.03556,1.03541,1.03545,220.610001266003
2025-01-07T20:01:00,1.03546,1.03556,1.03536,1.03552,246.24000108242
2025-01-07T20:02:00,1.03551,1.0356,1.03549,1.03553,256.049999713898
2025-01-07T20:03:00,1.03553,1.03555,1.03537,1.03553,255.189997553825
2025-01-07T20:04:00,1.03553,1.03553,1.03525,1.03525,277.19999808073
2025-01-07T20:05:00,1.03527,1.03527,1.03515,1.03524,169.649998724461
2025-01-07T20:06:00,1.03523,1.03529,1.0352,1.03522,162.44000017643
2025-01-07T20:07:00,1.03521,1.03526,1.03515,1.03522,74.369998626411
2025-01-07T20:08:00,1.03521,1.03521,1.03512,1.03512,56.2499994635582
2025-01-07T20:09:00,1.03513,1.03513,1.03506,1.03506,44.6000001430511
2025-01-07T20:10:00,1.03505,1.03511,1.03501,1.03503,157.589998245239
2025-01-07T20:11:00,1.03502,1.03507,1.03495,1.03495,204.839999377728
2025-01-07T20:12:00,1.03495,1.03495,1.0349,1.03492,201.489998549223
2025-01-07T20:13:00,1.03491,1.03493,1.03485,1.03487,164.529998414218
2025-01-07T20:14:00,1.03486,1.03506,1.03486,1.03502,194.399997472763
2025-01-07T20:15:00,1.03503,1.03506,1.03501,1.03501,36.4499994516373
2025-01-07T20:16:00,1.03502,1.03502,1.03494,1.03495,104.399998128414
2025-01-07T20:17:00,1.03495,1.03497,1.03495,1.03495,38.6999993920326
2025-01-07T20:18:00,1.03495,1.03506,1.03488,1.035,220.680001378059
2025-01-07T20:19:00,1.03501,1.03506,1.035,1.03503,207.449997186661
2025-01-07T20:20:00,1.03504,1.03505,1.03496,1.03501,94.5799987316132
2025-01-07T20:21:00,1.03501,1.03501,1.03496,1.03501,46.3399991989136
2025-01-07T20:22:00,1.03501,1.03501,1.03485,1.03488,89.370000064373
2025-01-07T20:23:00,1.0349,1.03495,1.03485,1.03495,173.449998483062
2025-01-07T20:24:00,1.03494,1.03505,1.0349,1.0349,233.549998402596
2025-01-07T20:25:00,1.03487,1.03489,1.03481,1.03482,215.099998831749
2025-01-07T20:26:00,1.03482,1.03482,1.03465,1.03475,327.59999614954
2025-01-07T20:27:00,1.03476,1.03481,1.03472,1.0348,121.519998669624
2025-01-07T20:28:00,1.0348,1.03483,1.03474,1.03475,79.1999990940094
2025-01-07T20:29:00,1.03475,1.03476,1.03472,1.03475,121.499999046326
2025-01-07T20:30:00,1.03476,1.0348,1.03463,1.03465,125.189998984337
2025-01-07T20:31:00,1.03466,1.03474,1.03465,1.0347,116.639999985695
2025-01-07T20:32:00,1.0347,1.03474,1.03465,1.03466,171.899998486042
2025-01-07T20:33:00,1.03466,1.03466,1.03455,1.03462,214.64999973774
2025-01-07T20:34:00,1.03461,1.03466,1.03454,1.03464,134.009999811649
2025-01-07T20:35:00,1.03465,1.03466,1.03453,1.03453,81.450000166893
2025-01-07T20:36:00,1.03455,1.03462,1.03449,1.03451,262.799999475479
2025-01-07T20:37:00,1.0345,1.03458,1.03449,1.03451,310.950000047684
2025-01-07T20:38:00,1.03451,1.03459,1.03449,1.03459,203.399998128414
2025-01-07T20:39:00,1.03459,1.03465,1.03457,1.03463,237.04999768734
2025-01-07T20:40:00,1.03463,1.03474,1.03461,1.03464,360.899997353554
2025-01-07T20:41:00,1.03465,1.03476,1.03465,1.03476,282.059997320175
2025-01-07T20:42:00,1.03475,1.03479,1.03471,1.03473,112.589999318123
2025-01-07T20:43:00,1.03472,1.03475,1.03466,1.03471,238.04999935627
2025-01-07T20:44:00,1.0347,1.0347,1.03456,1.03457,262.889999866486
2025-01-07T20:45:00,1.03456,1.03456,1.0345,1.03451,220.049997508526
2025-01-07T20:46:00,1.03452,1.03457,1.03451,1.03456,104.399999976158
2025-01-07T20:47:00,1.03455,1.03458,1.03453,1.03457,95.4000002145767
2025-01-07T20:48:00,1.03457,1.03461,1.03454,1.03457,130.049999833107
2025-01-07T20:49:00,1.03458,1.03465,1.03455,1.03462,103.049999713898
2025-01-07T20:50:00,1.03463,1.0347,1.03463,1.03464,119.249999701977
2025-01-07T20:51:00,1.03464,1.03465,1.03451,1.03452,192.270000688732
2025-01-07T20:52:00,1.03451,1.03455,1.03449,1.03455,64.799999833107
2025-01-07T20:53:00,1.03456,1.03466,1.03456,1.03465,118.799999654293
2025-01-07T20:54:00,1.03466,1.03478,1.03466,1.03471,110.250000536442
2025-01-07T20:55:00,1.03473,1.03474,1.0346,1.03461,158.969998709857
2025-01-07T20:56:00,1.0346,1.03464,1.03457,1.03457,125.099999070168
2025-01-07T20:57:00,1.03456,1.03463,1.03456,1.03456,62.9999996423721
2025-01-07T20:58:00,1.03455,1.03455,1.03442,1.03442,127.799998581409
2025-01-07T20:59:00,1.03442,1.03444,1.0344,1.03443,364.569996714592
2025-01-07T21:00:00,1.03443,1.03443,1.0344,1.0344,60.7499994039536
2025-01-07T21:01:00,1.03441,1.03441,1.03441,1.03441,4.49999988079071
2025-01-07T21:02:00,1.0344,1.0344,1.0344,1.0344,42.8399993181229
2025-01-07T21:03:00,1.0344,1.03441,1.0344,1.03441,22.4999994039536
2025-01-07T21:04:00,1.0344,1.03441,1.0344,1.0344,10.1399998962879
2025-01-07T21:05:00,1.0344,1.0344,1.03434,1.03434,16.5899999290705
2025-01-07T21:06:00,1.03434,1.03434,1.03431,1.03431,8.99999988079071
2025-01-07T21:07:00,1.03431,1.03431,1.03429,1.03429,47.8799998760223
2025-01-07T21:08:00,1.03429,1.03432,1.03424,1.03424,51.6899998113513
2025-01-07T21:09:00,1.03424,1.03424,1.03406,1.0342,96.0599984452128
2025-01-07T21:10:00,1.03419,1.03429,1.03419,1.03427,32.4000000953674
2025-01-07T21:11:00,1.03426,1.03431,1.03426,1.03426,43.1999999284744
2025-01-07T21:12:00,1.03428,1.03428,1.03426,1.03428,31.4999997615814
2025-01-07T21:13:00,1.03427,1.03432,1.03427,1.03431,42.2999997138977
2025-01-07T21:14:00,1.0343,1.03432,1.03427,1.03427,64.8000004291534
2025-01-07T21:15:00,1.03426,1.03428,1.03426,1.03426,48.1499996185303
2025-01-07T21:16:00,1.03425,1.03425,1.03411,1.03411,79.3199990317225
2025-01-07T21:17:00,1.03411,1.03412,1.0341,1.0341,92.2500007152557
2025-01-07T21:18:00,1.03411,1.03415,1.0341,1.0341,77.4900006055832
2025-01-07T21:19:00,1.03411,1.03416,1.03411,1.03415,22.4999998807907
2025-01-07T21:20:00,1.03414,1.03414,1.03412,1.03414,8.09999978542328
2025-01-07T21:21:00,1.03414,1.0342,1.03412,1.03412,58.0499990582466
2025-01-07T21:22:00,1.03411,1.03411,1.03408,1.03408,31.9499995708466
2025-01-07T21:23:00,1.03408,1.03411,1.03407,1.03411,40.0499997138977
2025-01-07T21:24:00,1.03412,1.03412,1.03411,1.03411,7.19999980926514
2025-01-07T21:25:00,1.0341,1.03422,1.03407,1.03422,26.6999996751547
2025-01-07T21:26:00,1.03422,1.03422,1.0342,1.03422,8.10000002384186
2025-01-07T21:27:00,1.03422,1.03426,1.03422,1.03426,14.7999997138977
2025-01-07T21:28:00,1.03426,1.03432,1.03425,1.03427,50.2299997732043
2025-01-07T21:29:00,1.03429,1.03432,1.03429,1.03431,27.4500002041459
2025-01-07T21:30:00,1.03432,1.03434,1.03423,1.03425,51.7499996423721
2025-01-07T21:31:00,1.03426,1.03429,1.03426,1.03429,23.4000000953674
2025-01-07T21:32:00,1.03429,1.03429,1.03429,1.03429,36.1800001859665
2025-01-07T21:33:00,1.03429,1.03433,1.03429,1.03433,48.5999997854233
2025-01-07T21:34:00,1.03432,1.03432,1.0343,1.0343,34.6499999761581
2025-01-07T21:35:00,1.0343,1.03431,1.03426,1.03428,62.9999998807907
2025-01-07T21:36:00,1.03427,1.03428,1.0342,1.0342,49.2699999809265
2025-01-07T21:37:00,1.03421,1.03428,1.03421,1.03426,42.2999995946884
2025-01-07T21:38:00,1.03427,1.03427,1.03425,1.03426,22.4999998807907
2025-01-07T21:39:00,1.03426,1.03428,1.03421,1.03421,36.450000166893
2025-01-07T21:40:00,1.03422,1.03422,1.03421,1.03422,24.2999995946884
2025-01-07T21:41:00,1.03422,1.03424,1.0342,1.03421,40.7200000286102
2025-01-07T21:42:00,1.0342,1.0342,1.03411,1.03412,47.0199998617172
2025-01-07T21:43:00,1.03411,1.03411,1.03406,1.03408,91.799998998642
2025-01-07T21:44:00,1.03408,1.03409,1.03403,1.03405,73.5299988985062
2025-01-07T21:45:00,1.03405,1.03407,1.03402,1.03403,54.989999294281
2025-01-07T21:46:00,1.03404,1.03408,1.03402,1.03402,57.2699992582202
2025-01-07T21:47:00,1.03402,1.03406,1.03401,1.03405,91.169998884201
2025-01-07T21:48:00,1.03406,1.03408,1.03406,1.03407,15.2999997138977
2025-01-07T21:49:00,1.03408,1.0341,1.03405,1.0341,70.6199996322393
2025-01-07T21:50:00,1.03409,1.03416,1.03409,1.0341,122.399999976158
2025-01-07T21:51:00,1.0341,1.0341,1.03408,1.03409,58.4999996423721
2025-01-07T21:52:00,1.0341,1.0341,1.03406,1.03407,15.2999997138977
2025-01-07T21:53:00,1.03408,1.0341,1.03408,1.03409,14.3999998569489
2025-01-07T21:54:00,1.03409,1.03409,1.03406,1.03406,25.1999999284744
2025-01-07T21:55:00,1.03405,1.03405,1.034,1.03403,57.599999666214
2025-01-07T21:56:00,1.03401,1.03401,1.03396,1.03398,108.89999973774
2025-01-07T21:57:00,1.03399,1.03405,1.03397,1.03404,82.9799998924136
2025-01-07T21:58:00,1.03404,1.03404,1.03394,1.03397,67.1399996206164
2025-01-07T21:59:00,1.03398,1.03402,1.03394,1.03394,74.2499984502792
2025-01-07T22:00:00,1.03395,1.03405,1.03388,1.03396,71.6999999284744
2025-01-07T22:01:00,1.03399,1.034,1.03398,1.034,31.5
2025-01-07T22:02:00,1.03402,1.03403,1.03402,1.03403,22.5
2025-01-07T22:03:00,1.03397,1.03407,1.03397,1.03407,23.3999999761581
2025-01-07T22:04:00,1.03393,1.03402,1.03392,1.03402,2.69999992847443
2025-01-07T22:05:00,1.03395,1.03416,1.03395,1.03406,29.2499997615814
2025-01-07T22:06:00,1.03409,1.03416,1.03409,1.03416,7.0200001001358
2025-01-07T22:07:00,1.03415,1.03416,1.0341,1.0341,9.71999990940094
2025-01-07T22:08:00,1.03415,1.03415,1.0341,1.0341,19.8000001907349
2025-01-07T22:09:00,1.03392,1.0341,1.03391,1.03403,27.9000002145767
2025-01-07T22:10:00,1.03405,1.03409,1.0339,1.034,40.7699996232986
2025-01-07T22:11:00,1.034,1.03411,1.034,1.03411,34.0199996232986
2025-01-07T22:12:00,1.03409,1.03414,1.03409,1.03414,9
2025-01-07T22:13:00,1.03413,1.03414,1.03411,1.03411,12.6000001430511
2025-01-07T22:14:00,1.0341,1.03412,1.03408,1.03408,33.2999995946884
2025-01-07T22:15:00,1.03412,1.03412,1.03407,1.03407,9.89999997615814
2025-01-07T22:16:00,1.03406,1.03411,1.03406,1.03411,23.4000002145767
2025-01-07T22:17:00,1.0341,1.0341,1.03404,1.03404,22.4999996423721
2025-01-07T22:18:00,1.03406,1.03406,1.03404,1.03404,2.69999992847443
2025-01-07T22:19:00,1.03404,1.03404,1.03404,1.03404,7.19999980926514
2025-01-07T22:20:00,1.03404,1.03405,1.034,1.03402,17.2799998521805
2025-01-07T22:21:00,1.03402,1.03408,1.03402,1.03408,13.049999833107
2025-01-07T22:22:00,1.03409,1.03409,1.03402,1.03403,16.6499997377396
2025-01-07T22:23:00,1.03408,1.03408,1.03401,1.03403,25.6499996781349
2025-01-07T22:24:00,1.03403,1.03405,1.03401,1.03405,16.6499997377396
2025-01-07T22:25:00,1.03404,1.03406,1.03394,1.03402,16.1999998092651
2025-01-07T22:26:00,1.03401,1.03401,1.03395,1.03395,12.599999666214
2025-01-07T22:27:00,1.03397,1.03397,1.03397,1.03397,3.59999990463257
2025-01-07T22:28:00,1.03399,1.03403,1.03399,1.03403,6.29999983310699
2025-01-07T22:29:00,1.03411,1.03416,1.03411,1.03415,16.1999995708466
2025-01-07T22:30:00,1.03415,1.0342,1.03412,1.03413,21.149999499321
2025-01-07T22:31:00,1.03413,1.03413,1.03411,1.03411,5.84999990463257
2025-01-07T22:32:00,1.03413,1.03413,1.03405,1.03411,18.8999996185303
2025-01-07T22:33:00,1.03412,1.03412,1.0341,1.0341,5.39999985694885
2025-01-07T22:34:00,1.03411,1.03411,1.0341,1.0341,3.59999990463257
2025-01-07T22:35:00,1.03409,1.0341,1.03401,1.03409,19.7999995946884
2025-01-07T22:36:00,1.03408,1.03413,1.03402,1.03412,33.2999991178513
2025-01-07T22:37:00,1.03411,1.03415,1.03409,1.03412,39.5999989509583
2025-01-07T22:38:00,1.03415,1.03419,1.0341,1.0341,14.3999996185303
2025-01-07T22:39:00,1.03411,1.03413,1.0341,1.03413,5.39999985694885
2025-01-07T22:40:00,1.03416,1.03416,1.03413,1.03413,2.69999992847443
2025-01-07T22:41:00,1.03414,1.03419,1.03414,1.03419,12.599999666214
2025-01-07T22:42:00,1.03418,1.03422,1.03417,1.0342,17.9999995231628
2025-01-07T22:43:00,1.0342,1.03425,1.03418,1.0342,37.7999991178513
2025-01-07T22:44:00,1.03422,1.03423,1.03417,1.03418,37.7999991178513
2025-01-07T22:45:00,1.03417,1.03418,1.03415,1.03417,12.599999666214
2025-01-07T22:46:00,1.03418,1.03418,1.03417,1.03417,3.59999990463257
2025-01-07T22:47:00,1.03417,1.03417,1.03416,1.03416,2.69999992847443
2025-01-07T22:48:00,1.03416,1.03418,1.03416,1.03418,1.37999996542931
2025-01-07T22:49:00,1.0342,1.03422,1.0342,1.03422,1.37999996542931
2025-01-07T22:50:00,1.03421,1.03422,1.0342,1.0342,4.25999996066093
2025-01-07T22:51:00,1.03417,1.0342,1.03417,1.0342,1.01999997347593
2025-01-07T22:52:00,1.03422,1.03424,1.03419,1.03421,13.079999729991
2025-01-07T22:53:00,1.03421,1.03421,1.0342,1.0342,0.359999991953373
2025-01-07T22:54:00,1.03423,1.03425,1.0342,1.03424,25.4099993631244
2025-01-07T22:55:00,1.03425,1.03425,1.03422,1.03424,15.899999730289
2025-01-07T22:56:00,1.03424,1.03426,1.03422,1.03425,9.80999985337257
2025-01-07T22:57:00,1.03424,1.03426,1.03421,1.03423,22.7099995091558
2025-01-07T22:58:00,1.03423,1.03426,1.0342,1.03421,16.0499997586012
2025-01-07T22:59:00,1.03421,1.03424,1.03421,1.03421,6.0899999588728
2025-01-07T23:00:00,1.03421,1.03431,1.03414,1.03429,47.7299997806549
2025-01-07T23:01:00,1.03428,1.03428,1.03423,1.03423,26.9999995008111
2025-01-07T23:02:00,1.03425,1.03436,1.03425,1.03436,41.9399991035461
2025-01-07T23:03:00,1.03433,1.03435,1.03417,1.03424,75.7799996137619
2025-01-07T23:04:00,1.03424,1.03425,1.03421,1.03422,42.7499992847443
2025-01-07T23:05:00,1.03421,1.0343,1.03407,1.03418,140.489998221397
2025-01-07T23:06:00,1.03419,1.0342,1.03416,1.03419,30.1499999761581
2025-01-07T23:07:00,1.03419,1.03419,1.03413,1.03415,40.1399992704391
2025-01-07T23:08:00,1.03414,1.03414,1.03411,1.03412,22.4999997615814
2025-01-07T23:09:00,1.03413,1.03416,1.03411,1.03411,32.0399994254112
2025-01-07T23:10:00,1.03412,1.03414,1.03395,1.03397,58.4999988079071
2025-01-07T23:11:00,1.03398,1.034,1.03395,1.03399,50.8499995470047
2025-01-07T23:12:00,1.03399,1.03402,1.03391,1.03393,63.2099997326732
2025-01-07T23:13:00,1.03392,1.03395,1.03391,1.03391,56.6999994516373
2025-01-07T23:14:00,1.03394,1.03396,1.03392,1.03395,28.8899995088577
2025-01-07T23:15:00,1.03395,1.034,1.03394,1.03394,40.3199998140335
2025-01-07T23:16:00,1.03396,1.0341,1.03396,1.0341,39.3899996131659
2025-01-07T23:17:00,1.03409,1.0341,1.03409,1.0341,31.349999897182
2025-01-07T23:18:00,1.03411,1.03414,1.03409,1.03414,46.259999871254
2025-01-07T23:19:00,1.03414,1.03414,1.03409,1.0341,18.8099998235703
2025-01-07T23:20:00,1.03411,1.03423,1.03411,1.03423,65.2499990463257
2025-01-07T23:21:00,1.03423,1.03425,1.03422,1.03425,37.799999833107
2025-01-07T23:22:00,1.03425,1.03425,1.03419,1.0342,28.8000003099442
2025-01-07T23:23:00,1.0342,1.03421,1.03417,1.03419,31.5899999141693
2025-01-07T23:24:00,1.0342,1.0342,1.0342,1.0342,1.79999995231628
2025-01-07T23:25:00,1.03419,1.03424,1.03419,1.03424,35.0999991893768
2025-01-07T23:26:00,1.03423,1.03425,1.03422,1.03425,55.799998998642
2025-01-07T23:27:00,1.03425,1.03426,1.03423,1.03423,30.6000003814697
2025-01-07T23:28:00,1.03422,1.03425,1.03422,1.03424,11.6999998092651
2025-01-07T23:29:00,1.03423,1.03425,1.03422,1.03422,35.0999999046326
2025-01-07T23:30:00,1.03421,1.03424,1.0342,1.0342,63.9899995326996
2025-01-07T23:31:00,1.0342,1.0343,1.0342,1.0343,53.9999995231628
2025-01-07T23:32:00,1.03429,1.03429,1.03424,1.03428,33.75
2025-01-07T23:33:00,1.03428,1.0343,1.03427,1.03427,75.7799987792969
2025-01-07T23:34:00,1.03428,1.03429,1.03427,1.03429,51.749999165535
2025-01-07T23:35:00,1.03429,1.03429,1.03425,1.03427,48.1499996185303
2025-01-07T23:36:00,1.03427,1.03427,1.03425,1.03426,22.6799998283386
2025-01-07T23:37:00,1.03427,1.03427,1.03425,1.03426,33.2999999523163
2025-01-07T23:38:00,1.03426,1.03426,1.03424,1.03425,20.6999998092651
2025-01-07T23:39:00,1.03424,1.03426,1.03424,1.03426,22.6199995204806
2025-01-07T23:40:00,1.03425,1.03427,1.03425,1.03426,15.83999979496
2025-01-07T23:41:00,1.03426,1.03426,1.0342,1.03423,54.8999999761581
2025-01-07T23:42:00,1.03424,1.03426,1.03423,1.03425,58.4999990463257
2025-01-07T23:43:00,1.03426,1.0344,1.03426,1.0344,74.4599988386035
2025-01-07T23:44:00,1.03439,1.03445,1.03439,1.03445,78.1199991703033
2025-01-07T23:45:00,1.03445,1.03449,1.03445,1.03446,104.069999806583
2025-01-07T23:46:00,1.03446,1.03446,1.0344,1.0344,64.7999999523163
2025-01-07T23:47:00,1.03441,1.03445,1.03439,1.03445,60.7499994039536
2025-01-07T23:48:00,1.03444,1.03445,1.0344,1.0344,67.0499997138977
2025-01-07T23:49:00,1.03441,1.03442,1.03441,1.03442,35.9999998807907
2025-01-07T23:50:00,1.03441,1.03444,1.03441,1.03441,81.2899990081787
2025-01-07T23:51:00,1.0344,1.03445,1.0344,1.03445,64.0199989005923
2025-01-07T23:52:00,1.03444,1.03445,1.03441,1.03441,76.7099984809756
2025-01-07T23:53:00,1.03442,1.03443,1.03436,1.03436,97.1999992132187
2025-01-07T23:54:00,1.03435,1.03444,1.03435,1.03443,91.529999256134
2025-01-07T23:55:00,1.03444,1.03444,1.03441,1.03442,59.4199995994568
2025-01-07T23:56:00,1.03441,1.03448,1.03441,1.03446,47.6699991822243
2025-01-07T23:57:00,1.03446,1.03446,1.03436,1.03436,98.7599999830127
2025-01-07T23:58:00,1.03436,1.03438,1.03435,1.03436,44.9999995231628
2025-01-07T23:59:00,1.03436,1.03436,1.0341,1.03415,255.25999712944
2025-01-08T00:00:00,1.03416,1.03427,1.03416,1.03426,195.509999126196
2025-01-08T00:01:00,1.03428,1.03434,1.03425,1.0343,200.699997782707
2025-01-08T00:02:00,1.03431,1.03431,1.03425,1.03428,98.0999985337257
2025-01-08T00:03:00,1.03427,1.03441,1.03425,1.03441,148.049999058247
2025-01-08T00:04:00,1.0344,1.03442,1.03435,1.03435,86.3999997377396
2025-01-08T00:05:00,1.03436,1.03441,1.03433,1.03441,125.549998521805
2025-01-08T00:06:00,1.0344,1.03445,1.0344,1.03442,136.079998016357
2025-01-08T00:07:00,1.03441,1.03442,1.03428,1.0343,215.879999086261
2025-01-08T00:08:00,1.03429,1.03443,1.03429,1.0344,103.049999833107
2025-01-08T00:09:00,1.03439,1.03443,1.03439,1.03439,106.199999809265
2025-01-08T00:10:00,1.0344,1.03441,1.03431,1.0344,163.349998116493
2025-01-08T00:11:00,1.03443,1.03452,1.03443,1.03451,105.959998838603
2025-01-08T00:12:00,1.03453,1.03456,1.03449,1.03453,108.569998495281
2025-01-08T00:13:00,1.03452,1.03454,1.03447,1.03454,114.929999053478
2025-01-08T00:14:00,1.03454,1.03454,1.03452,1.03453,65.6999992132187
2025-01-08T00:15:00,1.03454,1.03458,1.03448,1.03456,123.409999251366
2025-01-08T00:16:00,1.03456,1.03458,1.0345,1.03455,88.1999995112419
2025-01-08T00:17:00,1.03455,1.03456,1.03455,1.03456,45.8999999761581
2025-01-08T00:18:00,1.03456,1.03457,1.03452,1.03453,108.450001001358
2025-01-08T00:19:00,1.03454,1.03457,1.03453,1.03456,32.3999997377396
2025-01-08T00:20:00,1.03455,1.03465,1.03455,1.0346,123.300000548363
2025-01-08T00:21:00,1.03461,1.03461,1.03457,1.0346,75.6000006198883
2025-01-08T00:22:00,1.03461,1.03471,1.0346,1.03468,81.0000001192093
2025-01-08T00:23:00,1.03469,1.03476,1.03469,1.03475,141.929999761283
2025-01-08T00:24:00,1.03475,1.03481,1.03475,1.03481,61.2899996042252
2025-01-08T00:25:00,1.03481,1.03481,1.03475,1.0348,102.149999141693
2025-01-08T00:26:00,1.03481,1.03487,1.03478,1.03485,135.419999942183
2025-01-08T00:27:00,1.03486,1.03491,1.03485,1.03491,97.289999961853
2025-01-08T00:28:00,1.03491,1.03492,1.03484,1.03485,82.6500014513731
2025-01-08T00:29:00,1.03485,1.0349,1.03482,1.0349,45.1200003325939
2025-01-08T00:30:00,1.03489,1.03489,1.03469,1.03471,316.649999782443
2025-01-08T00:31:00,1.03471,1.03482,1.03459,1.03476,131.130002185702
2025-01-08T00:32:00,1.03477,1.03477,1.03465,1.03465,117.870000943542
2025-01-08T00:33:00,1.03465,1.03466,1.03446,1.03455,360.65999674052
2025-01-08T00:34:00,1.03456,1.03464,1.03456,1.03461,92.7899992465973
2025-01-08T00:35:00,1.03461,1.03461,1.03443,1.03445,145.799999833107
2025-01-08T00:36:00,1.03446,1.03461,1.03445,1.0345,150.38999940455
2025-01-08T00:37:00,1.03449,1.03455,1.03447,1.03451,196.499998301268
2025-01-08T00:38:00,1.03453,1.03459,1.03451,1.03456,204.089996494353
2025-01-08T00:39:00,1.03457,1.03462,1.03453,1.03462,106.469998270273
2025-01-08T00:40:00,1.03463,1.03469,1.03462,1.03465,100.139999970794
2025-01-08T00:41:00,1.03465,1.03471,1.03465,1.03471,66.0599994659424
2025-01-08T00:42:00,1.0347,1.03475,1.03467,1.03473,75.8699998930097
2025-01-08T00:43:00,1.03474,1.03477,1.03471,1.03477,22.5899995416403
2025-01-08T00:44:00,1.0348,1.03492,1.0348,1.03487,57.2099993377924
2025-01-08T00:45:00,1.03486,1.03486,1.03477,1.03482,43.3199999034405
2025-01-08T00:46:00,1.0348,1.0348,1.0347,1.0347,66.8999999463558
2025-01-08T00:47:00,1.03472,1.03472,1.03472,1.03472,1.46999999880791
2025-01-08T00:48:00,1.03471,1.03477,1.03467,1.03475,25.1400005072355
2025-01-08T00:49:00,1.03476,1.03478,1.03469,1.03475,119.149999365211
2025-01-08T00:50:00,1.03476,1.03479,1.0346,1.03461,200.029998533428
2025-01-08T00:51:00,1.0346,1.0346,1.03451,1.03455,96.9299998283386
2025-01-08T00:52:00,1.03455,1.03457,1.03454,1.03456,95.4900004863739
2025-01-08T00:53:00,1.03455,1.03456,1.03452,1.03453,56.700000166893
2025-01-08T00:54:00,1.03455,1.03462,1.03448,1.03454,234.749998919666
2025-01-08T00:55:00,1.03453,1.03455,1.03439,1.03445,297.900001168251
2025-01-08T00:56:00,1.03444,1.03464,1.03444,1.03456,205.82999932766
2025-01-08T00:57:00,1.03456,1.03465,1.03453,1.03465,188.120000362396
2025-01-08T00:58:00,1.03466,1.03466,1.03458,1.0346,221.490000128746
2025-01-08T00:59:00,1.0346,1.03467,1.0346,1.03467,55.1600001677871
2025-01-08T01:00:00,1.03468,1.03472,1.03461,1.03469,166.949998095632
2025-01-08T01:01:00,1.0347,1.0347,1.03459,1.03466,138.089997977018
2025-01-08T01:02:00,1.03465,1.03468,1.03458,1.03459,93.3600003644824
2025-01-08T01:03:00,1.0346,1.0347,1.0346,1.0347,74.6999999284744
2025-01-08T01:04:00,1.03469,1.03471,1.03458,1.0346,137.910000137985
2025-01-08T01:05:00,1.03459,1.03462,1.03458,1.03459,101.700000286102
2025-01-08T01:06:00,1.03458,1.03463,1.03452,1.03462,185.129999518394
2025-01-08T01:07:00,1.03465,1.03476,1.03465,1.03475,103.050000309944
2025-01-08T01:08:00,1.03476,1.03483,1.03475,1.03483,160.379997611046
2025-01-08T01:09:00,1.03482,1.03489,1.0348,1.03488,163.800000548363
2025-01-08T01:10:00,1.03489,1.03494,1.03488,1.03491,71.9999997615814
2025-01-08T01:11:00,1.03493,1.03494,1.03482,1.03482,126.539999008179
2025-01-08T01:12:00,1.03485,1.03487,1.03474,1.03484,188.190000295639
2025-01-08T01:13:00,1.03485,1.03485,1.03475,1.03476,103.5
2025-01-08T01:14:00,1.03476,1.03476,1.03472,1.03472,36.9000000953674
2025-01-08T01:15:00,1.03474,1.0348,1.03471,1.03472,173.700000286102
2025-01-08T01:16:00,1.03471,1.03479,1.03471,1.03476,43.6799993440509
2025-01-08T01:17:00,1.03475,1.03475,1.03466,1.03472,128.250000357628
2025-01-08T01:18:00,1.0347,1.03471,1.03465,1.03466,81.9000010490417
2025-01-08T01:19:00,1.03467,1.03471,1.03462,1.03462,160.31999861449
2025-01-08T01:20:00,1.03463,1.03471,1.03463,1.03469,108.989999175072
2025-01-08T01:21:00,1.0347,1.03481,1.0347,1.0348,132.929998517036
2025-01-08T01:22:00,1.03481,1.03488,1.0348,1.03482,134.099999845028
2025-01-08T01:23:00,1.03482,1.03482,1.03479,1.03481,46.8000000715256
2025-01-08T01:24:00,1.03482,1.03483,1.03477,1.03477,31.4999995827675
2025-01-08T01:25:00,1.03477,1.03481,1.03474,1.03481,70.1999996900558
2025-01-08T01:26:00,1.0348,1.03484,1.0348,1.03482,32.4199999570847
2025-01-08T01:27:00,1.03482,1.03491,1.03482,1.03491,109.800000905991
2025-01-08T01:28:00,1.0349,1.03491,1.03488,1.03489,113.399999976158
2025-01-08T01:29:00,1.03488,1.03491,1.03487,1.03487,99.5600000619888
2025-01-08T01:30:00,1.03486,1.03486,1.03476,1.03477,144.539999485016
2025-01-08T01:31:00,1.03477,1.03484,1.03472,1.03484,127.799999713898
2025-01-08T01:32:00,1.03485,1.03496,1.03485,1.03494,63.8999999761581
2025-01-08T01:33:00,1.03496,1.03501,1.03493,1.03501,143.19000005722
2025-01-08T01:34:00,1.035,1.03505,1.03498,1.03498,101.879999399185
2025-01-08T01:35:00,1.03497,1.03501,1.03497,1.03498,117.179998278618
2025-01-08T01:36:00,1.03499,1.03506,1.03498,1.03499,70.6199998706579
2025-01-08T01:37:00,1.035,1.03507,1.035,1.03502,102.959999680519
2025-01-08T01:38:00,1.03502,1.03502,1.03498,1.03498,91.079999089241
2025-01-08T01:39:00,1.03498,1.03507,1.03498,1.03506,107.84999858588
2025-01-08T01:40:00,1.03507,1.03512,1.03505,1.03511,141.089999064803
2025-01-08T01:41:00,1.03512,1.03515,1.03512,1.03512,82.8000007867813
2025-01-08T01:42:00,1.03513,1.03522,1.03504,1.03507,145.16999989748
2025-01-08T01:43:00,1.03506,1.03508,1.03503,1.03505,330.749997735023
2025-01-08T01:44:00,1.03504,1.03507,1.03501,1.03501,209.519999861717
2025-01-08T01:45:00,1.035,1.035,1.0349,1.03492,443.190002076328
2025-01-08T01:46:00,1.03493,1.03496,1.03485,1.03493,275.940000534058
2025-01-08T01:47:00,1.03492,1.03492,1.03485,1.03487,163.820000052452
2025-01-08T01:48:00,1.03486,1.03497,1.03483,1.03497,247.949998855591
2025-01-08T01:49:00,1.03497,1.03501,1.03495,1.03496,244.439998269081
2025-01-08T01:50:00,1.03495,1.03499,1.03493,1.03493,54.8999998569489
2025-01-08T01:51:00,1.03495,1.0351,1.03495,1.0351,94.4999994039536
2025-01-08T01:52:00,1.0351,1.03518,1.0351,1.03517,129.599999904633
2025-01-08T01:53:00,1.03518,1.03519,1.03512,1.03512,65.2500005960464
2025-01-08T01:54:00,1.03512,1.03512,1.03512,1.03512,1.79999995231628
2025-01-08T01:55:00,1.03512,1.03516,1.03512,1.03515,36.0000003576279
2025-01-08T01:56:00,1.03517,1.0352,1.03516,1.0352,37.3500002622604
2025-01-08T01:57:00,1.03519,1.03529,1.03518,1.03528,84.5999987125397
2025-01-08T01:58:00,1.03528,1.03529,1.03524,1.03527,46.799999833107
2025-01-08T01:59:00,1.03527,1.03528,1.03522,1.03528,107.550000071526
2025-01-08T02:00:00,1.03529,1.03535,1.03527,1.03533,120.60000026226
2025-01-08T02:01:00,1.03533,1.03533,1.03528,1.0353,178.200001239777
2025-01-08T02:02:00,1.03531,1.03533,1.03523,1.03523,120.150000452995
2025-01-08T02:03:00,1.03523,1.03537,1.03522,1.03535,225.71999835968
2025-01-08T02:04:00,1.03535,1.03539,1.03535,1.03536,103.049999594688
2025-01-08T02:05:00,1.03537,1.03538,1.03525,1.03532,117.110000967979
2025-01-08T02:06:00,1.03533,1.03537,1.03532,1.03537,117.000001311302
2025-01-08T02:07:00,1.03537,1.0354,1.03536,1.0354,67.5000001192093
2025-01-08T02:08:00,1.03541,1.03544,1.03538,1.03542,142.199999928474
2025-01-08T02:09:00,1.03541,1.03547,1.03541,1.03545,103.950000524521
2025-01-08T02:10:00,1.03546,1.03547,1.03542,1.03542,54.8999993801117
2025-01-08T02:11:00,1.03542,1.03543,1.03541,1.03543,13.5
2025-01-08T02:12:00,1.03543,1.03543,1.03541,1.03541,10.8000000715256
2025-01-08T02:13:00,1.03542,1.03547,1.03542,1.03542,69.3899993896484
2025-01-08T02:14:00,1.03543,1.03543,1.03536,1.03542,143.640000522137
2025-01-08T02:15:00,1.03541,1.03544,1.03541,1.03543,106.109998822212
2025-01-08T02:16:00,1.03542,1.03542,1.03539,1.0354,66.1499998569489
2025-01-08T02:17:00,1.03539,1.03539,1.03527,1.03533,92.3399990797043
2025-01-08T02:18:00,1.03532,1.03535,1.0353,1.0353,35.5500000715256
2025-01-08T02:19:00,1.0353,1.03535,1.03526,1.03533,67.5899999141693
2025-01-08T02:20:00,1.03532,1.03533,1.03526,1.03528,48.620000243187
2025-01-08T02:21:00,1.03528,1.03532,1.03528,1.03528,37.8000000715256
2025-01-08T02:22:00,1.0353,1.03532,1.03527,1.03532,47.6999998092651
2025-01-08T02:23:00,1.03532,1.03533,1.03528,1.03528,61.6499997973442
2025-01-08T02:24:00,1.03528,1.03528,1.03524,1.03526,57.150000333786
2025-01-08T02:25:00,1.03527,1.03531,1.03525,1.0353,85.0500004291534
2025-01-08T02:26:00,1.03531,1.03533,1.0353,1.03533,107.549999713898
2025-01-08T02:27:00,1.03532,1.03532,1.03527,1.03527,67.0499999523163
2025-01-08T02:28:00,1.03526,1.03535,1.03525,1.03535,63.0000001192093
2025-01-08T02:29:00,1.03534,1.03534,1.03529,1.03529,46.8000003099442
2025-01-08T02:30:00,1.0353,1.03532,1.03525,1.03525,68.3999998569489
2025-01-08T02:31:00,1.03524,1.03524,1.03517,1.03518,46.8000007867813
2025-01-08T02:32:00,1.03519,1.03522,1.03519,1.03521,55.8000005483627
2025-01-08T02:33:00,1.03521,1.03522,1.03518,1.03521,89.1000001430511
2025-01-08T02:34:00,1.0352,1.03524,1.0352,1.03522,74.7000004053116
2025-01-08T02:35:00,1.03521,1.03522,1.03518,1.0352,63.8999999761581
2025-01-08T02:36:00,1.03521,1.03522,1.0352,1.03522,115.200001358986
2025-01-08T02:37:00,1.03523,1.03525,1.03521,1.03525,34.1999998092651
2025-01-08T02:38:00,1.03526,1.03526,1.03518,1.0352,46.7999992370605
2025-01-08T02:39:00,1.03519,1.03521,1.03517,1.03519,33.7700000703335
2025-01-08T02:40:00,1.0352,1.03521,1.03514,1.03518,169.740000367165
2025-01-08T02:41:00,1.0352,1.03521,1.03517,1.03518,135.539997458458
2025-01-08T02:42:00,1.03518,1.0353,1.03517,1.0353,97.7399991750717
2025-01-08T02:43:00,1.0353,1.03534,1.03529,1.0353,61.1999996900558
2025-01-08T02:44:00,1.03531,1.03535,1.03531,1.03535,172.469997853041
2025-01-08T02:45:00,1.03534,1.03535,1.0353,1.03531,96.3899984359741
2025-01-08T02:46:00,1.03532,1.03534,1.03531,1.03533,29.9699999094009
2025-01-08T02:47:00,1.03533,1.03533,1.03529,1.03532,50.9099987596273
2025-01-08T02:48:00,1.03532,1.03534,1.03532,1.03534,31.7699997425079
2025-01-08T02:49:00,1.03534,1.03535,1.03533,1.03534,67.6800004243851
2025-01-08T02:50:00,1.03534,1.03535,1.03532,1.03532,67.5000005960464
2025-01-08T02:51:00,1.03533,1.03533,1.0353,1.03531,110.700001239777
2025-01-08T02:52:00,1.0353,1.03535,1.03522,1.03534,182.700000524521
2025-01-08T02:53:00,1.03535,1.03539,1.03535,1.03538,36.9000000953674
2025-01-08T02:54:00,1.03538,1.03545,1.03538,1.03543,65.6999995708466
2025-01-08T02:55:00,1.03542,1.03542,1.03538,1.03542,75.1499998569489
2025-01-08T02:56:00,1.03542,1.03542,1.03542,1.03542,91.799999833107
2025-01-08T02:57:00,1.03543,1.03544,1.03542,1.03542,15.2999999523163
2025-01-08T02:58:00,1.03543,1.03543,1.0354,1.03542,25.1999996900558
2025-01-08T02:59:00,1.03541,1.03543,1.03541,1.03541,10.7999999523163
2025-01-08T03:00:00,1.03541,1.03541,1.03529,1.03532,112.290001034737
2025-01-08T03:01:00,1.03532,1.03532,1.03528,1.03531,119.250000119209
2025-01-08T03:02:00,1.03531,1.03532,1.03527,1.03527,46.8000005483627
2025-01-08T03:03:00,1.03528,1.03529,1.03526,1.03528,55.799999833107
2025-01-08T03:04:00,1.03527,1.03529,1.03523,1.03529,55.8000004291534
2025-01-08T03:05:00,1.03528,1.03533,1.03528,1.03532,128.790000081062
2025-01-08T03:06:00,1.03533,1.03537,1.03532,1.03535,96.7499998807907
2025-01-08T03:07:00,1.03536,1.03536,1.03533,1.03533,110.249999284744
2025-01-08T03:08:00,1.03533,1.03534,1.0353,1.0353,103.499999284744
2025-01-08T03:09:00,1.03531,1.03534,1.0353,1.03533,45.2699997425079
2025-01-08T03:10:00,1.03532,1.03535,1.03532,1.03534,55.9799995422363
2025-01-08T03:11:00,1.03536,1.03536,1.03534,1.03535,61.9199999570847
2025-01-08T03:12:00,1.03535,1.03535,1.03533,1.03533,27.9000004529953
2025-01-08T03:13:00,1.03533,1.03533,1.03528,1.03528,46.799998998642
2025-01-08T03:14:00,1.03528,1.03528,1.03523,1.03523,21.1499998569489
2025-01-08T03:15:00,1.03521,1.03528,1.03518,1.03527,73.3500000238419
2025-01-08T03:16:00,1.03527,1.03533,1.03527,1.03528,112.500000596046
2025-01-08T03:17:00,1.03527,1.03527,1.03526,1.03527,63.8999997377396
2025-01-08T03:18:00,1.03526,1.0353,1.03526,1.0353,196.829998850822
2025-01-08T03:19:00,1.0353,1.0353,1.03526,1.03527,32.3999998569489
2025-01-08T03:20:00,1.03528,1.03529,1.03521,1.03521,97.3100004196167
2025-01-08T03:21:00,1.03521,1.03522,1.03518,1.03522,110.360000729561
2025-01-08T03:22:00,1.03521,1.03524,1.03515,1.03515,51.7400001659989
2025-01-08T03:23:00,1.03516,1.03523,1.03516,1.03522,47.4899998754263
2025-01-08T03:24:00,1.03524,1.03526,1.03522,1.03526,31.4999997019768
2025-01-08T03:25:00,1.03527,1.03527,1.03525,1.03527,36.6599992439151
2025-01-08T03:26:00,1.03529,1.03531,1.03525,1.0353,49.4399994537234
2025-01-08T03:27:00,1.0353,1.03532,1.03525,1.03526,91.350000500679
2025-01-08T03:28:00,1.03525,1.03525,1.03511,1.03512,76.5000013113022
2025-01-08T03:29:00,1.03511,1.03512,1.035,1.03502,93.1700005531311
2025-01-08T03:30:00,1.03502,1.03503,1.03501,1.03502,114.3000010252
2025-01-08T03:31:00,1.03501,1.03502,1.03497,1.03497,52.6699999570847
2025-01-08T03:32:00,1.03496,1.03496,1.03472,1.03472,139.949999809265
2025-01-08T03:33:00,1.03474,1.03482,1.03468,1.03471,197.159999668598
2025-01-08T03:34:00,1.0347,1.03471,1.03466,1.03467,134.550000309944
2025-01-08T03:35:00,1.03466,1.03469,1.03464,1.03469,30.5999990701675
2025-01-08T03:36:00,1.03471,1.03475,1.03471,1.03471,81.899999499321
2025-01-08T03:37:00,1.03471,1.03474,1.0347,1.03472,75.600000500679
2025-01-08T03:38:00,1.03471,1.03472,1.03468,1.03472,63.000000834465
2025-01-08T03:39:00,1.03471,1.03472,1.03471,1.03471,27.0000004768372
2025-01-08T03:40:00,1.03471,1.03472,1.03467,1.03467,70.199999332428
2025-01-08T03:41:00,1.03467,1.03471,1.03467,1.03467,45.900000333786
2025-01-08T03:42:00,1.03466,1.03466,1.03462,1.03463,85.9500007629395
2025-01-08T03:43:00,1.03464,1.03469,1.03462,1.03466,105.300001382828
2025-01-08T03:44:00,1.03466,1.03469,1.03466,1.03467,44.1000000238419
2025-01-08T03:45:00,1.03467,1.03475,1.03467,1.03475,23.3999999761581
2025-01-08T03:46:00,1.03476,1.03486,1.03476,1.03483,45.4500002861023
2025-01-08T03:47:00,1.03483,1.03483,1.03477,1.03477,18.8999999761581
2025-01-08T03:48:00,1.03476,1.03478,1.03475,1.03478,37.8000001907349
2025-01-08T03:49:00,1.03476,1.03487,1.03473,1.03486,111.599999427795
2025-01-08T03:50:00,1.03488,1.03491,1.03488,1.03489,68.4000006914139
2025-01-08T03:51:00,1.0349,1.03492,1.03487,1.03487,19.3499999046326
2025-01-08T03:52:00,1.03487,1.03493,1.03487,1.03493,16.1999998092651
2025-01-08T03:53:00,1.03493,1.03493,1.03485,1.03487,21.6000000238419
2025-01-08T03:54:00,1.03487,1.03487,1.03483,1.03483,14.3999999761581
2025-01-08T03:55:00,1.03483,1.03484,1.03483,1.03483,18.0000003576279
2025-01-08T03:56:00,1.03484,1.03487,1.03483,1.03487,41.4000004529953
2025-01-08T03:57:00,1.03487,1.03487,1.03483,1.03483,23.4000002145767
2025-01-08T03:58:00,1.03484,1.03487,1.03483,1.03483,53.5500001907349
2025-01-08T03:59:00,1.03483,1.03483,1.03477,1.03477,19.7999997138977
2025-01-08T04:00:00,1.03476,1.03482,1.03475,1.03482,29.7000002861023
2025-01-08T04:01:00,1.03482,1.03487,1.03479,1.03482,103.0500010252
2025-01-08T04:02:00,1.03482,1.03489,1.03482,1.03489,70.2000008821487
2025-01-08T04:03:00,1.03489,1.0349,1.03487,1.03487,27.0000002384186
2025-01-08T04:04:00,1.03487,1.03487,1.03482,1.03482,20.7000000476837
2025-01-08T04:05:00,1.03482,1.03482,1.03481,1.03481,71.1900005340576
2025-01-08T04:06:00,1.03482,1.03482,1.03481,1.03481,10.7999997138977
2025-01-08T04:07:00,1.03482,1.03491,1.03482,1.03491,146.879999160767
2025-01-08T04:08:00,1.03491,1.03493,1.0349,1.03493,18.0000001192093
2025-01-08T04:09:00,1.03492,1.03497,1.03492,1.03497,53.3699995055795
2025-01-08T04:10:00,1.03497,1.03505,1.03497,1.03504,31.0499997138977
2025-01-08T04:11:00,1.03505,1.03507,1.03503,1.03503,38.7899997234344
2025-01-08T04:12:00,1.03505,1.03512,1.03505,1.03511,39.8099993392825
2025-01-08T04:13:00,1.03512,1.03515,1.03512,1.03515,34.6199998706579
2025-01-08T04:14:00,1.03517,1.0352,1.03517,1.03518,36.2700002193451
2025-01-08T04:15:00,1.03517,1.03518,1.03514,1.03516,43.7399996519089
2025-01-08T04:16:00,1.03515,1.03515,1.03512,1.03513,53.1000002622604
2025-01-08T04:17:00,1.03513,1.03513,1.03507,1.03508,40.9500002264977
2025-01-08T04:18:00,1.03507,1.03507,1.03502,1.03506,62.1000007390976
2025-01-08T04:19:00,1.03505,1.03505,1.03503,1.03504,37.8000001907349
2025-01-08T04:20:00,1.03505,1.03509,1.03503,1.03503,51.3000001907349
2025-01-08T04:21:00,1.03502,1.03502,1.03494,1.03497,78.299999833107
2025-01-08T04:22:00,1.03496,1.03502,1.03494,1.03502,91.799998998642
2025-01-08T04:23:00,1.03501,1.03502,1.03496,1.03497,64.1699997186661
2025-01-08T04:24:00,1.03498,1.03499,1.03498,1.03499,12.7199999019504
2025-01-08T04:25:00,1.03499,1.03505,1.03497,1.03504,126.090000271797
2025-01-08T04:26:00,1.03502,1.03504,1.03499,1.035,81.359999537468
2025-01-08T04:27:00,1.035,1.035,1.03497,1.03498,34.1999998092651
2025-01-08T04:28:00,1.03496,1.035,1.03494,1.035,59.4000000953674
2025-01-08T04:29:00,1.035,1.03503,1.035,1.03502,69.6599996089935
2025-01-08T04:30:00,1.03503,1.03507,1.03502,1.03507,32.4899997711182
2025-01-08T04:31:00,1.03507,1.03508,1.03505,1.03508,44.8199995756149
2025-01-08T04:32:00,1.03508,1.03511,1.03508,1.03509,50.4899994134903
2025-01-08T04:33:00,1.03509,1.03512,1.03509,1.0351,38.7000005245209
2025-01-08T04:34:00,1.03509,1.03509,1.03507,1.03508,47.25
2025-01-08T04:35:00,1.03507,1.03509,1.03505,1.03507,68.0999988168478
2025-01-08T04:36:00,1.03505,1.03506,1.03504,1.03505,33.6299998611212
2025-01-08T04:37:00,1.03506,1.03507,1.03505,1.03505,24.4199997633696
2025-01-08T04:38:00,1.03504,1.03504,1.03496,1.035,48.9599994197488
2025-01-08T04:39:00,1.03501,1.03502,1.03497,1.035,65.6999994292855
2025-01-08T04:40:00,1.03499,1.03501,1.03497,1.035,78.8699997588992
2025-01-08T04:41:00,1.03501,1.03503,1.035,1.03502,57.2399997711182
2025-01-08T04:42:00,1.035,1.03502,1.03497,1.03502,64.3499993085861
2025-01-08T04:43:00,1.03501,1.03502,1.03491,1.03491,120.299998387694
2025-01-08T04:44:00,1.0349,1.03491,1.03477,1.03477,85.950000166893
2025-01-08T04:45:00,1.03477,1.03482,1.03474,1.03482,55.8000001907349
2025-01-08T04:46:00,1.03484,1.03487,1.03481,1.03485,61.200000166893
2025-01-08T04:47:00,1.03486,1.03489,1.03482,1.03485,47.7000000476837
2025-01-08T04:48:00,1.03485,1.03495,1.03485,1.03493,75.5999991893768
2025-01-08T04:49:00,1.03493,1.03493,1.03492,1.03492,5.39999985694885
2025-01-08T04:50:00,1.03491,1.03496,1.03491,1.03496,44.1000001430511
2025-01-08T04:51:00,1.03497,1.03497,1.03492,1.03492,50.849999666214
2025-01-08T04:52:00,1.03492,1.03494,1.03488,1.03492,43.1999994516373
2025-01-08T04:53:00,1.03492,1.03495,1.03487,1.03487,195.390002131462
2025-01-08T04:54:00,1.03488,1.03497,1.03488,1.03497,55.889999628067
2025-01-08T04:55:00,1.03497,1.035,1.03497,1.03499,69.9299985170364
2025-01-08T04:56:00,1.035,1.03501,1.03499,1.03499,76.9799997508526
2025-01-08T04:57:00,1.035,1.03502,1.03499,1.03502,26.9399997889996
2025-01-08T04:58:00,1.03502,1.03511,1.03502,1.03511,23.1599999368191
2025-01-08T04:59:00,1.03512,1.03514,1.0351,1.03512,35.4599999189377
2025-01-08T05:00:00,1.03512,1.03515,1.03512,1.03515,18.8100000619888
2025-01-08T05:01:00,1.03515,1.03515,1.03511,1.03514,27.899999499321
2025-01-08T05:02:00,1.03515,1.0352,1.0351,1.03513,85.7400001883507
2025-01-08T05:03:00,1.03512,1.03513,1.0351,1.03511,54.3900005742908
2025-01-08T05:04:00,1.03512,1.03512,1.03511,1.03511,15.2999999523163
2025-01-08T05:05:00,1.03511,1.03511,1.03506,1.03507,27.8999998569489
2025-01-08T05:06:00,1.03507,1.03508,1.03495,1.03505,107.570001482964
2025-01-08T05:07:00,1.03505,1.03505,1.03497,1.03502,64.7999997138977
2025-01-08T05:08:00,1.03503,1.03507,1.03502,1.03502,54.0000001192093
2025-01-08T05:09:00,1.03501,1.03502,1.03498,1.035,28.7999993562698
2025-01-08T05:10:00,1.03501,1.03502,1.03497,1.03502,84.5999997854233
2025-01-08T05:11:00,1.03503,1.03507,1.03503,1.03507,66.6000006198883
2025-01-08T05:12:00,1.03508,1.03508,1.03504,1.03504,35.0999995470047
2025-01-08T05:13:00,1.03503,1.03503,1.03501,1.03502,69.3900007009506
2025-01-08T05:14:00,1.03502,1.03506,1.03498,1.03502,170.280000209808
2025-01-08T05:15:00,1.03502,1.03512,1.03501,1.03512,142.740001559258
2025-01-08T05:16:00,1.03512,1.03517,1.03511,1.03516,33.2999999523163
2025-01-08T05:17:00,1.03516,1.03516,1.03515,1.03515,17.0999999046326
2025-01-08T05:18:00,1.03515,1.03517,1.03512,1.03516,36.4699999094009
2025-01-08T05:19:00,1.03517,1.03527,1.03517,1.03527,124.559999704361
2025-01-08T05:20:00,1.03526,1.03529,1.03523,1.03528,65.7000002861023
2025-01-08T05:21:00,1.03526,1.03527,1.03524,1.03524,38.7000002861023
2025-01-08T05:22:00,1.03524,1.03528,1.03522,1.03527,55.8900005817413
2025-01-08T05:23:00,1.03528,1.03532,1.03528,1.0353,71.3699994087219
2025-01-08T05:24:00,1.03531,1.03537,1.0353,1.03536,93.1499984264374
2025-01-08T05:25:00,1.03535,1.03535,1.0353,1.03532,26.9999995231628
2025-01-08T05:26:00,1.03534,1.0354,1.03534,1.03539,107.549999833107
2025-01-08T05:27:00,1.03542,1.03547,1.03542,1.03546,63.4700002670288
2025-01-08T05:28:00,1.03547,1.0355,1.03547,1.0355,35.099999666214
2025-01-08T05:29:00,1.03548,1.03552,1.03548,1.03548,32.8499997854233
2025-01-08T05:30:00,1.03549,1.03552,1.03547,1.0355,101.70000064373
2025-01-08T05:31:00,1.03551,1.03553,1.0355,1.03553,45.9000000953674
2025-01-08T05:32:00,1.03553,1.03557,1.03553,1.03557,25.1999998092651
2025-01-08T05:33:00,1.03555,1.03555,1.0355,1.0355,54.4500004053116
2025-01-08T05:34:00,1.03551,1.03551,1.03546,1.03547,26.9999997615814
2025-01-08T05:35:00,1.03545,1.03547,1.03543,1.03545,59.6999999210238
2025-01-08T05:36:00,1.03546,1.03547,1.03538,1.03539,100.890000581741
2025-01-08T05:37:00,1.03538,1.03541,1.03534,1.03538,84.1699998378754
2025-01-08T05:38:00,1.0354,1.03542,1.0354,1.03542,49.5
2025-01-08T05:39:00,1.03544,1.03547,1.03544,1.03547,28.8000001907349
2025-01-08T05:40:00,1.03547,1.03547,1.03541,1.03543,49.9500002861023
2025-01-08T05:41:00,1.03543,1.03546,1.03542,1.03542,80.5500007867813
2025-01-08T05:42:00,1.03541,1.03541,1.03536,1.03537,24.299999833107
2025-01-08T05:43:00,1.03537,1.03537,1.03534,1.03534,9.89999973773956
2025-01-08T05:44:00,1.03533,1.03535,1.03532,1.03532,22.5
2025-01-08T05:45:00,1.03531,1.03532,1.03529,1.03532,66.5999997854233
2025-01-08T05:46:00,1.0353,1.03535,1.0353,1.03533,91.3500007390976
2025-01-08T05:47:00,1.03532,1.03539,1.03532,1.03538,80.1000009775162
2025-01-08T05:48:00,1.03539,1.03539,1.03537,1.03538,11.6999999284744
2025-01-08T05:49:00,1.03537,1.03539,1.03537,1.03539,38.7000004053116
2025-01-08T05:50:00,1.03538,1.0355,1.03538,1.0355,61.2000000476837
2025-01-08T05:51:00,1.0355,1.03551,1.03546,1.03551,75.7199995443225
2025-01-08T05:52:00,1.0355,1.0355,1.03542,1.03542,40.1399997472763
2025-01-08T05:53:00,1.03542,1.03551,1.03542,1.03547,146.249999046326
2025-01-08T05:54:00,1.03547,1.0355,1.03543,1.03548,139.409998178482
2025-01-08T05:55:00,1.03548,1.03553,1.03544,1.03552,88.8899998515844
2025-01-08T05:56:00,1.03553,1.03557,1.03553,1.03553,56.0099999830127
2025-01-08T05:57:00,1.03554,1.03556,1.03553,1.03553,43.8299995660782
2025-01-08T05:58:00,1.03552,1.03555,1.03547,1.03552,89.9099990129471
2025-01-08T05:59:00,1.03552,1.03552,1.03548,1.03549,61.5599996820092
2025-01-08T06:00:00,1.03549,1.03553,1.03548,1.03553,108.360000014305
2025-01-08T06:01:00,1.03553,1.03557,1.03549,1.03557,174.689999461174
2025-01-08T06:02:00,1.03557,1.03558,1.03557,1.03558,35.8199998140335
2025-01-08T06:03:00,1.0356,1.03562,1.03554,1.03555,139.539998292923
2025-01-08T06:04:00,1.03556,1.03571,1.03556,1.03571,203.789997212589
2025-01-08T06:05:00,1.03572,1.03573,1.03571,1.03572,60.4800000190735
2025-01-08T06:06:00,1.03571,1.03574,1.03566,1.03569,110.519999265671
2025-01-08T06:07:00,1.0357,1.03571,1.03556,1.03562,140.939999461174
2025-01-08T06:08:00,1.03563,1.03567,1.03562,1.03567,139.949999213219
2025-01-08T06:09:00,1.03567,1.03571,1.03567,1.0357,59.3999999761581
2025-01-08T06:10:00,1.0357,1.0357,1.03562,1.03563,168.299998998642
2025-01-08T06:11:00,1.03564,1.03568,1.03564,1.03567,150.749998688698
2025-01-08T06:12:00,1.03568,1.03575,1.03566,1.03572,96.2699992060661
2025-01-08T06:13:00,1.03572,1.03575,1.03566,1.03566,142.409998767078
2025-01-08T06:14:00,1.03566,1.03567,1.03561,1.03567,48.0899994298816
2025-01-08T06:15:00,1.03567,1.03571,1.03567,1.03571,51.5699999332428
2025-01-08T06:16:00,1.03571,1.03573,1.03569,1.03572,100.529998540878
2025-01-08T06:17:00,1.03572,1.03572,1.03559,1.03559,92.6999994516373
2025-01-08T06:18:00,1.0356,1.0356,1.03546,1.03547,87.3899989128113
2025-01-08T06:19:00,1.03546,1.03547,1.03541,1.03542,131.870000123978
2025-01-08T06:20:00,1.03541,1.03542,1.03531,1.03531,165.149999499321
2025-01-08T06:21:00,1.03532,1.03551,1.03532,1.03547,174.599999308586
2025-01-08T06:22:00,1.03546,1.03547,1.03541,1.03542,139.409999608994
2025-01-08T06:23:00,1.03542,1.03547,1.03541,1.03547,22.4999996423721
2025-01-08T06:24:00,1.03548,1.03548,1.0354,1.03542,99.0000002384186
2025-01-08T06:25:00,1.03542,1.03547,1.03542,1.03547,90.8999991416931
2025-01-08T06:26:00,1.03547,1.03547,1.0354,1.03542,123.75
2025-01-08T06:27:00,1.03541,1.03543,1.03541,1.03542,25.1999999284744
2025-01-08T06:28:00,1.03543,1.03547,1.03537,1.0354,133.199999928474
2025-01-08T06:29:00,1.03539,1.03543,1.03532,1.03543,182.250000238419
2025-01-08T06:30:00,1.03541,1.03541,1.03535,1.03538,87.5699993371964
2025-01-08T06:31:00,1.03537,1.0354,1.03537,1.03538,103.970000267029
2025-01-08T06:32:00,1.03537,1.03544,1.03537,1.03543,55.5700001716614
2025-01-08T06:33:00,1.03544,1.03544,1.03542,1.03544,42.3000000715256
2025-01-08T06:34:00,1.03544,1.03544,1.03531,1.03531,186.75000166893
2025-01-08T06:35:00,1.0353,1.03538,1.03527,1.03538,128.429999828339
2025-01-08T06:36:00,1.03539,1.03539,1.03531,1.03532,182.339998722076
2025-01-08T06:37:00,1.03531,1.03536,1.03531,1.03536,117.179998636246
2025-01-08T06:38:00,1.03537,1.03545,1.03536,1.03545,179.819997787476
2025-01-08T06:39:00,1.03546,1.03556,1.03542,1.03554,223.339998804033
2025-01-08T06:40:00,1.03555,1.03557,1.03548,1.03553,211.239999055862
2025-01-08T06:41:00,1.03554,1.03562,1.03553,1.03562,112.590000033379
2025-01-08T06:42:00,1.03561,1.03561,1.03553,1.03554,38.6999999284744
2025-01-08T06:43:00,1.03555,1.03555,1.03553,1.03554,82.0799999237061
2025-01-08T06:44:00,1.03553,1.03553,1.03548,1.03552,68.4000017642975
2025-01-08T06:45:00,1.03553,1.03566,1.03553,1.03566,47.7899998426437
2025-01-08T06:46:00,1.03564,1.03564,1.03559,1.03561,49.6800001859665
2025-01-08T06:47:00,1.03562,1.03562,1.0355,1.0355,34.200000166893
2025-01-08T06:48:00,1.03551,1.03552,1.03551,1.03551,13.5000002384186
2025-01-08T06:49:00,1.0355,1.0355,1.03545,1.03545,47.6999998092651
2025-01-08T06:50:00,1.03546,1.03546,1.03542,1.03542,18.8999998569489
2025-01-08T06:51:00,1.03544,1.03546,1.03538,1.03538,120.600000143051
2025-01-08T06:52:00,1.03539,1.03556,1.03538,1.03551,116.279999732971
2025-01-08T06:53:00,1.03552,1.03556,1.03552,1.03552,34.7399995326996
2025-01-08T06:54:00,1.03551,1.03551,1.03541,1.03541,124.379999279976
2025-01-08T06:55:00,1.03541,1.03541,1.03495,1.03505,441.989997208118
2025-01-08T06:56:00,1.03506,1.03508,1.03461,1.03481,370.709999203682
2025-01-08T06:57:00,1.03482,1.03507,1.03482,1.03506,178.919998645782
2025-01-08T06:58:00,1.03507,1.03507,1.03496,1.03501,225.72000002861
2025-01-08T06:59:00,1.03501,1.0352,1.03496,1.03512,110.149998508394
2025-01-08T07:00:00,1.03512,1.03513,1.03471,1.03473,229.549998022616
2025-01-08T07:01:00,1.03473,1.03476,1.03435,1.03449,307.119997158647
2025-01-08T07:02:00,1.03452,1.03458,1.03442,1.03444,548.539993345737
2025-01-08T07:03:00,1.03444,1.03447,1.03425,1.03427,654.389994263649
2025-01-08T07:04:00,1.03426,1.03446,1.03424,1.03435,466.469994425774
2025-01-08T07:05:00,1.03436,1.03457,1.03436,1.03455,217.949999801815
2025-01-08T07:06:00,1.03455,1.03455,1.0344,1.03443,325.32999882102
2025-01-08T07:07:00,1.03442,1.03456,1.03434,1.03452,500.6999983266
2025-01-08T07:08:00,1.03452,1.03452,1.03418,1.03419,404.879999920726
2025-01-08T07:09:00,1.0342,1.03429,1.03414,1.03428,372.869999051094
2025-01-08T07:10:00,1.03428,1.03433,1.03413,1.03422,344.020000576973
2025-01-08T07:11:00,1.03422,1.03425,1.03411,1.03412,198.899999439716
2025-01-08T07:12:00,1.03411,1.03431,1.03411,1.03424,200.790001749992
2025-01-08T07:13:00,1.03425,1.03425,1.03413,1.03424,249.750000476837
2025-01-08T07:14:00,1.03424,1.03455,1.03424,1.03453,311.849999010563
2025-01-08T07:15:00,1.03454,1.03456,1.03441,1.03455,224.099997878075
2025-01-08T07:16:00,1.03456,1.03457,1.03443,1.03445,306.359998047352
2025-01-08T07:17:00,1.03445,1.03459,1.03442,1.03454,307.469997517765
2025-01-08T07:18:00,1.03454,1.03456,1.03445,1.03456,226.34999871254
2025-01-08T07:19:00,1.03457,1.03465,1.03438,1.03439,365.939998626709
2025-01-08T07:20:00,1.03436,1.0346,1.03431,1.03454,602.339999184012
2025-01-08T07:21:00,1.03455,1.03477,1.03454,1.03473,377.849998898804
2025-01-08T07:22:00,1.03473,1.03478,1.03465,1.03476,321.389998555183
2025-01-08T07:23:00,1.03477,1.03477,1.03456,1.0346,253.349998354912
2025-01-08T07:24:00,1.03461,1.03466,1.03455,1.03465,300.690000593662
2025-01-08T07:25:00,1.03464,1.03464,1.03447,1.03453,296.099999904633
2025-01-08T07:26:00,1.03453,1.03457,1.03439,1.0345,236.250000953674
2025-01-08T07:27:00,1.03454,1.03455,1.03439,1.03446,127.800000429153
2025-01-08T07:28:00,1.03446,1.03447,1.03435,1.0344,182.250001072884
2025-01-08T07:29:00,1.0344,1.03446,1.03437,1.03445,119.700000166893
2025-01-08T07:30:00,1.03445,1.03445,1.0342,1.03425,313.199999094009
2025-01-08T07:31:00,1.03427,1.03434,1.03406,1.03407,306.000001192093
2025-01-08T07:32:00,1.03407,1.03427,1.03406,1.03408,334.920001499355
2025-01-08T07:33:00,1.03409,1.03412,1.03399,1.0341,335.249999344349
2025-01-08T07:34:00,1.03412,1.03421,1.0341,1.03415,370.10999905318
2025-01-08T07:35:00,1.03415,1.03415,1.034,1.03406,269.820000171661
2025-01-08T07:36:00,1.03404,1.03404,1.03398,1.03401,188.550002634525
2025-01-08T07:37:00,1.03401,1.0342,1.03399,1.03415,204.840000212193
2025-01-08T07:38:00,1.03416,1.03422,1.03413,1.03421,211.679999291897
2025-01-08T07:39:00,1.03422,1.0343,1.03421,1.03424,266.579998590052
2025-01-08T07:40:00,1.03426,1.0343,1.0341,1.03414,234.23999838531
2025-01-08T07:41:00,1.03413,1.03417,1.03388,1.03388,478.28999786824
2025-01-08T07:42:00,1.03388,1.03397,1.03379,1.03379,435.869997739792
2025-01-08T07:43:00,1.0338,1.03381,1.03349,1.03349,475.139997892082
2025-01-08T07:44:00,1.0335,1.0336,1.03342,1.03356,580.769995629787
2025-01-08T07:45:00,1.03356,1.03356,1.03337,1.0334,548.909997403622
2025-01-08T07:46:00,1.03342,1.03372,1.03339,1.03364,636.41999977082
2025-01-08T07:47:00,1.03364,1.03374,1.03359,1.0336,468.4899995327
2025-01-08T07:48:00,1.0336,1.03364,1.03329,1.03334,344.789998233318
2025-01-08T07:49:00,1.03333,1.0334,1.03325,1.0334,339.569998264313
2025-01-08T07:50:00,1.03341,1.0336,1.03327,1.03327,510.3200006634
2025-01-08T07:51:00,1.03331,1.0334,1.0332,1.03335,520.969997912645
2025-01-08T07:52:00,1.03336,1.0336,1.03332,1.0336,371.009999208152
2025-01-08T07:53:00,1.03361,1.03365,1.03353,1.0336,189.959998548031
2025-01-08T07:54:00,1.03362,1.03365,1.03349,1.03354,245.219998613
2025-01-08T07:55:00,1.03353,1.03353,1.03325,1.03335,431.459996767342
2025-01-08T07:56:00,1.03333,1.03333,1.03316,1.03317,338.430000834167
2025-01-08T07:57:00,1.03316,1.0333,1.03311,1.03319,394.749997496605
2025-01-08T07:58:00,1.03318,1.03318,1.03285,1.033,531.76999810338
2025-01-08T07:59:00,1.03301,1.03324,1.03296,1.03324,365.790000237525
2025-01-08T08:00:00,1.03324,1.03369,1.03322,1.03351,465.98999902606
2025-01-08T08:01:00,1.03358,1.0338,1.03349,1.0335,520.139999002218
2025-01-08T08:02:00,1.03351,1.03351,1.03312,1.0332,294.120000123978
2025-01-08T08:03:00,1.0332,1.03322,1.03288,1.03302,378.719998180866
2025-01-08T08:04:00,1.03302,1.03311,1.03289,1.03293,441.649997532368
2025-01-08T08:05:00,1.03294,1.03306,1.03287,1.0329,402.089999780059
2025-01-08T08:06:00,1.0329,1.03291,1.03249,1.03256,500.80999892205
2025-01-08T08:07:00,1.03256,1.03275,1.03256,1.03256,317.099997490644
2025-01-08T08:08:00,1.03255,1.03256,1.03242,1.03249,324.089998602867
2025-01-08T08:09:00,1.03249,1.03251,1.0322,1.03224,426.329999566078
2025-01-08T08:10:00,1.03225,1.03252,1.03225,1.03245,402.750001505017
2025-01-08T08:11:00,1.03245,1.03268,1.03245,1.03254,389.969998091459
2025-01-08T08:12:00,1.03253,1.03296,1.03252,1.03296,190.370001643896
2025-01-08T08:13:00,1.03296,1.03305,1.03284,1.03297,355.679995901883
2025-01-08T08:14:00,1.03297,1.03311,1.03296,1.03305,346.619996733963
2025-01-08T08:15:00,1.03306,1.03327,1.03301,1.03327,366.719997130334
2025-01-08T08:16:00,1.03326,1.03358,1.03326,1.03353,213.059999749064
2025-01-08T08:17:00,1.03354,1.03361,1.03341,1.03356,204.329999379814
2025-01-08T08:18:00,1.03357,1.03382,1.03356,1.03381,215.479997575283
2025-01-08T08:19:00,1.03381,1.03397,1.03381,1.03381,179.589997939765
2025-01-08T08:20:00,1.03381,1.03391,1.03367,1.03371,230.849997997284
2025-01-08T08:21:00,1.0337,1.03382,1.03368,1.03377,192.439997851849
2025-01-08T08:22:00,1.03377,1.03381,1.03345,1.03348,239.249997615814
2025-01-08T08:23:00,1.03347,1.03357,1.0332,1.03326,305.939997494221
2025-01-08T08:24:00,1.03327,1.03338,1.03314,1.03316,588.239996850491
2025-01-08T08:25:00,1.03314,1.03314,1.03296,1.03304,352.55999815464
2025-01-08T08:26:00,1.03303,1.03306,1.03285,1.03285,221.880000293255
2025-01-08T08:27:00,1.03284,1.03284,1.03268,1.03268,212.25999879837
2025-01-08T08:28:00,1.03267,1.03268,1.03252,1.0326,235.309998869896
2025-01-08T08:29:00,1.03261,1.03267,1.03251,1.03254,225.059998452663
2025-01-08T08:30:00,1.03254,1.03277,1.03236,1.03276,378.450001955032
2025-01-08T08:31:00,1.03276,1.0329,1.03276,1.0329,252.539999067783
2025-01-08T08:32:00,1.03291,1.03299,1.03271,1.03271,349.980000518262
2025-01-08T08:33:00,1.0327,1.03271,1.0326,1.03262,193.409999847412
2025-01-08T08:34:00,1.03264,1.03272,1.03251,1.03255,276.300000190735
2025-01-08T08:35:00,1.03256,1.0327,1.0325,1.03268,199.259999155998
2025-01-08T08:36:00,1.03268,1.03302,1.03267,1.03302,231.150000326335
2025-01-08T08:37:00,1.03301,1.03306,1.03279,1.03279,256.590000212193
2025-01-08T08:38:00,1.03278,1.03281,1.03259,1.03261,280.89000171423
2025-01-08T08:39:00,1.03261,1.03282,1.03261,1.03269,308.819997899234
2025-01-08T08:40:00,1.03269,1.03277,1.03264,1.03274,241.28999876976
2025-01-08T08:41:00,1.03277,1.03296,1.03272,1.03291,182.669998332858
2025-01-08T08:42:00,1.03289,1.03325,1.03288,1.03323,379.739998809993
2025-01-08T08:43:00,1.03324,1.03327,1.03301,1.03304,242.399998769164
2025-01-08T08:44:00,1.03302,1.03305,1.03282,1.03282,153.029999613762
2025-01-08T08:45:00,1.03281,1.03281,1.03261,1.03274,394.010000765324
2025-01-08T08:46:00,1.03273,1.03274,1.03258,1.0326,418.589999675751
2025-01-08T08:47:00,1.0326,1.0327,1.03254,1.03254,373.089998245239
2025-01-08T08:48:00,1.03253,1.03253,1.03219,1.03219,525.960000753403
2025-01-08T08:49:00,1.0322,1.03227,1.032,1.032,467.640002369881
2025-01-08T08:50:00,1.03204,1.03236,1.03204,1.03229,716.039998888969
2025-01-08T08:51:00,1.03229,1.03229,1.03188,1.03202,700.009998857975
2025-01-08T08:52:00,1.03202,1.03204,1.03187,1.03191,364.500000476837
2025-01-08T08:53:00,1.0319,1.03207,1.0319,1.03203,547.549996934831
2025-01-08T08:54:00,1.03204,1.03234,1.03202,1.03231,383.759999513626
2025-01-08T08:55:00,1.03232,1.03252,1.03226,1.03227,512.279998838902
2025-01-08T08:56:00,1.03227,1.03236,1.03206,1.03215,439.379998147488
2025-01-08T08:57:00,1.03214,1.03228,1.03211,1.03211,260.639999866486
2025-01-08T08:58:00,1.03211,1.03211,1.03179,1.03185,563.959999799728
2025-01-08T08:59:00,1.03186,1.03195,1.03184,1.03187,772.649997591972
2025-01-08T09:00:00,1.03187,1.03213,1.03184,1.03201,552.659994006157
2025-01-08T09:01:00,1.032,1.03207,1.03183,1.03196,582.749995172024
2025-01-08T09:02:00,1.03195,1.03196,1.03189,1.03192,237.810000054538
2025-01-08T09:03:00,1.03192,1.03215,1.03192,1.03204,579.059994734824
2025-01-08T09:04:00,1.03207,1.03227,1.03201,1.03227,597.089993417263
2025-01-08T09:05:00,1.03227,1.03237,1.03215,1.03233,538.339995764196
2025-01-08T09:06:00,1.03233,1.03254,1.0323,1.03246,573.769997358322
2025-01-08T09:07:00,1.03246,1.03263,1.03241,1.03247,566.299997448921
2025-01-08T09:08:00,1.03248,1.03257,1.03246,1.03256,420.299998402596
2025-01-08T09:09:00,1.03257,1.03262,1.03246,1.03249,449.100003123283
2025-01-08T09:10:00,1.03248,1.0325,1.03225,1.03234,551.250002563
2025-01-08T09:11:00,1.03233,1.03242,1.03222,1.03236,674.010001003742
2025-01-08T09:12:00,1.03235,1.0326,1.03233,1.03254,605.699996829033
2025-01-08T09:13:00,1.03253,1.03263,1.0325,1.03258,346.949998140335
2025-01-08T09:14:00,1.03256,1.03259,1.03236,1.03246,272.309996470809
2025-01-08T09:15:00,1.03245,1.03245,1.03222,1.03237,409.650001704693
2025-01-08T09:16:00,1.03237,1.03242,1.03222,1.03226,286.260000340641
2025-01-08T09:17:00,1.03225,1.03237,1.03221,1.03231,409.710001766682
2025-01-08T09:18:00,1.0323,1.03249,1.03227,1.03242,339.450001835823
2025-01-08T09:19:00,1.03242,1.03261,1.03234,1.03234,263.520000815392
2025-01-08T09:20:00,1.03233,1.03238,1.03212,1.03212,200.900000557303
2025-01-08T09:21:00,1.03211,1.03211,1.03191,1.03202,500.040001153946
2025-01-08T09:22:00,1.03203,1.03233,1.03203,1.0323,429.869999282062
2025-01-08T09:23:00,1.03231,1.03232,1.03212,1.03217,354.060001075268
2025-01-08T09:24:00,1.03216,1.03217,1.03179,1.03182,437.579998135567
2025-01-08T09:25:00,1.03181,1.03189,1.03154,1.03189,697.169989936054
2025-01-08T09:26:00,1.0319,1.03193,1.0318,1.03185,370.819996118546
2025-01-08T09:27:00,1.03185,1.03197,1.03182,1.03196,417.599996268749
2025-01-08T09:28:00,1.03196,1.03202,1.03184,1.03196,424.509996652603
2025-01-08T09:29:00,1.03198,1.03207,1.03192,1.03205,288.719998240471
2025-01-08T09:30:00,1.03206,1.03217,1.03205,1.03216,359.54999935627
2025-01-08T09:31:00,1.03218,1.03223,1.03197,1.03207,402.509998314083
2025-01-08T09:32:00,1.03207,1.03222,1.03201,1.0322,273.149998545647
2025-01-08T09:33:00,1.03222,1.03228,1.03216,1.03221,257.849999547005
2025-01-08T09:34:00,1.03222,1.03235,1.03219,1.03231,202.500000596046
2025-01-08T09:35:00,1.03231,1.03231,1.03183,1.03198,214.739999949932
2025-01-08T09:36:00,1.03199,1.0321,1.03193,1.0321,129.329998984933
2025-01-08T09:37:00,1.03211,1.0323,1.03209,1.03226,175.739997304976
2025-01-08T09:38:00,1.03227,1.03233,1.03222,1.03233,93.7099990844727
2025-01-08T09:39:00,1.03234,1.03241,1.03231,1.03237,118.549998760223
2025-01-08T09:40:00,1.03236,1.03236,1.03218,1.03225,143.529997467995
2025-01-08T09:41:00,1.03225,1.03246,1.03225,1.03244,92.1599982976913
2025-01-08T09:42:00,1.03243,1.03247,1.03226,1.0323,158.129999279976
2025-01-08T09:43:00,1.03231,1.03237,1.03225,1.03225,182.459998480976
2025-01-08T09:44:00,1.03226,1.0323,1.03216,1.03225,211.770000100136
2025-01-08T09:45:00,1.03226,1.03226,1.03207,1.03217,200.000000417233
2025-01-08T09:46:00,1.03217,1.03218,1.03206,1.03206,169.920001387596
2025-01-08T09:47:00,1.03206,1.0322,1.032,1.03206,291.780000805855
2025-01-08T09:48:00,1.03206,1.03211,1.03198,1.03198,122.160000912845
2025-01-08T09:49:00,1.032,1.032,1.03172,1.03176,295.859999887645
2025-01-08T09:50:00,1.03175,1.03191,1.03175,1.0318,168.750000357628
2025-01-08T09:51:00,1.03181,1.03196,1.03174,1.03194,227.039997324347
2025-01-08T09:52:00,1.03195,1.03209,1.03191,1.03207,64.3499990478158
2025-01-08T09:53:00,1.03206,1.03221,1.03206,1.0321,78.389998793602
2025-01-08T09:54:00,1.03212,1.03213,1.03183,1.03185,231.189998798072
2025-01-08T09:55:00,1.03184,1.03184,1.03169,1.03172,132.569998182356
2025-01-08T09:56:00,1.03171,1.03187,1.03171,1.03182,98.0299991667271
2025-01-08T09:57:00,1.03184,1.03194,1.03171,1.03171,96.3899993896484
2025-01-08T09:58:00,1.03171,1.03197,1.03171,1.03192,98.4599982276559
2025-01-08T09:59:00,1.03191,1.03195,1.03188,1.03194,131.17999778688
2025-01-08T10:00:00,1.03193,1.03205,1.0318,1.03182,146.309998892248
2025-01-08T10:01:00,1.03182,1.03199,1.03182,1.03198,71.6599986627698
2025-01-08T10:02:00,1.03198,1.03211,1.03189,1.03191,90.6899991631508
2025-01-08T10:03:00,1.03192,1.03209,1.03192,1.03192,131.619999043643
2025-01-08T10:04:00,1.03193,1.03193,1.03161,1.03161,81.9199982881546
2025-01-08T10:05:00,1.03161,1.03182,1.03145,1.03178,176.339996784925
2025-01-08T10:06:00,1.03179,1.0318,1.03154,1.03157,120.599998116493
2025-01-08T10:07:00,1.03154,1.03165,1.03137,1.03142,180.449996709824
2025-01-08T10:08:00,1.03141,1.03145,1.03129,1.03133,176.879999749362
2025-01-08T10:09:00,1.03134,1.03138,1.03123,1.03136,166.500000119209
2025-01-08T10:10:00,1.03135,1.0315,1.03134,1.03136,153.059999071062
2025-01-08T10:11:00,1.03135,1.03135,1.03115,1.03115,137.389998070896
2025-01-08T10:12:00,1.03114,1.03122,1.03108,1.03108,229.799997858703
2025-01-08T10:13:00,1.03107,1.03131,1.031,1.03131,187.309998273849
2025-01-08T10:14:00,1.03131,1.03141,1.03125,1.03141,138.989999681711
2025-01-08T10:15:00,1.03143,1.03153,1.03142,1.0315,319.979998320341
2025-01-08T10:16:00,1.0315,1.03158,1.03148,1.03157,239.010000094771
2025-01-08T10:17:00,1.03156,1.03168,1.03156,1.03159,189.89999973774
2025-01-08T10:18:00,1.03158,1.03158,1.03135,1.03137,270.629999041557
2025-01-08T10:19:00,1.03137,1.0314,1.03125,1.0313,203.849998176098
2025-01-08T10:20:00,1.0313,1.03141,1.0313,1.03135,242.09999704361
2025-01-08T10:21:00,1.03134,1.0315,1.03132,1.03144,299.429996982217
2025-01-08T10:22:00,1.03143,1.03145,1.03127,1.03137,280.049997411668
2025-01-08T10:23:00,1.03137,1.03139,1.0313,1.03135,285.479998208582
2025-01-08T10:24:00,1.03135,1.03136,1.03126,1.0313,190.079999685287
2025-01-08T10:25:00,1.03134,1.03155,1.03127,1.03155,347.939998745918
2025-01-08T10:26:00,1.03153,1.03168,1.0315,1.03165,294.389996647835
2025-01-08T10:27:00,1.03165,1.03177,1.03163,1.03172,482.429993860424
2025-01-08T10:28:00,1.03171,1.03176,1.03151,1.03152,298.310000889003
2025-01-08T10:29:00,1.03151,1.03157,1.03143,1.03148,226.909994713962
2025-01-08T10:30:00,1.03147,1.0316,1.03135,1.03156,229.009997189045
2025-01-08T10:31:00,1.03157,1.03157,1.03116,1.03117,232.509996533394
2025-01-08T10:32:00,1.03117,1.03142,1.03117,1.03125,247.159997105598
2025-01-08T10:33:00,1.03124,1.03125,1.03116,1.03116,269.689994685352
2025-01-08T10:34:00,1.03116,1.03152,1.03116,1.03152,291.069999068975
2025-01-08T10:35:00,1.03151,1.03151,1.03141,1.03145,116.719999052584
2025-01-08T10:36:00,1.03143,1.03148,1.03136,1.03142,162.699996940792
2025-01-08T10:37:00,1.03142,1.03148,1.03142,1.03142,167.519996762276
2025-01-08T10:38:00,1.03141,1.03158,1.03141,1.03155,182.669996611774
2025-01-08T10:39:00,1.03155,1.03157,1.03143,1.03146,142.739998579025
2025-01-08T10:40:00,1.03148,1.03155,1.0314,1.0314,105.969997286797
2025-01-08T10:41:00,1.03141,1.03153,1.03131,1.03137,200.409998871386
2025-01-08T10:42:00,1.03136,1.03136,1.03121,1.03125,187.679999232292
2025-01-08T10:43:00,1.03124,1.03127,1.03111,1.03122,154.349999964237
2025-01-08T10:44:00,1.0312,1.03147,1.0312,1.03143,244.890000678599
2025-01-08T10:45:00,1.03142,1.03143,1.03125,1.03128,198.559997729957
2025-01-08T10:46:00,1.03127,1.03152,1.03127,1.0315,185.779997095466
2025-01-08T10:47:00,1.03149,1.03156,1.03147,1.03155,148.429998278618
2025-01-08T10:48:00,1.03156,1.0316,1.03146,1.03152,157.459998250008
2025-01-08T10:49:00,1.03151,1.03151,1.03128,1.03145,223.439997777343
2025-01-08T10:50:00,1.03144,1.03157,1.03139,1.03155,227.859998822212
2025-01-08T10:51:00,1.03155,1.03158,1.03141,1.03142,113.200000815094
2025-01-08T10:52:00,1.03144,1.03162,1.03144,1.03161,74.3000004440546
2025-01-08T10:53:00,1.03161,1.03184,1.03161,1.03177,130.760000765324
2025-01-08T10:54:00,1.03178,1.03184,1.03173,1.03181,155.629995942116
2025-01-08T10:55:00,1.03182,1.03187,1.03176,1.03181,122.929998494685
2025-01-08T10:56:00,1.0318,1.03203,1.0318,1.03199,156.909997940063
2025-01-08T10:57:00,1.03198,1.03199,1.03188,1.03188,135.279997937381
2025-01-08T10:58:00,1.03189,1.03194,1.03184,1.03191,174.239998906851
2025-01-08T10:59:00,1.0319,1.03193,1.03184,1.03191,158.189996883273
2025-01-08T11:00:00,1.03189,1.03198,1.03186,1.03186,255.879997476935
2025-01-08T11:01:00,1.03185,1.03195,1.03178,1.03194,147.729998365045
2025-01-08T11:02:00,1.03194,1.03194,1.03177,1.03177,115.799998298287
2025-01-08T11:03:00,1.03178,1.03185,1.03171,1.03179,244.109998911619
2025-01-08T11:04:00,1.03178,1.03187,1.03176,1.03182,196.560001134872
2025-01-08T11:05:00,1.03183,1.03191,1.03179,1.03181,253.620001912117
2025-01-08T11:06:00,1.03179,1.0318,1.03165,1.0317,287.280002593994
2025-01-08T11:07:00,1.03172,1.03196,1.0317,1.03187,251.820001423359
2025-01-08T11:08:00,1.03188,1.0319,1.03164,1.03174,233.689998552203
2025-01-08T11:09:00,1.03173,1.03178,1.03164,1.03166,194.12999804318
2025-01-08T11:10:00,1.03165,1.03178,1.03163,1.03178,114.089998669922
2025-01-08T11:11:00,1.03177,1.03182,1.03141,1.03142,371.340001620352
2025-01-08T11:12:00,1.03141,1.03168,1.03141,1.03141,481.290003523231
2025-01-08T11:13:00,1.03141,1.03141,1.03117,1.03131,352.050000905991
2025-01-08T11:14:00,1.0313,1.03135,1.03111,1.03111,338.490002095699
2025-01-08T11:15:00,1.0311,1.03117,1.03098,1.03112,311.760002076626
2025-01-08T11:16:00,1.03113,1.03114,1.03099,1.03108,294.150002002716
2025-01-08T11:17:00,1.03106,1.03116,1.03099,1.03112,201.330001115799
2025-01-08T11:18:00,1.03111,1.03114,1.03105,1.03112,203.939999103546
2025-01-08T11:19:00,1.03112,1.03112,1.03071,1.03071,341.670001856983
2025-01-08T11:20:00,1.0307,1.03097,1.0307,1.03083,759.849995732307
2025-01-08T11:21:00,1.03082,1.03082,1.03057,1.03064,556.219996035099
2025-01-08T11:22:00,1.03065,1.03081,1.03062,1.0307,439.199997782707
2025-01-08T11:23:00,1.03071,1.03073,1.03058,1.03064,288.01999771595
2025-01-08T11:24:00,1.03065,1.03083,1.03065,1.03073,276.059998176992
2025-01-08T11:25:00,1.03074,1.03074,1.03048,1.03049,376.409998506308
2025-01-08T11:26:00,1.03049,1.03052,1.03017,1.03017,474.419995903969
2025-01-08T11:27:00,1.03017,1.03051,1.03011,1.03043,610.600001350045
2025-01-08T11:28:00,1.03042,1.03042,1.03008,1.03017,811.229992434382
2025-01-08T11:29:00,1.03017,1.03017,1.03002,1.03003,700.309994161129
2025-01-08T11:30:00,1.03004,1.03005,1.02949,1.02965,808.1999989748
2025-01-08T11:31:00,1.02966,1.02991,1.0289,1.02891,1264.81999718398
2025-01-08T11:32:00,1.0289,1.02941,1.0288,1.0293,1196.81999075413
2025-01-08T11:33:00,1.02931,1.02932,1.02796,1.02826,982.929996430874
2025-01-08T11:34:00,1.02826,1.02873,1.028,1.02841,703.959997087717
2025-01-08T11:35:00,1.02841,1.0287,1.02815,1.02823,576.719995215535
2025-01-08T11:36:00,1.02823,1.0285,1.02817,1.02847,340.619995325804
2025-01-08T11:37:00,1.02851,1.02869,1.02819,1.02856,272.329997740686
2025-01-08T11:38:00,1.02855,1.02861,1.02811,1.02819,429.389996126294
2025-01-08T11:39:00,1.02819,1.02819,1.02747,1.02756,427.739995829761
2025-01-08T11:40:00,1.02759,1.0277,1.02731,1.02766,1096.22998993844
2025-01-08T11:41:00,1.02766,1.02771,1.02745,1.02753,1091.90998779982
2025-01-08T11:42:00,1.02753,1.0278,1.02751,1.02777,1114.14998483658
2025-01-08T11:43:00,1.02778,1.02822,1.02778,1.02822,1004.30998808146
2025-01-08T11:44:00,1.02822,1.02856,1.02797,1.0285,725.389996893704
2025-01-08T11:45:00,1.02848,1.02924,1.02846,1.02922,734.44999717921
2025-01-08T11:46:00,1.02921,1.02921,1.02874,1.02877,957.220001809299
2025-01-08T11:47:00,1.0288,1.02899,1.02876,1.02892,672.029994465411
2025-01-08T11:48:00,1.02891,1.02946,1.02886,1.02946,693.289995126426
2025-01-08T11:49:00,1.02946,1.02958,1.02935,1.02943,728.249999925494
2025-01-08T11:50:00,1.02943,1.02963,1.02941,1.02958,413.579999655485
2025-01-08T11:51:00,1.02958,1.0297,1.02932,1.02964,521.669999599457
2025-01-08T11:52:00,1.02962,1.0297,1.02952,1.02964,299.459997966886
2025-01-08T11:53:00,1.02964,1.02978,1.02942,1.02942,287.719998016953
2025-01-08T11:54:00,1.02943,1.02951,1.02916,1.02933,540.190000876784
2025-01-08T11:55:00,1.02932,1.02948,1.02917,1.0294,427.520000874996
2025-01-08T11:56:00,1.02939,1.02946,1.02924,1.02946,339.919999286532
2025-01-08T11:57:00,1.02945,1.02963,1.02945,1.02962,239.489999890327
2025-01-08T11:58:00,1.02961,1.02967,1.02946,1.02951,317.339998364449
2025-01-08T11:59:00,1.02952,1.02978,1.0295,1.02976,306.690001785755
2025-01-08T12:00:00,1.02975,1.02998,1.02967,1.02991,497.469995141029
2025-01-08T12:01:00,1.0299,1.0299,1.02952,1.02955,282.149997532368
2025-01-08T12:02:00,1.02954,1.02983,1.02953,1.0297,376.649997472763
2025-01-08T12:03:00,1.0297,1.02973,1.02938,1.02938,486.989999264479
2025-01-08T12:04:00,1.02939,1.02943,1.02913,1.02922,550.670000426471
2025-01-08T12:05:00,1.02923,1.02941,1.02917,1.02939,236.970000721514
2025-01-08T12:06:00,1.02939,1.02939,1.02917,1.02938,157.619998328388
2025-01-08T12:07:00,1.02938,1.02945,1.02926,1.02932,279.809999704361
2025-01-08T12:08:00,1.02933,1.02957,1.02932,1.0294,334.199999324977
2025-01-08T12:09:00,1.02942,1.02947,1.02924,1.02936,370.349999547005
2025-01-08T12:10:00,1.02935,1.02948,1.02917,1.02948,429.899999186397
2025-01-08T12:11:00,1.02947,1.02951,1.02936,1.0295,154.769999228418
2025-01-08T12:12:00,1.02949,1.02949,1.02912,1.02919,431.759997956455
2025-01-08T12:13:00,1.0292,1.02942,1.0292,1.02922,311.48999786377
2025-01-08T12:14:00,1.0292,1.02922,1.02894,1.02895,304.289998054504
2025-01-08T12:15:00,1.02894,1.0292,1.02873,1.02898,381.709996268153
2025-01-08T12:16:00,1.02898,1.02912,1.02882,1.02907,262.879995688796
2025-01-08T12:17:00,1.02907,1.02914,1.02903,1.02908,108.439997896552
2025-01-08T12:18:00,1.02911,1.02915,1.02861,1.02867,451.57999573648
2025-01-08T12:19:00,1.02867,1.02873,1.02849,1.02858,640.479996800423
2025-01-08T12:20:00,1.02857,1.0287,1.0285,1.02859,1170.63000881672
2025-01-08T12:21:00,1.02861,1.02898,1.02861,1.02872,1572.71000843495
2025-01-08T12:22:00,1.02873,1.02888,1.02854,1.02856,801.24000287056
2025-01-08T12:23:00,1.02856,1.02868,1.02852,1.02863,889.439993724227
2025-01-08T12:24:00,1.02862,1.02867,1.02844,1.02867,509.419997274876
2025-01-08T12:25:00,1.02869,1.02929,1.02856,1.0291,719.939999073744
2025-01-08T12:26:00,1.02909,1.02911,1.02892,1.02902,351.929998040199
2025-01-08T12:27:00,1.02902,1.02913,1.02888,1.02888,294.509997837245
2025-01-08T12:28:00,1.02889,1.02898,1.02881,1.02891,350.489999525249
2025-01-08T12:29:00,1.02892,1.02893,1.0288,1.02888,350.639996148646
2025-01-08T12:30:00,1.02888,1.02889,1.02861,1.02878,427.109992109239
2025-01-08T12:31:00,1.02877,1.0288,1.0286,1.02863,231.539995759726
2025-01-08T12:32:00,1.02862,1.02871,1.02837,1.02842,332.24999704212
2025-01-08T12:33:00,1.02841,1.02907,1.02832,1.02901,438.210002109408
2025-01-08T12:34:00,1.02899,1.02899,1.02876,1.02887,478.709996856749
2025-01-08T12:35:00,1.02888,1.02907,1.02887,1.02891,345.4800003618
2025-01-08T12:36:00,1.02891,1.02919,1.02891,1.02909,433.439998149872
2025-01-08T12:37:00,1.02909,1.02917,1.029,1.02909,360.649999260902
2025-01-08T12:38:00,1.02909,1.02923,1.02904,1.02923,409.849999248981
2025-01-08T12:39:00,1.02923,1.02953,1.02922,1.02953,479.519997172058
2025-01-08T12:40:00,1.02953,1.03001,1.02944,1.02995,310.019991926849
2025-01-08T12:41:00,1.02997,1.02998,1.02924,1.02924,384.309993207455
2025-01-08T12:42:00,1.02924,1.02935,1.02915,1.02929,474.569999054074
2025-01-08T12:43:00,1.0293,1.02931,1.02914,1.02914,421.079997144639
2025-01-08T12:44:00,1.02913,1.02927,1.02912,1.02923,446.309999123216
2025-01-08T12:45:00,1.02924,1.02947,1.02911,1.02946,401.41000020504
2025-01-08T12:46:00,1.02946,1.02946,1.02932,1.02934,480.179998509586
2025-01-08T12:47:00,1.02935,1.0294,1.029,1.02911,559.380000583827
2025-01-08T12:48:00,1.0291,1.02912,1.02883,1.02883,461.250000834465
2025-01-08T12:49:00,1.02882,1.02882,1.02844,1.02853,609.240000002086
2025-01-08T12:50:00,1.02853,1.02869,1.02853,1.02867,486.579999253154
2025-01-08T12:51:00,1.02867,1.0287,1.02852,1.02862,388.59000133723
2025-01-08T12:52:00,1.02861,1.02878,1.02858,1.02862,151.859999455512
2025-01-08T12:53:00,1.02862,1.02862,1.02822,1.02857,490.109997861087
2025-01-08T12:54:00,1.02856,1.02859,1.02815,1.02821,526.159996986389
2025-01-08T12:55:00,1.02821,1.02824,1.02811,1.0282,711.869997128844
2025-01-08T12:56:00,1.0282,1.02823,1.02808,1.02822,391.270000576973
2025-01-08T12:57:00,1.02822,1.02832,1.0281,1.02814,304.889998778701
2025-01-08T12:58:00,1.02815,1.02833,1.02808,1.02828,294.689999863505
2025-01-08T12:59:00,1.02828,1.02831,1.02821,1.02827,365.429999940097
2025-01-08T13:00:00,1.02825,1.02933,1.02824,1.02892,1127.02999317646
2025-01-08T13:01:00,1.02891,1.02947,1.02887,1.02908,715.769994273782
2025-01-08T13:02:00,1.02911,1.02935,1.029,1.02902,466.999996423721
2025-01-08T13:03:00,1.02903,1.02919,1.02888,1.02913,753.089997418225
2025-01-08T13:04:00,1.02911,1.02912,1.02867,1.02883,1002.00000429899
2025-01-08T13:05:00,1.02881,1.02881,1.02832,1.02836,1197.80000257492
2025-01-08T13:06:00,1.02836,1.02853,1.02823,1.02844,854.069989979267
2025-01-08T13:07:00,1.02845,1.02848,1.02823,1.02824,624.689994692802
2025-01-08T13:08:00,1.02822,1.02827,1.02808,1.02827,567.359993755817
2025-01-08T13:09:00,1.02827,1.02855,1.02824,1.02855,402.869997568429
2025-01-08T13:10:00,1.02856,1.02876,1.02855,1.02872,339.299999266863
2025-01-08T13:11:00,1.02876,1.02896,1.02859,1.02892,360.839999228716
2025-01-08T13:12:00,1.02891,1.02893,1.0287,1.02893,130.089997887611
2025-01-08T13:13:00,1.02892,1.029,1.02887,1.02896,203.759999036789
2025-01-08T13:14:00,1.02898,1.02903,1.02877,1.02887,275.399997353554
2025-01-08T13:15:00,1.02887,1.02965,1.02887,1.02934,594.86999848485
2025-01-08T13:16:00,1.02935,1.02968,1.02914,1.02956,426.87999688834
2025-01-08T13:17:00,1.02956,1.02956,1.02921,1.02921,298.799998641014
2025-01-08T13:18:00,1.02921,1.02921,1.02895,1.02915,505.159997209907
2025-01-08T13:19:00,1.02919,1.02928,1.02897,1.02901,442.469997934997
2025-01-08T13:20:00,1.02901,1.02934,1.0289,1.02911,652.259995251894
2025-01-08T13:21:00,1.02914,1.02946,1.02906,1.02946,521.229996733367
2025-01-08T13:22:00,1.02945,1.02957,1.02925,1.02953,510.439995653927
2025-01-08T13:23:00,1.02953,1.02986,1.02953,1.02984,394.919997215271
2025-01-08T13:24:00,1.02984,1.03005,1.02974,1.02999,329.909996241331
2025-01-08T13:25:00,1.03001,1.03022,1.02988,1.03016,407.480003707111
2025-01-08T13:26:00,1.03016,1.03016,1.02983,1.03007,379.739995829761
2025-01-08T13:27:00,1.03006,1.03041,1.03001,1.03033,157.849999025464
2025-01-08T13:28:00,1.03032,1.03038,1.03024,1.03026,173.099997460842
2025-01-08T13:29:00,1.03026,1.03035,1.02948,1.02955,609.749995827675
2025-01-08T13:30:00,1.02955,1.03022,1.02943,1.03007,1428.58999870718
2025-01-08T13:31:00,1.03007,1.03022,1.02974,1.02982,1055.85999011993
2025-01-08T13:32:00,1.02981,1.02993,1.02946,1.02967,724.199992880225
2025-01-08T13:33:00,1.02968,1.03001,1.02938,1.02939,820.069999352098
2025-01-08T13:34:00,1.02939,1.02947,1.02916,1.02917,1230.55999217927
2025-01-08T13:35:00,1.02919,1.02957,1.02915,1.02957,918.449995100498
2025-01-08T13:36:00,1.02957,1.02979,1.02938,1.02963,998.189993239939
2025-01-08T13:37:00,1.02965,1.02966,1.0292,1.02925,1211.84999650717
2025-01-08T13:38:00,1.02925,1.02948,1.02921,1.02933,1121.39999485016
2025-01-08T13:39:00,1.02933,1.02955,1.02922,1.02922,790.829996168613
2025-01-08T13:40:00,1.02921,1.02938,1.02905,1.02918,1151.12999539822
2025-01-08T13:41:00,1.0292,1.02946,1.02912,1.02944,698.299993559718
2025-01-08T13:42:00,1.02944,1.02971,1.02927,1.02936,575.799996681511
2025-01-08T13:43:00,1.02938,1.02958,1.02922,1.02943,797.339997693896
2025-01-08T13:44:00,1.02947,1.02955,1.02923,1.02943,899.279997348785
2025-01-08T13:45:00,1.02942,1.02956,1.02922,1.02922,1005.20999443531
2025-01-08T13:46:00,1.02921,1.02937,1.02909,1.02933,691.089995972812
2025-01-08T13:47:00,1.02933,1.02957,1.02933,1.02951,395.970002017915
2025-01-08T13:48:00,1.02951,1.02953,1.02933,1.02938,611.479998454452
2025-01-08T13:49:00,1.02937,1.02984,1.02935,1.02961,899.969995461404
2025-01-08T13:50:00,1.02962,1.02962,1.02944,1.02945,667.84999345988
2025-01-08T13:51:00,1.02944,1.02944,1.02923,1.02928,573.479993082583
2025-01-08T13:52:00,1.02928,1.0295,1.02918,1.02934,799.379995785654
2025-01-08T13:53:00,1.02934,1.02938,1.02916,1.02931,785.449995428324
2025-01-08T13:54:00,1.02932,1.02981,1.02928,1.02981,651.50999648869
2025-01-08T13:55:00,1.02982,1.03017,1.02982,1.03007,618.019993305206
2025-01-08T13:56:00,1.03007,1.03007,1.0298,1.0299,384.459995247424
2025-01-08T13:57:00,1.02991,1.03003,1.02982,1.02998,359.159996941686
2025-01-08T13:58:00,1.02998,1.03033,1.02997,1.03023,433.519992649555
2025-01-08T13:59:00,1.03023,1.03042,1.03022,1.03033,375.179997116327
2025-01-08T14:00:00,1.03033,1.03072,1.03033,1.0305,525.729995846748
2025-01-08T14:01:00,1.03049,1.03075,1.03036,1.0306,354.970000252128
2025-01-08T14:02:00,1.0306,1.0306,1.03035,1.03045,329.389999181032
2025-01-08T14:03:00,1.03046,1.03051,1.03022,1.03037,344.769996866584
2025-01-08T14:04:00,1.03036,1.0304,1.03017,1.0302,346.060000449419
2025-01-08T14:05:00,1.0302,1.03022,1.03002,1.03007,260.889997713268
2025-01-08T14:06:00,1.03007,1.03009,1.02984,1.02992,326.679999738932
2025-01-08T14:07:00,1.02991,1.03028,1.02987,1.03021,266.820001937449
2025-01-08T14:08:00,1.03022,1.03037,1.03012,1.03021,208.529999822378
2025-01-08T14:09:00,1.0302,1.03024,1.02985,1.02988,429.839995674789
2025-01-08T14:10:00,1.02989,1.02995,1.02973,1.02984,526.169999971986
2025-01-08T14:11:00,1.02985,1.03007,1.02985,1.02996,487.679998241365
2025-01-08T14:12:00,1.02996,1.02997,1.02971,1.02971,329.579996585846
2025-01-08T14:13:00,1.0297,1.02996,1.0297,1.02986,639.179988853633
2025-01-08T14:14:00,1.02987,1.03005,1.02979,1.02987,554.109992213547
2025-01-08T14:15:00,1.02987,1.02989,1.02966,1.02969,389.409994535148
2025-01-08T14:16:00,1.02969,1.02971,1.0294,1.0294,421.969993054867
2025-01-08T14:17:00,1.0294,1.02968,1.02935,1.02965,501.969997793436
2025-01-08T14:18:00,1.02966,1.02979,1.02963,1.02972,274.90999917686
2025-01-08T14:19:00,1.02971,1.02984,1.02966,1.02967,248.3899974823
2025-01-08T14:20:00,1.02967,1.0299,1.02966,1.0299,294.509997479618
2025-01-08T14:21:00,1.02989,1.02989,1.02965,1.02973,200.609998323023
2025-01-08T14:22:00,1.02971,1.02979,1.02942,1.02943,401.729998193681
2025-01-08T14:23:00,1.02942,1.02955,1.02934,1.02949,565.739995777607
2025-01-08T14:24:00,1.02949,1.02952,1.02937,1.02949,459.989999011159
2025-01-08T14:25:00,1.02951,1.02963,1.02942,1.02948,403.619998417795
2025-01-08T14:26:00,1.02947,1.02964,1.02947,1.02963,318.419999420643
2025-01-08T14:27:00,1.02961,1.02971,1.02958,1.02963,186.749998927116
2025-01-08T14:28:00,1.02961,1.02962,1.02933,1.02934,329.510000348091
2025-01-08T14:29:00,1.02934,1.02936,1.02931,1.02934,119.07000041008
2025-01-08T14:30:00,1.02934,1.02934,1.02908,1.02933,495.729997202754
2025-01-08T14:31:00,1.02934,1.02948,1.02921,1.02924,407.95000012964
2025-01-08T14:32:00,1.02926,1.02948,1.02923,1.02943,346.769997835159
2025-01-08T14:33:00,1.02943,1.02948,1.02934,1.02937,241.949998609722
2025-01-08T14:34:00,1.02938,1.02962,1.02938,1.02955,350.189998567104
2025-01-08T14:35:00,1.02956,1.02958,1.02932,1.02934,443.250001192093
2025-01-08T14:36:00,1.02933,1.02955,1.02927,1.0295,433.499997459352
2025-01-08T14:37:00,1.02949,1.02955,1.02931,1.02953,332.669999726117
2025-01-08T14:38:00,1.02954,1.02963,1.02936,1.02954,386.039998389781
2025-01-08T14:39:00,1.02953,1.02958,1.02914,1.02918,425.879998661578
2025-01-08T14:40:00,1.0292,1.02952,1.02918,1.02951,550.100002288818
2025-01-08T14:41:00,1.02952,1.02967,1.02937,1.02942,336.780000269413
2025-01-08T14:42:00,1.02941,1.02957,1.02931,1.02935,467.359996855259
2025-01-08T14:43:00,1.02936,1.02936,1.02906,1.02908,341.749998189509
2025-01-08T14:44:00,1.0291,1.02933,1.02903,1.02928,504.539999775589
2025-01-08T14:45:00,1.02928,1.02933,1.02918,1.02924,335.669997997582
2025-01-08T14:46:00,1.02923,1.02939,1.02922,1.02932,409.860000133514
2025-01-08T14:47:00,1.02933,1.02964,1.02924,1.02964,425.079997546971
2025-01-08T14:48:00,1.02965,1.02982,1.02953,1.02973,267.479999169707
2025-01-08T14:49:00,1.02972,1.02987,1.02964,1.02987,403.829997777939
2025-01-08T14:50:00,1.02988,1.03019,1.02982,1.02993,316.049998104572
2025-01-08T14:51:00,1.02993,1.03006,1.02985,1.02997,275.879999987781
2025-01-08T14:52:00,1.02997,1.02997,1.02934,1.02945,471.040001802146
2025-01-08T14:53:00,1.02945,1.02949,1.02923,1.02925,317.849997282028
2025-01-08T14:54:00,1.02924,1.02928,1.02907,1.02917,623.989995494485
2025-01-08T14:55:00,1.02919,1.02919,1.02899,1.02903,472.769999682903
2025-01-08T14:56:00,1.02904,1.02919,1.02904,1.02907,565.690000653267
2025-01-08T14:57:00,1.02907,1.02908,1.0289,1.02896,625.769998788834
2025-01-08T14:58:00,1.02897,1.02916,1.0289,1.02912,443.249999403954
2025-01-08T14:59:00,1.02912,1.02918,1.02907,1.02914,315.749997422099
2025-01-08T15:00:00,1.02913,1.02962,1.02913,1.02947,461.84999730438
2025-01-08T15:01:00,1.02946,1.02971,1.02946,1.02967,244.829999439418
2025-01-08T15:02:00,1.02968,1.02991,1.02968,1.02988,431.089997947216
2025-01-08T15:03:00,1.02991,1.03001,1.02981,1.02998,361.799997784197
2025-01-08T15:04:00,1.02998,1.0302,1.02996,1.03007,163.410000443459
2025-01-08T15:05:00,1.03009,1.03044,1.03009,1.0304,161.479999944568
2025-01-08T15:06:00,1.03039,1.03098,1.03033,1.03096,279.380001060665
2025-01-08T15:07:00,1.03096,1.03096,1.03049,1.03054,273.210000008345
2025-01-08T15:08:00,1.03054,1.03066,1.03049,1.03051,526.379996739328
2025-01-08T15:09:00,1.03051,1.03064,1.03049,1.03059,621.419996127486
2025-01-08T15:10:00,1.03061,1.03063,1.0301,1.0301,519.119999587536
2025-01-08T15:11:00,1.03011,1.03037,1.03011,1.03028,584.639996528625
2025-01-08T15:12:00,1.03027,1.03066,1.03021,1.03065,448.799997277558
2025-01-08T15:13:00,1.03066,1.0308,1.03042,1.03053,318.269998654723
2025-01-08T15:14:00,1.03052,1.03089,1.03048,1.03076,521.95999854058
2025-01-08T15:15:00,1.03077,1.03085,1.03046,1.03046,555.060003250837
2025-01-08T15:16:00,1.03047,1.03059,1.03037,1.03054,527.129997543991
2025-01-08T15:17:00,1.03054,1.03073,1.03052,1.03062,400.590000368655
2025-01-08T15:18:00,1.03063,1.03078,1.03054,1.0306,474.749998785555
2025-01-08T15:19:00,1.0306,1.0306,1.03042,1.03052,611.190000891685
2025-01-08T15:20:00,1.03052,1.03052,1.03015,1.03027,605.569998845458
2025-01-08T15:21:00,1.03028,1.03042,1.03022,1.0303,608.159998588264
2025-01-08T15:22:00,1.03031,1.0304,1.03026,1.03032,463.049998044968
2025-01-08T15:23:00,1.03034,1.03041,1.03022,1.03037,512.819995880127
2025-01-08T15:24:00,1.03036,1.0304,1.03021,1.03031,434.159997045994
2025-01-08T15:25:00,1.03031,1.03051,1.03021,1.03038,395.459998130798
2025-01-08T15:26:00,1.03037,1.03043,1.03023,1.03026,369.219997763634
2025-01-08T15:27:00,1.03027,1.03032,1.03012,1.0302,386.639998316765
2025-01-08T15:28:00,1.03021,1.03022,1.03002,1.03002,545.870000898838
2025-01-08T15:29:00,1.03001,1.03014,1.03001,1.03009,389.339999556541
2025-01-08T15:30:00,1.0301,1.03021,1.02996,1.02996,613.379997067153
2025-01-08T15:31:00,1.02998,1.03003,1.02981,1.02984,520.409997098148
2025-01-08T15:32:00,1.02986,1.03007,1.02985,1.02987,573.7499929443
2025-01-08T15:33:00,1.02987,1.03007,1.02986,1.03,429.109998181462
2025-01-08T15:34:00,1.03001,1.03009,1.02972,1.02987,566.169999085367
2025-01-08T15:35:00,1.02986,1.03029,1.02982,1.03011,547.469998002052
2025-01-08T15:36:00,1.03011,1.03012,1.0299,1.03008,370.529998570681
2025-01-08T15:37:00,1.0301,1.03029,1.03008,1.03027,285.089998446405
2025-01-08T15:38:00,1.03025,1.03025,1.03012,1.03013,310.169999472797
2025-01-08T15:39:00,1.03012,1.03024,1.02987,1.02997,351.599999271333
2025-01-08T15:40:00,1.02999,1.0301,1.02966,1.02967,310.109997190535
2025-01-08T15:41:00,1.02966,1.02975,1.02952,1.02975,581.179997436702
2025-01-08T15:42:00,1.02976,1.02986,1.02968,1.02983,462.989998690784
2025-01-08T15:43:00,1.02985,1.0299,1.02971,1.02979,308.25
2025-01-08T15:44:00,1.02978,1.0299,1.02964,1.0299,469.259999871254
2025-01-08T15:45:00,1.02989,1.03004,1.02969,1.02983,377.729999899864
2025-01-08T15:46:00,1.02986,1.03003,1.02953,1.0297,573.869997911155
2025-01-08T15:47:00,1.02968,1.02992,1.02958,1.02988,435.629999302328
2025-01-08T15:48:00,1.02987,1.02999,1.02986,1.02998,302.849999845028
2025-01-08T15:49:00,1.02999,1.03,1.02985,1.02997,509.32999932766
2025-01-08T15:50:00,1.02997,1.03007,1.02971,1.02975,579.299997389317
2025-01-08T15:51:00,1.02975,1.02989,1.02962,1.02987,246.779998660088
2025-01-08T15:52:00,1.02986,1.03001,1.02986,1.02998,237.869998574257
2025-01-08T15:53:00,1.02998,1.03015,1.02994,1.03008,364.999999634922
2025-01-08T15:54:00,1.03009,1.03011,1.02991,1.03005,273.779998660088
2025-01-08T15:55:00,1.03004,1.03008,1.02996,1.03001,248.290000110865
2025-01-08T15:56:00,1.03003,1.03011,1.02997,1.03008,114.299999222159
2025-01-08T15:57:00,1.03009,1.03036,1.0299,1.02998,306.929997846484
2025-01-08T15:58:00,1.02997,1.03009,1.02991,1.03002,289.929998099804
2025-01-08T15:59:00,1.03001,1.03019,1.02998,1.03016,547.019997477531
2025-01-08T16:00:00,1.03017,1.03023,1.02997,1.02999,794.09999743849
2025-01-08T16:01:00,1.02999,1.03017,1.02987,1.03,428.839996114373
2025-01-08T16:02:00,1.03,1.03022,1.02974,1.02976,596.279993318021
2025-01-08T16:03:00,1.02975,1.02982,1.0296,1.02976,411.299999088049
2025-01-08T16:04:00,1.02976,1.02986,1.02971,1.02986,255.029998406768
2025-01-08T16:05:00,1.02987,1.03,1.02977,1.02999,353.789997972548
2025-01-08T16:06:00,1.02999,1.02999,1.02971,1.02976,540.449998676777
2025-01-08T16:07:00,1.02977,1.0298,1.0295,1.02963,512.099997937679
2025-01-08T16:08:00,1.02965,1.02998,1.02959,1.02995,195.330000780523
2025-01-08T16:09:00,1.02994,1.02998,1.02974,1.02974,386.18000023067
2025-01-08T16:10:00,1.02975,1.02992,1.0296,1.0296,559.519996464252
2025-01-08T16:11:00,1.02961,1.02967,1.02953,1.02959,404.999999262393
2025-01-08T16:12:00,1.02961,1.02961,1.02944,1.02949,373.07999882102
2025-01-08T16:13:00,1.02949,1.02992,1.02948,1.0299,214.679999552667
2025-01-08T16:14:00,1.02991,1.02999,1.02985,1.02995,268.229998081923
2025-01-08T16:15:00,1.02995,1.03006,1.02973,1.02983,570.959995746613
2025-01-08T16:16:00,1.02984,1.02997,1.02984,1.0299,283.139997422695
2025-01-08T16:17:00,1.02991,1.02991,1.02983,1.02989,387.449998557568
2025-01-08T16:18:00,1.02989,1.02989,1.02973,1.02975,193.049999237061
2025-01-08T16:19:00,1.02974,1.0299,1.02966,1.02987,268.379999220371
2025-01-08T16:20:00,1.02988,1.0304,1.02988,1.0304,345.660000346601
2025-01-08T16:21:00,1.03041,1.03056,1.03028,1.03031,328.509996287525
2025-01-08T16:22:00,1.03031,1.03048,1.03026,1.03046,113.24999986589
2025-01-08T16:23:00,1.03046,1.03056,1.03041,1.03049,72.2999994084239
2025-01-08T16:24:00,1.03049,1.03082,1.03047,1.03055,169.289998032153
2025-01-08T16:25:00,1.03055,1.03066,1.03047,1.03051,143.419998392463
2025-01-08T16:26:00,1.0305,1.03057,1.03034,1.03034,93.149999551475
2025-01-08T16:27:00,1.03034,1.03034,1.03014,1.03023,201.779998749495
2025-01-08T16:28:00,1.03023,1.03039,1.03004,1.03039,664.199996113777
2025-01-08T16:29:00,1.03039,1.03045,1.03031,1.03035,429.419996798038
2025-01-08T16:30:00,1.03034,1.03046,1.03034,1.0304,354.86999642849
2025-01-08T16:31:00,1.0304,1.03041,1.03019,1.03021,462.779995262623
2025-01-08T16:32:00,1.03021,1.03042,1.03021,1.03041,331.469998776913
2025-01-08T16:33:00,1.0304,1.03045,1.03029,1.03039,702.629996180534
2025-01-08T16:34:00,1.03038,1.03039,1.03024,1.03034,441.949995808303
2025-01-08T16:35:00,1.03035,1.03047,1.03035,1.03044,312.86999707669
2025-01-08T16:36:00,1.03044,1.03056,1.0303,1.03055,209.249999046326
2025-01-08T16:37:00,1.03056,1.03062,1.03046,1.03046,209.809998750687
2025-01-08T16:38:00,1.03046,1.03051,1.03041,1.03047,96.749999165535
2025-01-08T16:39:00,1.03047,1.03051,1.03036,1.03044,191.249998211861
2025-01-08T16:40:00,1.03045,1.03081,1.03045,1.03075,316.389998435974
2025-01-08T16:41:00,1.03076,1.03113,1.03067,1.0307,600.089995063841
2025-01-08T16:42:00,1.03069,1.03088,1.03066,1.03086,442.439996242523
2025-01-08T16:43:00,1.03089,1.03089,1.0305,1.03052,595.999995343387
2025-01-08T16:44:00,1.03051,1.03061,1.0305,1.03052,215.829997718334
2025-01-08T16:45:00,1.03053,1.03055,1.03034,1.0304,388.24999564141
2025-01-08T16:46:00,1.0304,1.0304,1.03019,1.03019,414.059996888041
2025-01-08T16:47:00,1.0302,1.03041,1.03019,1.03041,443.719997525215
2025-01-08T16:48:00,1.03043,1.0308,1.0304,1.03079,427.38999569416
2025-01-08T16:49:00,1.03079,1.03086,1.03072,1.03081,182.999998785555
2025-01-08T16:50:00,1.03082,1.03101,1.03082,1.03086,272.08000061661
2025-01-08T16:51:00,1.03086,1.031,1.03076,1.031,160.440000452101
2025-01-08T16:52:00,1.03099,1.03105,1.03097,1.03101,179.059998750687
2025-01-08T16:53:00,1.03102,1.03136,1.03101,1.0313,251.72999972105
2025-01-08T16:54:00,1.0313,1.03137,1.03122,1.03128,270.879998795688
2025-01-08T16:55:00,1.03127,1.03133,1.03119,1.03123,315.000000357628
2025-01-08T16:56:00,1.03122,1.03141,1.03119,1.03138,203.11999874562
2025-01-08T16:57:00,1.03137,1.0314,1.03111,1.03139,626.08999633044
2025-01-08T16:58:00,1.0314,1.03144,1.03136,1.03136,245.929998785257
2025-01-08T16:59:00,1.03137,1.03138,1.03119,1.03125,531.079999305308
2025-01-08T17:00:00,1.03127,1.03128,1.03112,1.03115,505.819997929037
2025-01-08T17:01:00,1.03116,1.03133,1.03115,1.03126,368.469996623695
2025-01-08T17:02:00,1.03125,1.03125,1.03092,1.03092,330.699999690056
2025-01-08T17:03:00,1.03093,1.03101,1.03083,1.03084,170.199998430908
2025-01-08T17:04:00,1.03084,1.03094,1.0308,1.03081,242.619998931885
2025-01-08T17:05:00,1.03081,1.03086,1.03053,1.03055,320.899997450411
2025-01-08T17:06:00,1.03055,1.03072,1.03041,1.03046,221.459999673069
2025-01-08T17:07:00,1.03047,1.03061,1.03046,1.03057,223.919998407364
2025-01-08T17:08:00,1.03057,1.03061,1.03041,1.03051,213.879998795688
2025-01-08T17:09:00,1.03052,1.03065,1.03048,1.03062,145.129999756813
2025-01-08T17:10:00,1.03061,1.03061,1.03048,1.03048,218.109999418259
2025-01-08T17:11:00,1.03047,1.03058,1.03046,1.03053,80.7199999019504
2025-01-08T17:12:00,1.03052,1.03052,1.03026,1.03041,844.560000702739
2025-01-08T17:13:00,1.03041,1.03051,1.03036,1.0305,339.870000690222
2025-01-08T17:14:00,1.03049,1.03049,1.03034,1.03038,225.210000030696
2025-01-08T17:15:00,1.03039,1.03053,1.03024,1.03025,194.970000617206
2025-01-08T17:16:00,1.03025,1.0303,1.03016,1.03016,532.889998912811
2025-01-08T17:17:00,1.03018,1.03021,1.02999,1.03001,781.260007485747
2025-01-08T17:18:00,1.03001,1.03007,1.02992,1.03001,242.159997567534
2025-01-08T17:19:00,1.03003,1.03007,1.02984,1.03007,572.849996566772
2025-01-08T17:20:00,1.03007,1.03026,1.03007,1.03025,263.790000200272
2025-01-08T17:21:00,1.03026,1.03031,1.03022,1.03026,434.340001344681
2025-01-08T17:22:00,1.03026,1.03042,1.03026,1.03027,361.979999780655
2025-01-08T17:23:00,1.03026,1.03028,1.03016,1.03022,419.939997673035
2025-01-08T17:24:00,1.03022,1.03044,1.03022,1.03039,585.659994952381
2025-01-08T17:25:00,1.0304,1.03047,1.03032,1.03032,493.719993107021
2025-01-08T17:26:00,1.03032,1.03044,1.03027,1.03041,333.559997916222
2025-01-08T17:27:00,1.03039,1.03039,1.03016,1.03019,608.939994573593
2025-01-08T17:28:00,1.0302,1.03036,1.0302,1.03022,390.119995221496
2025-01-08T17:29:00,1.03021,1.0303,1.03006,1.03029,630.019992411137
2025-01-08T17:30:00,1.03028,1.0303,1.03016,1.03022,368.099995970726
2025-01-08T17:31:00,1.03022,1.03027,1.03011,1.03012,211.049997210503
2025-01-08T17:32:00,1.03012,1.03036,1.03012,1.03029,287.999997317791
2025-01-08T17:33:00,1.0303,1.03034,1.03021,1.03027,122.219999462366
2025-01-08T17:34:00,1.03027,1.03027,1.03016,1.03021,128.789999127388
2025-01-08T17:35:00,1.03021,1.03025,1.03007,1.0301,237.169999063015
2025-01-08T17:36:00,1.03009,1.03009,1.02982,1.02998,194.129998028278
2025-01-08T17:37:00,1.02998,1.02998,1.02986,1.02991,185.819998070598
2025-01-08T17:38:00,1.02991,1.0301,1.0299,1.02996,230.399999558926
2025-01-08T17:39:00,1.02996,1.02997,1.02985,1.02996,218.729998022318
2025-01-08T17:40:00,1.02995,1.03013,1.02988,1.03011,297.179997757077
2025-01-08T17:41:00,1.03012,1.03016,1.0301,1.03015,140.819998607039
2025-01-08T17:42:00,1.03016,1.03027,1.03015,1.03016,253.349998109043
2025-01-08T17:43:00,1.03017,1.03026,1.03006,1.03025,246.899997107685
2025-01-08T17:44:00,1.03026,1.03049,1.03025,1.03049,192.239998102188
2025-01-08T17:45:00,1.03049,1.03049,1.0304,1.03044,152.75999867171
2025-01-08T17:46:00,1.03045,1.03051,1.03037,1.03037,164.329999275506
2025-01-08T17:47:00,1.03037,1.03042,1.03026,1.03029,179.320000231266
2025-01-08T17:48:00,1.03029,1.03035,1.03025,1.03035,276.749999523163
2025-01-08T17:49:00,1.03036,1.03036,1.03016,1.03021,277.789999179542
2025-01-08T17:50:00,1.03024,1.0305,1.03024,1.03046,375.349998943508
2025-01-08T17:51:00,1.03046,1.03046,1.03039,1.03046,130.949999213219
2025-01-08T17:52:00,1.03046,1.03062,1.03046,1.03051,119.6999989748
2025-01-08T17:53:00,1.03051,1.03055,1.03036,1.03038,101.789999246597
2025-01-08T17:54:00,1.03038,1.03046,1.03036,1.03041,85.2299995794892
2025-01-08T17:55:00,1.03045,1.03052,1.03045,1.03051,87.5699992179871
2025-01-08T17:56:00,1.03052,1.0306,1.03046,1.03054,130.950000226498
2025-01-08T17:57:00,1.03053,1.03063,1.0304,1.03045,173.399999879301
2025-01-08T17:58:00,1.03046,1.03055,1.03042,1.03051,111.909999370575
2025-01-08T17:59:00,1.03051,1.03055,1.03049,1.03053,67.0499997511506
2025-01-08T18:00:00,1.03053,1.03071,1.03053,1.03068,136.079999744892
2025-01-08T18:01:00,1.03067,1.03073,1.03055,1.03055,95.6099992915988
2025-01-08T18:02:00,1.03056,1.03104,1.03056,1.03102,309.419998005033
2025-01-08T18:03:00,1.03101,1.0312,1.031,1.03101,143.549999773502
2025-01-08T18:04:00,1.03101,1.03112,1.03095,1.03105,159.839999556541
2025-01-08T18:05:00,1.03105,1.0311,1.03087,1.03101,195.839998424053
2025-01-08T18:06:00,1.03101,1.03115,1.03095,1.03114,167.399999678135
2025-01-08T18:07:00,1.03115,1.03116,1.03081,1.03082,180.269999027252
2025-01-08T18:08:00,1.03082,1.03095,1.03078,1.03081,144.989999175072
2025-01-08T18:09:00,1.03082,1.03095,1.03079,1.03091,91.3499988913536
2025-01-08T18:10:00,1.03093,1.031,1.03089,1.03091,154.889998316765
2025-01-08T18:11:00,1.03091,1.03094,1.03084,1.03094,113.449999324977
2025-01-08T18:12:00,1.03097,1.031,1.03081,1.03082,94.2499997615814
2025-01-08T18:13:00,1.03082,1.0309,1.03077,1.03083,125.189999222755
2025-01-08T18:14:00,1.03084,1.03093,1.03071,1.03071,144.089998006821
2025-01-08T18:15:00,1.03071,1.03094,1.0307,1.03086,106.649999380112
2025-01-08T18:16:00,1.03086,1.03096,1.03086,1.0309,95.8499987125397
2025-01-08T18:17:00,1.0309,1.03111,1.0309,1.03107,118.279999375343
2025-01-08T18:18:00,1.03103,1.03105,1.03097,1.03097,66.8099992200732
2025-01-08T18:19:00,1.03098,1.03102,1.03083,1.03092,125.579998426139
2025-01-08T18:20:00,1.03092,1.03097,1.03087,1.03096,81.1399993821979
2025-01-08T18:21:00,1.03095,1.03102,1.0309,1.0309,65.8799994587898
2025-01-08T18:22:00,1.03089,1.03111,1.03089,1.03101,105.300000011921
2025-01-08T18:23:00,1.03101,1.0311,1.03096,1.03101,73.7999992370605
2025-01-08T18:24:00,1.03101,1.03117,1.031,1.03117,83.3400002717972
2025-01-08T18:25:00,1.03119,1.0313,1.03119,1.03121,114.839999377728
2025-01-08T18:26:00,1.0312,1.03123,1.03109,1.03112,87.2999992966652
2025-01-08T18:27:00,1.03112,1.03113,1.03108,1.03113,62.9999994635582
2025-01-08T18:28:00,1.03112,1.03133,1.03111,1.03131,79.0699994489551
2025-01-08T18:29:00,1.03131,1.03131,1.03117,1.0312,142.219998955727
2025-01-08T18:30:00,1.0312,1.03126,1.03111,1.0312,125.120000064373
2025-01-08T18:31:00,1.03121,1.03134,1.03117,1.03131,87.2999994754791
2025-01-08T18:32:00,1.03132,1.03135,1.03124,1.0313,84.5999984145164
2025-01-08T18:33:00,1.03131,1.03131,1.03116,1.03121,114.209998503327
2025-01-08T18:34:00,1.0312,1.03123,1.0311,1.03117,69.7799988463521
2025-01-08T18:35:00,1.03117,1.03123,1.03117,1.03123,73.4399994015694
2025-01-08T18:36:00,1.03122,1.03138,1.03119,1.03137,66.539999358356
2025-01-08T18:37:00,1.03137,1.03158,1.03136,1.03155,90.6899997144938
2025-01-08T18:38:00,1.03155,1.03155,1.03148,1.03155,100.779998056591
2025-01-08T18:39:00,1.03155,1.03155,1.03142,1.03142,60.1899995803833
2025-01-08T18:40:00,1.03142,1.03143,1.03137,1.03137,86.3499990701675
2025-01-08T18:41:00,1.03137,1.03145,1.03136,1.0314,66.9999993443489
2025-01-08T18:42:00,1.0314,1.03142,1.03134,1.03136,89.8899990320206
2025-01-08T18:43:00,1.03136,1.03143,1.03136,1.03142,43.149999499321
2025-01-08T18:44:00,1.03142,1.03157,1.03142,1.03156,39.0999994277954
2025-01-08T18:45:00,1.03156,1.03157,1.03141,1.03147,72.5399997234344
2025-01-08T18:46:00,1.03145,1.03148,1.03142,1.03147,53.8299997970462
2025-01-08T18:47:00,1.03148,1.03152,1.03138,1.03138,48.4600003510714
2025-01-08T18:48:00,1.03138,1.03141,1.03134,1.0314,82.5599994808435
2025-01-08T18:49:00,1.0314,1.03147,1.03136,1.03137,91.6499984264374
2025-01-08T18:50:00,1.03136,1.03137,1.03135,1.03137,34.7899992465973
2025-01-08T18:51:00,1.03137,1.03141,1.03131,1.03138,67.4499994367361
2025-01-08T18:52:00,1.03137,1.03138,1.03125,1.03125,84.2500002384186
2025-01-08T18:53:00,1.03121,1.03121,1.03107,1.03112,76.8399991989136
2025-01-08T18:54:00,1.03111,1.03115,1.03106,1.03115,85.9899994134903
2025-01-08T18:55:00,1.03116,1.03122,1.03115,1.03116,115.129999279976
2025-01-08T18:56:00,1.03116,1.03121,1.03114,1.03119,94.6399985477328
2025-01-08T18:57:00,1.0312,1.03131,1.0312,1.03127,102.239999592304
2025-01-08T18:58:00,1.03129,1.03134,1.03126,1.03132,179.909998595715
2025-01-08T18:59:00,1.03134,1.03134,1.03124,1.03124,231.029998779297
2025-01-08T19:00:00,1.03126,1.03151,1.03122,1.0314,203.099998220801
2025-01-08T19:01:00,1.03141,1.03151,1.03137,1.0315,195.729999043047
2025-01-08T19:02:00,1.0315,1.03153,1.03132,1.03132,92.4699993729591
2025-01-08T19:03:00,1.03131,1.03137,1.03126,1.03133,95.3599979877472
2025-01-08T19:04:00,1.03133,1.03142,1.03127,1.03141,87.4999983310699
2025-01-08T19:05:00,1.03141,1.03159,1.03141,1.03154,186.799998342991
2025-01-08T19:06:00,1.03153,1.03177,1.0315,1.03177,154.349998056889
2025-01-08T19:07:00,1.03178,1.03182,1.03168,1.03178,180.299997448921
2025-01-08T19:08:00,1.03177,1.03186,1.03171,1.03171,116.199999183416
2025-01-08T19:09:00,1.0317,1.03178,1.03165,1.03173,61.9399999156594
2025-01-08T19:10:00,1.03173,1.03177,1.0317,1.03171,58.5799997225404
2025-01-08T19:11:00,1.03171,1.03172,1.0315,1.0315,89.8699996173382
2025-01-08T19:12:00,1.0315,1.03152,1.03132,1.03133,102.749999761581
2025-01-08T19:13:00,1.03134,1.03141,1.03127,1.03133,96.999998152256
2025-01-08T19:14:00,1.03133,1.03142,1.03127,1.03127,91.1299984455109
2025-01-08T19:15:00,1.03129,1.03152,1.03129,1.03152,59.5499987602234
2025-01-08T19:16:00,1.03152,1.03171,1.03152,1.0317,96.9699980020523
2025-01-08T19:17:00,1.0317,1.0319,1.0317,1.03188,72.7599983215332
2025-01-08T19:18:00,1.03191,1.03207,1.03189,1.03207,87.8399991989136
2025-01-08T19:19:00,1.03209,1.03222,1.03201,1.03214,125.190000288188
2025-01-08T19:20:00,1.03213,1.03213,1.03207,1.03211,114.869998373091
2025-01-08T19:21:00,1.0321,1.03217,1.03204,1.03209,101.189998716116
2025-01-08T19:22:00,1.0321,1.03212,1.03201,1.0321,95.9799987673759
2025-01-08T19:23:00,1.0321,1.03219,1.03208,1.03217,72.5999987125397
2025-01-08T19:24:00,1.03217,1.03228,1.03217,1.03217,62.499998986721
2025-01-08T19:25:00,1.03216,1.03216,1.032,1.032,60.7699990198016
2025-01-08T19:26:00,1.03201,1.03205,1.03198,1.03198,69.2699983119965
2025-01-08T19:27:00,1.03198,1.03213,1.03192,1.03211,119.989998340607
2025-01-08T19:28:00,1.03212,1.03235,1.03212,1.03234,146.039998173714
2025-01-08T19:29:00,1.03235,1.03242,1.03234,1.03237,72.2699991390109
2025-01-08T19:30:00,1.03236,1.03236,1.03207,1.03216,117.119998030365
2025-01-08T19:31:00,1.03216,1.03216,1.03202,1.03203,75.3399994522333
2025-01-08T19:32:00,1.03202,1.03208,1.0319,1.03192,119.960001021624
2025-01-08T19:33:00,1.03191,1.03191,1.03182,1.03191,121.909999065101
2025-01-08T19:34:00,1.03192,1.03192,1.03171,1.03171,132.889998495579
2025-01-08T19:35:00,1.03172,1.03185,1.03169,1.03172,247.559999704361
2025-01-08T19:36:00,1.03174,1.03176,1.03158,1.03159,144.189999818802
2025-01-08T19:37:00,1.03158,1.03175,1.03157,1.03166,129.519998311996
2025-01-08T19:38:00,1.03167,1.03167,1.0314,1.03141,159.379999041557
2025-01-08T19:39:00,1.03143,1.0315,1.03126,1.03128,197.829998850822
2025-01-08T19:40:00,1.03128,1.03141,1.03126,1.03127,105.809998944402
2025-01-08T19:41:00,1.03125,1.03135,1.03118,1.03127,134.789999067783
2025-01-08T19:42:00,1.03128,1.03136,1.03124,1.03124,106.029998630285
2025-01-08T19:43:00,1.03125,1.03128,1.03122,1.03126,59.7499992847443
2025-01-08T19:44:00,1.03127,1.03132,1.03116,1.03116,69.9599987268448
2025-01-08T19:45:00,1.03116,1.03125,1.03114,1.03122,86.1699990406632
2025-01-08T19:46:00,1.0312,1.0312,1.03108,1.03117,70.4500002488494
2025-01-08T19:47:00,1.03117,1.03122,1.03101,1.03103,86.2399984821677
2025-01-08T19:48:00,1.03103,1.03103,1.03099,1.03102,56.4999988079071
2025-01-08T19:49:00,1.03102,1.03112,1.03097,1.03107,61.3299993276596
2025-01-08T19:50:00,1.03107,1.03121,1.03101,1.03101,171.629999220371
2025-01-08T19:51:00,1.03104,1.03112,1.031,1.031,118.699999094009
2025-01-08T19:52:00,1.03102,1.03106,1.03092,1.03093,108.229999043047
2025-01-08T19:53:00,1.03094,1.03098,1.03088,1.03091,114.409999020398
2025-01-08T19:54:00,1.03092,1.03101,1.0309,1.03097,94.6999986171722
2025-01-08T19:55:00,1.03098,1.03102,1.0309,1.03092,87.2700000405312
2025-01-08T19:56:00,1.03091,1.03094,1.03083,1.03085,60.7699999511242
2025-01-08T19:57:00,1.03086,1.03089,1.03081,1.03085,89.8899988532066
2025-01-08T19:58:00,1.03087,1.03101,1.03087,1.03098,87.3199994713068
2025-01-08T19:59:00,1.03097,1.03098,1.03089,1.0309,132.330000296235
2025-01-08T20:00:00,1.03091,1.0312,1.0309,1.0312,88.4199999645352
2025-01-08T20:01:00,1.03121,1.03121,1.03112,1.03118,64.0499997064471
2025-01-08T20:02:00,1.03117,1.03119,1.03095,1.03097,82.8900001570582
2025-01-08T20:03:00,1.03097,1.03107,1.03097,1.03104,88.5699998736382
2025-01-08T20:04:00,1.03103,1.03107,1.03101,1.03107,69.0600000992417
2025-01-08T20:05:00,1.03106,1.0311,1.03102,1.03102,43.9199990034103
2025-01-08T20:06:00,1.03102,1.03104,1.031,1.03102,46.7999994754791
2025-01-08T20:07:00,1.03102,1.03109,1.03097,1.03107,78.2499994039536
2025-01-08T20:08:00,1.03107,1.03115,1.03106,1.03112,45.1999995708466
2025-01-08T20:09:00,1.0311,1.0311,1.03096,1.0311,45.1499997973442
2025-01-08T20:10:00,1.0311,1.03112,1.03096,1.03096,76.7799991294742
2025-01-08T20:11:00,1.03096,1.03101,1.03091,1.03091,62.4499999284744
2025-01-08T20:12:00,1.03092,1.03092,1.03079,1.03079,65.6599994897842
2025-01-08T20:13:00,1.0308,1.03088,1.03079,1.03083,59.7499990463257
2025-01-08T20:14:00,1.03084,1.03089,1.03081,1.03088,23.1999995708466
2025-01-08T20:15:00,1.03088,1.03111,1.03088,1.03109,95.319998793304
2025-01-08T20:16:00,1.03109,1.03113,1.03104,1.03109,115.089998595417
2025-01-08T20:17:00,1.0311,1.03118,1.0311,1.03117,31.5899993181229
2025-01-08T20:18:00,1.03117,1.03131,1.03117,1.03123,88.0999987125397
2025-01-08T20:19:00,1.03125,1.0313,1.03125,1.03128,102.129998207092
2025-01-08T20:20:00,1.03126,1.03131,1.03125,1.03129,79.0799986124039
2025-01-08T20:21:00,1.0313,1.03131,1.03118,1.0312,178.849999785423
2025-01-08T20:22:00,1.03123,1.03127,1.03107,1.03107,113.959999255836
2025-01-08T20:23:00,1.03108,1.03122,1.03108,1.03122,99.3000001907349
2025-01-08T20:24:00,1.03121,1.03121,1.03116,1.03117,65.3500002622604
2025-01-08T20:25:00,1.03117,1.03119,1.03112,1.03112,117.75
2025-01-08T20:26:00,1.03112,1.03112,1.03107,1.03112,79.4499995708466
2025-01-08T20:27:00,1.03113,1.03123,1.03113,1.03116,43.5799996852875
2025-01-08T20:28:00,1.03116,1.03123,1.03116,1.03123,60.2499992847443
2025-01-08T20:29:00,1.03122,1.03126,1.03116,1.03116,98.7200001478195
2025-01-08T20:30:00,1.03116,1.03119,1.03116,1.03116,66.9499992132187
2025-01-08T20:31:00,1.03116,1.03126,1.03113,1.03123,80.2899985313416
2025-01-08T20:32:00,1.03124,1.03124,1.03114,1.03116,47.8199994564056
2025-01-08T20:33:00,1.03115,1.03115,1.03108,1.03108,62.4499998092651
2025-01-08T20:34:00,1.03107,1.03121,1.03107,1.03118,35.5799991413951
2025-01-08T20:35:00,1.03117,1.03117,1.03109,1.03111,38.0999994277954
2025-01-08T20:36:00,1.03112,1.03121,1.03112,1.03118,44.7899990081787
2025-01-08T20:37:00,1.03117,1.03125,1.03115,1.03119,36.7899998351932
2025-01-08T20:38:00,1.03119,1.03119,1.03111,1.03116,35.5399999395013
2025-01-08T20:39:00,1.03117,1.03121,1.03116,1.03117,17.8999999910593
2025-01-08T20:40:00,1.03117,1.03122,1.03117,1.03121,31.0899996310472
2025-01-08T20:41:00,1.03122,1.03124,1.03116,1.03117,39.9199998900294
2025-01-08T20:42:00,1.03117,1.03123,1.03116,1.03122,28.9599999114871
2025-01-08T20:43:00,1.03121,1.03132,1.03121,1.03132,46.219999961555
2025-01-08T20:44:00,1.03132,1.03152,1.03131,1.03152,65.3399993702769
2025-01-08T20:45:00,1.03152,1.03154,1.03148,1.03148,59.3000001087785
2025-01-08T20:46:00,1.03149,1.03149,1.03135,1.03136,76.989999756217
2025-01-08T20:47:00,1.03137,1.0315,1.0313,1.03149,89.0099993944168
2025-01-08T20:48:00,1.03149,1.03157,1.03147,1.03157,59.379999101162
2025-01-08T20:49:00,1.03158,1.03167,1.03157,1.03157,53.6000002622604
2025-01-08T20:50:00,1.03158,1.03163,1.03156,1.03158,82.60999982059
2025-01-08T20:51:00,1.03157,1.03161,1.03156,1.03157,30.1700001135468
2025-01-08T20:52:00,1.03156,1.03157,1.03156,1.03156,6.76000003516674
2025-01-08T20:53:00,1.03156,1.03156,1.0315,1.03151,31.2399999201298
2025-01-08T20:54:00,1.03152,1.03159,1.0315,1.03157,21.4699998795986
2025-01-08T20:55:00,1.03157,1.03161,1.03151,1.03151,51.9800001457334
2025-01-08T20:56:00,1.03151,1.03152,1.03141,1.03145,64.6899991482496
2025-01-08T20:57:00,1.03145,1.03158,1.03145,1.03158,34.6699997186661
2025-01-08T20:58:00,1.03157,1.03163,1.03155,1.03162,69.8899995610118
2025-01-08T20:59:00,1.03163,1.03163,1.03159,1.0316,59.5000002607703
2025-01-08T21:00:00,1.03161,1.03168,1.0316,1.03164,70.2599997520447
2025-01-08T21:01:00,1.03162,1.03172,1.03162,1.03172,38.8900003135204
2025-01-08T21:02:00,1.03172,1.03178,1.03167,1.03177,24.6900001168251
2025-01-08T21:03:00,1.03177,1.03178,1.03169,1.03169,21.4899995326996
2025-01-08T21:04:00,1.0317,1.03183,1.03169,1.03182,31.0599998161197
2025-01-08T21:05:00,1.03183,1.03191,1.03182,1.03186,40.8899997398257
2025-01-08T21:06:00,1.03184,1.03185,1.03179,1.03179,8.69999992847443
2025-01-08T21:07:00,1.0318,1.03181,1.03175,1.03176,15.0999999642372
2025-01-08T21:08:00,1.03177,1.03189,1.03176,1.03189,17.8999998569489
2025-01-08T21:09:00,1.03188,1.03189,1.03188,1.03189,11.41999989748
2025-01-08T21:10:00,1.03191,1.03191,1.03181,1.03181,13.2300000190735
2025-01-08T21:11:00,1.03181,1.03181,1.03169,1.03169,31.4299999475479
2025-01-08T21:12:00,1.03169,1.03172,1.03167,1.03167,23.1899997591972
2025-01-08T21:13:00,1.03168,1.03174,1.03167,1.03172,29.0800000429153
2025-01-08T21:14:00,1.03173,1.03173,1.03172,1.03172,23.2999999523163
2025-01-08T21:15:00,1.03174,1.03174,1.03173,1.03173,18.1699997186661
2025-01-08T21:16:00,1.03173,1.03177,1.03172,1.03177,13.9999997615814
2025-01-08T21:17:00,1.03177,1.03181,1.03177,1.03181,20.3999998569489
2025-01-08T21:18:00,1.03179,1.0318,1.03177,1.03177,23.4500002861023
2025-01-08T21:19:00,1.03177,1.03177,1.03174,1.03175,8.30000007152557
2025-01-08T21:20:00,1.03173,1.03173,1.03165,1.03172,19.5000000596046
2025-01-08T21:21:00,1.03171,1.03172,1.03169,1.03169,7.29999983310699
2025-01-08T21:22:00,1.03169,1.03169,1.03165,1.03165,12.799999833107
2025-01-08T21:23:00,1.03164,1.03165,1.03162,1.03162,10.4999997615814
2025-01-08T21:24:00,1.03162,1.03162,1.03161,1.03161,4.09999990463257
2025-01-08T21:25:00,1.03161,1.03161,1.03161,1.03161,1.39999997615814
2025-01-08T21:26:00,1.03161,1.03161,1.03161,1.03161,2.29999995231628
2025-01-08T21:27:00,1.03161,1.03161,1.03156,1.03156,20.200000166893
2025-01-08T21:28:00,1.03156,1.03156,1.03155,1.03155,8.89999985694885
2025-01-08T21:29:00,1.03155,1.03162,1.03155,1.03157,40.4399995803833
2025-01-08T21:30:00,1.03156,1.03156,1.0315,1.03151,23.1899999976158
2025-01-08T21:31:00,1.03151,1.03157,1.03151,1.03155,21.8499997854233
2025-01-08T21:32:00,1.03154,1.03155,1.03154,1.03155,19.4699997901917
2025-01-08T21:33:00,1.03155,1.03156,1.03154,1.03155,10.700000166893
2025-01-08T21:34:00,1.03156,1.03158,1.03154,1.03156,18.0399999022484
2025-01-08T21:35:00,1.03155,1.03156,1.03155,1.03155,7.99999988079071
2025-01-08T21:36:00,1.03155,1.03155,1.0315,1.03152,13.9399998784065
2025-01-08T21:37:00,1.03153,1.03155,1.03149,1.03149,56.5999991893768
2025-01-08T21:38:00,1.03148,1.03157,1.03146,1.03157,35.4999992847443
2025-01-08T21:39:00,1.03159,1.03163,1.03152,1.03153,48.6499996185303
2025-01-08T21:40:00,1.03154,1.03157,1.03154,1.03156,12.3999998569489
2025-01-08T21:41:00,1.03155,1.03156,1.0315,1.03151,23.8399999141693
2025-01-08T21:42:00,1.0315,1.03156,1.03149,1.03154,24.6099996864796
2025-01-08T21:43:00,1.03155,1.0316,1.03154,1.03158,17.7099996656179
2025-01-08T21:44:00,1.03159,1.0316,1.03153,1.03153,25.1200001761317
2025-01-08T21:45:00,1.03154,1.03161,1.03154,1.03158,22.5099999606609
2025-01-08T21:46:00,1.03158,1.03168,1.03158,1.03167,23.6799997985363
2025-01-08T21:47:00,1.03166,1.03166,1.03162,1.03163,28.2599999308586
2025-01-08T21:48:00,1.03163,1.03166,1.03163,1.03166,20.6699997186661
2025-01-08T21:49:00,1.03167,1.03171,1.03164,1.03168,37.2899997234344
2025-01-08T21:50:00,1.03169,1.03176,1.03166,1.03172,52.869999691844
2025-01-08T21:51:00,1.03171,1.03174,1.03171,1.03174,19.7499998807907
2025-01-08T21:52:00,1.03174,1.03184,1.03174,1.03183,22.5400000065565
2025-01-08T21:53:00,1.03182,1.0319,1.03178,1.03179,19.5299998447299
2025-01-08T21:54:00,1.03178,1.0318,1.03177,1.03177,4.56999990344048
2025-01-08T21:55:00,1.03178,1.03191,1.03178,1.03191,12.5099997892976
2025-01-08T21:56:00,1.03191,1.03195,1.03191,1.03194,4.26999989897013
2025-01-08T21:57:00,1.03194,1.03196,1.03194,1.03196,4.53999992460012
2025-01-08T21:58:00,1.03196,1.03196,1.03189,1.0319,58.2000003680587
2025-01-08T21:59:00,1.03189,1.0319,1.03178,1.03178,90.4499986171722
2025-01-08T22:00:00,1.03178,1.03178,1.0316,1.03161,7.69999986886978
2025-01-08T22:01:00,1.03161,1.03161,1.03161,1.03161,5.7199998497963
2025-01-08T22:02:00,1.03161,1.03161,1.03161,1.03161,2.83999991416931
2025-01-08T22:03:00,1.03161,1.03161,1.0316,1.0316,4.9699998497963
2025-01-08T22:04:00,1.0316,1.0316,1.03157,1.03157,1.41999995708466
2025-01-08T22:05:00,1.03168,1.03169,1.03159,1.03169,2.69999992847443
2025-01-08T22:06:00,1.03159,1.03161,1.03159,1.03161,2.69999992847443
2025-01-08T22:07:00,1.03164,1.03167,1.03156,1.03167,17.9999995231628
2025-01-08T22:08:00,1.03166,1.03167,1.03157,1.03157,7.19999980926514
2025-01-08T22:09:00,1.03157,1.03157,1.03157,1.03157,26.1000003814697
2025-01-08T22:10:00,1.03157,1.03158,1.03157,1.03158,54.9000012874603
2025-01-08T22:11:00,1.03158,1.03159,1.03157,1.03157,58.0499997138977
2025-01-08T22:12:00,1.03157,1.03159,1.03157,1.03158,72.9000005722046
2025-01-08T22:13:00,1.0316,1.0316,1.03158,1.03158,18
2025-01-08T22:14:00,1.03157,1.03157,1.03157,1.03157,11.7000002861023
2025-01-08T22:15:00,1.03158,1.03158,1.03158,1.03158,36
2025-01-08T22:16:00,1.03158,1.03172,1.03158,1.03172,17.0999999642372
2025-01-08T22:17:00,1.03172,1.03173,1.03172,1.03172,7.19999992847443
2025-01-08T22:18:00,1.03172,1.03172,1.03172,1.03172,9.45000016689301
2025-01-08T22:19:00,1.03172,1.03173,1.03172,1.03173,3.60000002384186
2025-01-08T22:20:00,1.03173,1.03173,1.03172,1.03172,2.24999994039536
2025-01-08T22:21:00,1.03173,1.03177,1.03173,1.03175,8.09999984502792
2025-01-08T22:22:00,1.03176,1.03176,1.03173,1.03173,14.4000000953674
2025-01-08T22:23:00,1.03172,1.03173,1.03172,1.03172,5.84999984502792
2025-01-08T22:24:00,1.03173,1.03173,1.03173,1.03173,0.899999976158142
2025-01-08T22:25:00,1.03173,1.03173,1.03173,1.03173,9.44999980926514
2025-01-08T22:26:00,1.03174,1.03176,1.03174,1.03174,7.19999980926514
2025-01-08T22:27:00,1.03175,1.03175,1.03173,1.03173,16.1999995708466
2025-01-08T22:28:00,1.03177,1.03177,1.03176,1.03176,3.59999990463257
2025-01-08T22:29:00,1.03175,1.03176,1.03175,1.03176,1.79999995231628
2025-01-08T22:30:00,1.0318,1.0318,1.0318,1.0318,0.359999991953373
2025-01-08T22:31:00,1.03175,1.03176,1.03175,1.03176,1.79999995231628
2025-01-08T22:32:00,1.03176,1.03176,1.03176,1.03176,1.79999995231628
2025-01-08T22:33:00,1.03176,1.03176,1.03176,1.03176,2.69999992847443
2025-01-08T22:34:00,1.03176,1.03176,1.03176,1.03176,3.59999990463257
2025-01-08T22:35:00,1.03176,1.03176,1.03176,1.03176,1.79999995231628
2025-01-08T22:36:00,1.03176,1.03176,1.03176,1.03176,0.899999976158142
2025-01-08T22:37:00,1.03176,1.03179,1.03172,1.03179,24.2999997138977
2025-01-08T22:38:00,1.03179,1.03179,1.03179,1.03179,0.899999976158142
2025-01-08T22:39:00,1.03179,1.03179,1.03179,1.03179,0.899999976158142
2025-01-08T22:40:00,1.03179,1.03179,1.03178,1.03178,4.49999988079071
2025-01-08T22:41:00,1.03178,1.03181,1.03178,1.03181,6.29999983310699
2025-01-08T22:42:00,1.0318,1.0318,1.03178,1.03179,3.59999990463257
2025-01-08T22:43:00,1.03179,1.03179,1.03178,1.03178,2.69999992847443
2025-01-08T22:44:00,1.03178,1.03178,1.03178,1.03178,1.79999995231628
2025-01-08T22:45:00,1.03178,1.03178,1.03177,1.03177,17.0999995470047
2025-01-08T22:46:00,1.03177,1.03177,1.03177,1.03177,2.69999992847443
2025-01-08T22:47:00,1.03177,1.03177,1.03176,1.03177,10.7999997138977
2025-01-08T22:48:00,1.03177,1.03177,1.03175,1.03176,10.7999997138977
2025-01-08T22:49:00,1.03175,1.03178,1.03175,1.03178,2.25
2025-01-08T22:50:00,1.03175,1.03175,1.03174,1.03174,2.78999996185303
2025-01-08T22:51:00,1.03174,1.03178,1.03174,1.03178,12.2399997115135
2025-01-08T22:52:00,1.03179,1.03179,1.03179,1.03179,0.899999976158142
2025-01-08T22:56:00,1.03179,1.03179,1.03178,1.03178,8.09999978542328
2025-01-08T22:57:00,1.03178,1.03179,1.03178,1.03179,13.5
2025-01-08T22:58:00,1.03179,1.03179,1.03178,1.03178,1.79999995231628
2025-01-08T22:59:00,1.03178,1.03179,1.03178,1.03178,5.39999985694885
2025-01-08T23:00:00,1.03178,1.03178,1.03171,1.03175,35.0999993681908
2025-01-08T23:01:00,1.03175,1.03185,1.03175,1.03185,8.78999976813793
2025-01-08T23:02:00,1.03186,1.03186,1.0318,1.0318,12.9999997615814
2025-01-08T23:03:00,1.03181,1.03181,1.03169,1.0317,18.8999999165535
2025-01-08T23:04:00,1.0317,1.03176,1.0317,1.03171,16.7499999403954
2025-01-08T23:05:00,1.03171,1.03174,1.03171,1.03173,10.9799999147654
2025-01-08T23:06:00,1.03174,1.03177,1.03172,1.03177,4.80999993532896
2025-01-08T23:07:00,1.03177,1.03178,1.03176,1.03178,5.17999999970198
2025-01-08T23:08:00,1.03177,1.03179,1.03177,1.03179,4.69999992847443
2025-01-08T23:09:00,1.03177,1.03177,1.03168,1.03172,26.7799999117851
2025-01-08T23:10:00,1.03172,1.03172,1.03166,1.03171,21.870000064373
2025-01-08T23:11:00,1.03171,1.03175,1.03162,1.03163,24.2599997371435
2025-01-08T23:12:00,1.03162,1.03163,1.03153,1.03157,18.5299997925758
2025-01-08T23:13:00,1.0316,1.0316,1.03152,1.03153,35.5499996393919
2025-01-08T23:14:00,1.03155,1.03157,1.03153,1.03156,22.9999999403954
2025-01-08T23:15:00,1.03156,1.03157,1.03156,1.03157,9.39999997615814
2025-01-08T23:16:00,1.03155,1.03156,1.0315,1.03151,23.6000000238419
2025-01-08T23:17:00,1.0315,1.03151,1.03144,1.03144,32.049999833107
2025-01-08T23:18:00,1.03143,1.03143,1.03139,1.03139,20.7699996829033
2025-01-08T23:19:00,1.03138,1.03143,1.03138,1.03143,17.6499997377396
2025-01-08T23:20:00,1.03143,1.03148,1.0314,1.03144,30.9599997922778
2025-01-08T23:21:00,1.03144,1.03144,1.0314,1.03144,33.899999499321
2025-01-08T23:22:00,1.03142,1.03142,1.03139,1.03139,13.0200000330806
2025-01-08T23:23:00,1.0314,1.03141,1.03139,1.0314,23.0199999809265
2025-01-08T23:24:00,1.03141,1.03146,1.03141,1.03146,8.24999994039536
2025-01-08T23:25:00,1.03145,1.03155,1.03145,1.03154,22.019999794662
2025-01-08T23:26:00,1.03154,1.03154,1.03151,1.03153,7.99999988079071
2025-01-08T23:27:00,1.03154,1.03154,1.03153,1.03153,3.79999995231628
2025-01-08T23:28:00,1.03153,1.03153,1.03151,1.03151,7.89999985694885
2025-01-08T23:29:00,1.03151,1.03153,1.03151,1.03151,21.599999666214
2025-01-08T23:30:00,1.03152,1.03157,1.03152,1.03154,23.1899996995926
2025-01-08T23:31:00,1.03153,1.03156,1.03152,1.03154,24.9999995231628
2025-01-08T23:32:00,1.03155,1.03155,1.03149,1.03152,28.9299995228648
2025-01-08T23:33:00,1.03153,1.03154,1.0315,1.0315,22.8899997472763
2025-01-08T23:34:00,1.03151,1.03152,1.0315,1.03151,35.6000001430511
2025-01-08T23:35:00,1.03152,1.03152,1.03151,1.03152,7.79999983310699
2025-01-08T23:36:00,1.03152,1.03152,1.03152,1.03152,5.39999985694885
2025-01-08T23:37:00,1.0315,1.03151,1.0315,1.0315,20.6999998092651
2025-01-08T23:38:00,1.03151,1.03154,1.03151,1.03154,16.4999999925494
2025-01-08T23:39:00,1.03155,1.03159,1.03155,1.03158,13.0700001642108
2025-01-08T23:40:00,1.03158,1.03158,1.03154,1.03154,5.8899999782443
2025-01-08T23:41:00,1.03153,1.03156,1.03153,1.03156,1.46999999880791
2025-01-08T23:42:00,1.03156,1.03162,1.03156,1.03162,1.96999993920326
2025-01-08T23:43:00,1.03161,1.03167,1.03161,1.03166,11.4200000762939
2025-01-08T23:44:00,1.03166,1.03166,1.03164,1.03164,6.29999983310699
2025-01-08T23:45:00,1.03165,1.03166,1.03165,1.03165,4.79999995231628
2025-01-08T23:46:00,1.03166,1.03166,1.03156,1.03158,20.5499996542931
2025-01-08T23:47:00,1.03159,1.03162,1.03157,1.03157,11.799999833107
2025-01-08T23:48:00,1.03156,1.03156,1.03151,1.03153,11.9999997615814
2025-01-08T23:49:00,1.03154,1.03154,1.03153,1.03153,3.29999995231628
2025-01-08T23:50:00,1.03154,1.03159,1.03154,1.03158,16.7999995946884
2025-01-08T23:51:00,1.03158,1.03158,1.03155,1.03156,21.4999995231628
2025-01-08T23:52:00,1.03156,1.03156,1.03155,1.03155,8.59999978542328
2025-01-08T23:53:00,1.03156,1.03156,1.03148,1.03148,6.48999983072281
2025-01-08T23:54:00,1.0315,1.03152,1.03149,1.03149,21.059999704361
2025-01-08T23:55:00,1.03149,1.0315,1.03149,1.03149,12.6899998188019
2025-01-08T23:56:00,1.03148,1.03151,1.03144,1.03144,15.6999996900558
2025-01-08T23:57:00,1.03143,1.03144,1.0314,1.0314,8.99999988079071
2025-01-08T23:58:00,1.0314,1.03142,1.0314,1.0314,54.469998717308
2025-01-08T23:59:00,1.03139,1.03139,1.03132,1.03132,23.1399997472763
2025-01-09T00:00:00,1.03133,1.03147,1.03133,1.03147,49.0599999278784
2025-01-09T00:01:00,1.03146,1.03146,1.03135,1.03139,40.4399999901652
2025-01-09T00:02:00,1.03139,1.03147,1.03135,1.03146,41.5999994277954
2025-01-09T00:03:00,1.03146,1.03146,1.03143,1.03143,36.9899997711182
2025-01-09T00:04:00,1.03143,1.03143,1.03141,1.03141,17.9599996805191
2025-01-09T00:05:00,1.0314,1.03143,1.03136,1.03137,71.3200000077486
2025-01-09T00:06:00,1.03136,1.03137,1.03131,1.03136,40.7799997925758
2025-01-09T00:07:00,1.0314,1.03142,1.03132,1.03132,46.1400000452995
2025-01-09T00:08:00,1.03132,1.03132,1.03126,1.03126,50.1000000834465
2025-01-09T00:09:00,1.03125,1.0313,1.03122,1.03123,60.1900005638599
2025-01-09T00:10:00,1.03123,1.03124,1.03111,1.03111,42.8699999973178
2025-01-09T00:11:00,1.03112,1.03112,1.03105,1.03105,36.4300000667572
2025-01-09T00:12:00,1.03107,1.03113,1.03107,1.03112,42.9299997091293
2025-01-09T00:13:00,1.03111,1.03118,1.03111,1.03116,48.3899998664856
2025-01-09T00:14:00,1.03116,1.03117,1.03108,1.03112,51.8399994373322
2025-01-09T00:15:00,1.03111,1.03112,1.03108,1.03111,25.7899997830391
2025-01-09T00:16:00,1.03112,1.03118,1.03106,1.03108,64.5099995136261
2025-01-09T00:17:00,1.03108,1.03119,1.03108,1.03117,295.019999027252
2025-01-09T00:18:00,1.03116,1.03122,1.03115,1.03116,153.299999803305
2025-01-09T00:19:00,1.03118,1.03122,1.03118,1.03121,16.2599995955825
2025-01-09T00:20:00,1.03122,1.03124,1.03122,1.03124,27.4799995347857
2025-01-09T00:21:00,1.03123,1.03123,1.0311,1.0311,59.9399999380112
2025-01-09T00:22:00,1.0311,1.03122,1.03106,1.03122,166.949998497963
2025-01-09T00:23:00,1.03121,1.03122,1.03112,1.03112,93.7199993059039
2025-01-09T00:24:00,1.03116,1.03116,1.03115,1.03115,30.5999993085861
2025-01-09T00:25:00,1.03114,1.03119,1.03114,1.03118,132.29999768734
2025-01-09T00:26:00,1.03118,1.03123,1.03118,1.0312,113.399999260902
2025-01-09T00:27:00,1.03119,1.03123,1.03118,1.03118,145.799998521805
2025-01-09T00:28:00,1.03117,1.03118,1.03114,1.03117,63.899999320507
2025-01-09T00:29:00,1.03118,1.03122,1.03117,1.03121,153.899997234344
2025-01-09T00:30:00,1.03122,1.03124,1.03108,1.03112,123.299998402596
2025-01-09T00:31:00,1.03111,1.03116,1.03108,1.03115,161.999998867512
2025-01-09T00:32:00,1.03114,1.03116,1.03086,1.03087,242.549997210503
2025-01-09T00:33:00,1.03086,1.03087,1.03066,1.03078,191.969998948276
2025-01-09T00:34:00,1.03077,1.03077,1.03049,1.03049,152.010001495481
2025-01-09T00:35:00,1.03051,1.0307,1.03051,1.03057,153.280000910163
2025-01-09T00:36:00,1.03058,1.03062,1.03053,1.03061,200.399999700487
2025-01-09T00:37:00,1.0306,1.03068,1.03058,1.03068,125.609999001026
2025-01-09T00:38:00,1.03069,1.03069,1.03059,1.03063,108.629998683929
2025-01-09T00:39:00,1.03063,1.03074,1.03063,1.03073,150.539999827743
2025-01-09T00:40:00,1.03075,1.03078,1.0307,1.0307,95.719999872148
2025-01-09T00:41:00,1.03071,1.03081,1.03068,1.03079,122.039999246597
2025-01-09T00:42:00,1.03079,1.03083,1.03078,1.0308,118.799999475479
2025-01-09T00:43:00,1.0308,1.03082,1.03078,1.03078,122.399999558926
2025-01-09T00:44:00,1.03077,1.03083,1.03077,1.03083,26.9999997615814
2025-01-09T00:45:00,1.03083,1.03088,1.03083,1.03087,76.4999996423721
2025-01-09T00:46:00,1.03088,1.03091,1.03087,1.03087,105.749999165535
2025-01-09T00:47:00,1.03088,1.03093,1.03085,1.03093,193.589998006821
2025-01-09T00:48:00,1.03093,1.03093,1.03087,1.03087,94.4999994039536
2025-01-09T00:49:00,1.03087,1.03087,1.03084,1.03086,20.7899994850159
2025-01-09T00:50:00,1.03087,1.03087,1.03085,1.03086,142.289999246597
2025-01-09T00:51:00,1.03086,1.03091,1.03086,1.03087,94.3199988603592
2025-01-09T00:52:00,1.03086,1.03094,1.03084,1.03093,78.1199997439981
2025-01-09T00:53:00,1.03093,1.03093,1.03083,1.03088,114.870000116527
2025-01-09T00:54:00,1.03088,1.03093,1.03071,1.03071,266.069997183979
2025-01-09T00:55:00,1.03072,1.03095,1.03071,1.03095,200.349999569356
2025-01-09T00:56:00,1.03095,1.03103,1.03093,1.03099,104.489999048412
2025-01-09T00:57:00,1.03101,1.03123,1.03097,1.03123,95.5799994841218
2025-01-09T00:58:00,1.03125,1.03131,1.03119,1.0313,135.659999109805
2025-01-09T00:59:00,1.03129,1.03133,1.03123,1.03131,117.71999950707
2025-01-09T01:00:00,1.03131,1.03138,1.03126,1.03132,266.519999079406
2025-01-09T01:01:00,1.03132,1.03143,1.0313,1.03142,66.66999989748
2025-01-09T01:02:00,1.03144,1.03144,1.03128,1.03131,180.510000258684
2025-01-09T01:03:00,1.0313,1.03134,1.03124,1.03124,155.33999979496
2025-01-09T01:04:00,1.03125,1.03127,1.03119,1.03126,64.4399999976158
2025-01-09T01:05:00,1.03127,1.03127,1.03118,1.03118,88.2000005245209
2025-01-09T01:06:00,1.03119,1.03124,1.03114,1.03124,113.849999427795
2025-01-09T01:07:00,1.03123,1.03131,1.03123,1.03127,134.10000038147
2025-01-09T01:08:00,1.03126,1.0313,1.03119,1.0313,200.699999332428
2025-01-09T01:09:00,1.03131,1.03139,1.03129,1.03138,115.669999599457
2025-01-09T01:10:00,1.03138,1.03144,1.03135,1.03136,143.550000071526
2025-01-09T01:11:00,1.03135,1.03147,1.03132,1.03139,157.500000238419
2025-01-09T01:12:00,1.03139,1.03139,1.03133,1.03133,136.350000977516
2025-01-09T01:13:00,1.03134,1.03134,1.03128,1.03133,84.1500008702278
2025-01-09T01:14:00,1.03133,1.03133,1.03129,1.03133,47.7000000476837
2025-01-09T01:15:00,1.03133,1.03151,1.03133,1.0315,246.599999248981
2025-01-09T01:16:00,1.0315,1.03167,1.03149,1.03158,269.099998235703
2025-01-09T01:17:00,1.03158,1.03159,1.03151,1.03156,92.9699997901917
2025-01-09T01:18:00,1.03156,1.03156,1.03147,1.03152,161.190000295639
2025-01-09T01:19:00,1.03152,1.03159,1.03152,1.03158,109.889999985695
2025-01-09T01:20:00,1.03158,1.03168,1.03157,1.03166,234.029998533428
2025-01-09T01:21:00,1.03167,1.03173,1.03166,1.0317,103.500000476837
2025-01-09T01:22:00,1.03169,1.03171,1.03166,1.03167,170.789997801185
2025-01-09T01:23:00,1.03168,1.0317,1.03165,1.03169,42.3599995002151
2025-01-09T01:24:00,1.03169,1.03172,1.03167,1.03167,35.5099999830127
2025-01-09T01:25:00,1.03167,1.03167,1.0316,1.0316,85.949998497963
2025-01-09T01:26:00,1.03161,1.03164,1.03161,1.03163,43.229999653995
2025-01-09T01:27:00,1.03164,1.03166,1.03163,1.03165,37.4999999627471
2025-01-09T01:28:00,1.03164,1.03164,1.03159,1.0316,39.359998755157
2025-01-09T01:29:00,1.03159,1.03165,1.03159,1.03162,25.1099999919534
2025-01-09T01:30:00,1.0316,1.0316,1.03143,1.03144,86.7599991559982
2025-01-09T01:31:00,1.03144,1.03154,1.03144,1.03154,86.0400006771088
2025-01-09T01:32:00,1.03153,1.03163,1.03153,1.03162,108.990000247955
2025-01-09T01:33:00,1.03161,1.03164,1.03156,1.03156,119.700000166893
2025-01-09T01:34:00,1.03157,1.03158,1.03154,1.03154,39.8699990510941
2025-01-09T01:35:00,1.03153,1.03154,1.0314,1.03142,140.129999995232
2025-01-09T01:36:00,1.03142,1.03144,1.03134,1.03136,196.379999279976
2025-01-09T01:37:00,1.03138,1.03148,1.03136,1.03147,168.390000581741
2025-01-09T01:38:00,1.03148,1.03149,1.03141,1.03143,66.1499998569489
2025-01-09T01:39:00,1.03146,1.03148,1.03139,1.03142,112.500000715256
2025-01-09T01:40:00,1.03144,1.03153,1.03143,1.03153,172.259998679161
2025-01-09T01:41:00,1.03152,1.03153,1.03141,1.03143,125.10000026226
2025-01-09T01:42:00,1.03144,1.03153,1.03144,1.0315,82.7999994754791
2025-01-09T01:43:00,1.0315,1.0315,1.03143,1.03143,163.080000281334
2025-01-09T01:44:00,1.03144,1.03145,1.03139,1.03141,163.800001382828
2025-01-09T01:45:00,1.0314,1.03141,1.03136,1.03136,108.090000033379
2025-01-09T01:46:00,1.03136,1.03136,1.03126,1.03126,158.49000108242
2025-01-09T01:47:00,1.03125,1.03126,1.03121,1.03124,75.6000002622604
2025-01-09T01:48:00,1.03123,1.03133,1.03123,1.03131,107.519998654723
2025-01-09T01:49:00,1.03132,1.03139,1.03131,1.03138,79.7699992358685
2025-01-09T01:50:00,1.03137,1.03145,1.03136,1.03143,66.2400001585484
2025-01-09T01:51:00,1.03143,1.03144,1.03141,1.03144,51.3300005123019
2025-01-09T01:52:00,1.03144,1.03149,1.03139,1.03142,172.189999476075
2025-01-09T01:53:00,1.03141,1.03147,1.03139,1.03146,125.610000193119
2025-01-09T01:54:00,1.03145,1.03145,1.03138,1.0314,157.859998084605
2025-01-09T01:55:00,1.03141,1.03141,1.03137,1.03141,75.7499995827675
2025-01-09T01:56:00,1.03142,1.03146,1.03135,1.03137,104.869999647141
2025-01-09T01:57:00,1.03136,1.03137,1.03135,1.03137,26.329999871552
2025-01-09T01:58:00,1.03136,1.03148,1.03136,1.03144,61.1999998092651
2025-01-09T01:59:00,1.03144,1.03144,1.03136,1.03143,32.9099995940924
2025-01-09T02:00:00,1.03144,1.03146,1.03141,1.03143,67.5899998918176
2025-01-09T02:01:00,1.03143,1.03154,1.03143,1.03153,64.0199997350574
2025-01-09T02:02:00,1.03152,1.03153,1.03151,1.03152,34.1999996900558
2025-01-09T02:03:00,1.03153,1.03154,1.03148,1.03153,30.7200001403689
2025-01-09T02:04:00,1.03155,1.03159,1.03153,1.03159,80.1899993419647
2025-01-09T02:05:00,1.03159,1.03166,1.03158,1.03165,100.52999985218
2025-01-09T02:06:00,1.03165,1.0317,1.03162,1.03165,142.650000095367
2025-01-09T02:07:00,1.03166,1.03166,1.03163,1.03165,131.490000367165
2025-01-09T02:08:00,1.03164,1.03169,1.03163,1.03168,64.8899997472763
2025-01-09T02:09:00,1.03166,1.03166,1.03161,1.03161,57.1499991416931
2025-01-09T02:10:00,1.03162,1.03166,1.03159,1.03164,85.5000001192093
2025-01-09T02:11:00,1.03164,1.03168,1.03163,1.03167,146.249998927116
2025-01-09T02:12:00,1.03168,1.03174,1.03167,1.03173,68.9399988651276
2025-01-09T02:13:00,1.03172,1.03174,1.03171,1.03171,32.3999998569489
2025-01-09T02:14:00,1.03171,1.03173,1.03169,1.03171,95.9400000572205
2025-01-09T02:15:00,1.03172,1.0318,1.03171,1.03174,183.240000844002
2025-01-09T02:16:00,1.03174,1.03176,1.03168,1.03175,99.9899998903275
2025-01-09T02:17:00,1.03174,1.03182,1.03173,1.03178,75.6899998188019
2025-01-09T02:18:00,1.03179,1.03181,1.03177,1.03178,78.4200001880527
2025-01-09T02:19:00,1.03178,1.03187,1.03178,1.03187,40.8599992319942
2025-01-09T02:20:00,1.03186,1.03193,1.03186,1.03193,23.1200006008148
2025-01-09T02:21:00,1.03193,1.032,1.03192,1.03193,28.8299998566508
2025-01-09T02:22:00,1.03191,1.03193,1.03187,1.03187,32.0699996426702
2025-01-09T02:23:00,1.03188,1.03188,1.03179,1.03181,69.0000001117587
2025-01-09T02:24:00,1.03181,1.03182,1.03178,1.0318,39.6599998399615
2025-01-09T02:25:00,1.0318,1.03183,1.03178,1.03178,65.6999989300966
2025-01-09T02:26:00,1.03179,1.03179,1.03173,1.03173,36.0300002992153
2025-01-09T02:27:00,1.03173,1.03173,1.03168,1.03168,20.3699999973178
2025-01-09T02:28:00,1.03168,1.03173,1.03167,1.03173,21.0899993851781
2025-01-09T02:29:00,1.03172,1.03173,1.03168,1.03168,25.620000205934
2025-01-09T02:30:00,1.03169,1.03172,1.03164,1.03164,61.8300000205636
2025-01-09T02:31:00,1.03164,1.03164,1.03158,1.03159,30.9299999326468
2025-01-09T02:32:00,1.03158,1.03158,1.03154,1.03158,27.3899996206164
2025-01-09T02:33:00,1.03157,1.03157,1.03154,1.03154,19.1699992418289
2025-01-09T02:34:00,1.03156,1.03161,1.03156,1.03159,64.9800004959106
2025-01-09T02:35:00,1.0316,1.03163,1.03154,1.03163,94.0499999523163
2025-01-09T02:36:00,1.03163,1.03165,1.03161,1.03163,123.300000190735
2025-01-09T02:37:00,1.03162,1.03166,1.03157,1.03158,81.4499995708466
2025-01-09T02:38:00,1.03159,1.03159,1.03152,1.03153,88.6500000953674
2025-01-09T02:39:00,1.03153,1.03154,1.03153,1.03153,33.2999997138977
2025-01-09T02:40:00,1.03151,1.03152,1.03148,1.03151,147.149998903275
2025-01-09T02:41:00,1.03151,1.03152,1.0315,1.0315,48.6000001430511
2025-01-09T02:42:00,1.03151,1.03169,1.03151,1.03164,129.179999224842
2025-01-09T02:43:00,1.03164,1.03171,1.03164,1.03169,76.139999628067
2025-01-09T02:44:00,1.03168,1.03172,1.03162,1.03163,119.88000023365
2025-01-09T02:45:00,1.03163,1.03173,1.03163,1.03173,144.900001764297
2025-01-09T02:46:00,1.03174,1.03176,1.03171,1.03173,58.950000166893
2025-01-09T02:47:00,1.03172,1.03175,1.03169,1.03173,88.6500000953674
2025-01-09T02:48:00,1.03173,1.03173,1.03164,1.03166,128.249999880791
2025-01-09T02:49:00,1.03167,1.03168,1.03166,1.03167,73.7999999523163
2025-01-09T02:50:00,1.03168,1.03168,1.03159,1.03159,99.5399994850159
2025-01-09T02:51:00,1.0316,1.03162,1.03157,1.03158,69.3000004291534
2025-01-09T02:52:00,1.03158,1.03161,1.03154,1.03161,63.4700002670288
2025-01-09T02:53:00,1.0316,1.03164,1.03158,1.03162,118.980000257492
2025-01-09T02:54:00,1.03163,1.03166,1.03163,1.03164,123.419999949634
2025-01-09T02:55:00,1.03165,1.03167,1.03163,1.03167,185.700000040233
2025-01-09T02:56:00,1.03168,1.0317,1.03164,1.03166,92.2799988910556
2025-01-09T02:57:00,1.03168,1.03171,1.03159,1.03167,139.619999520481
2025-01-09T02:58:00,1.03169,1.03173,1.03164,1.03164,107.249999843538
2025-01-09T02:59:00,1.03166,1.03167,1.03161,1.03165,99.7499993741512
2025-01-09T03:00:00,1.03165,1.03165,1.03161,1.03161,65.6400009319186
2025-01-09T03:01:00,1.03162,1.03164,1.0316,1.03164,26.1000000238419
2025-01-09T03:02:00,1.03163,1.03169,1.03163,1.03167,90.4500002637506
2025-01-09T03:03:00,1.03166,1.03166,1.03163,1.03164,48.119998678565
2025-01-09T03:04:00,1.03165,1.03168,1.03164,1.03168,114.300000548363
2025-01-09T03:05:00,1.03169,1.03172,1.03169,1.03172,69.8399991989136
2025-01-09T03:06:00,1.03174,1.03178,1.03174,1.03178,21.6000001430511
2025-01-09T03:07:00,1.03181,1.03185,1.03181,1.03185,27.8999999761581
2025-01-09T03:08:00,1.03185,1.03193,1.03184,1.03189,65.3699991628528
2025-01-09T03:09:00,1.03191,1.03195,1.03188,1.03191,110.700000166893
2025-01-09T03:10:00,1.03192,1.03198,1.0319,1.03198,42.2999994754791
2025-01-09T03:11:00,1.03199,1.03214,1.03196,1.03211,216.539999485016
2025-01-09T03:12:00,1.0321,1.0321,1.03202,1.03203,62.0999997854233
2025-01-09T03:13:00,1.03203,1.03207,1.03198,1.03199,115.199999690056
2025-01-09T03:14:00,1.03201,1.03203,1.03199,1.03203,84.6900000572205
2025-01-09T03:15:00,1.03203,1.03209,1.03203,1.03207,145.980000972748
2025-01-09T03:16:00,1.03206,1.03206,1.03202,1.03203,68.4000005722046
2025-01-09T03:17:00,1.03204,1.03207,1.03197,1.03197,176.940001368523
2025-01-09T03:18:00,1.03197,1.03197,1.03189,1.03192,74.7000007629395
2025-01-09T03:19:00,1.03192,1.03194,1.03189,1.03193,80.9999996423721
2025-01-09T03:20:00,1.03193,1.03194,1.03187,1.03194,89.1900000572205
2025-01-09T03:21:00,1.03191,1.03193,1.03189,1.03193,37.3500000238419
2025-01-09T03:22:00,1.03192,1.03192,1.03185,1.03186,72.9000000953674
2025-01-09T03:23:00,1.03186,1.03188,1.03186,1.03188,39.6000009775162
2025-01-09T03:24:00,1.03189,1.03191,1.03188,1.03191,27.08999979496
2025-01-09T03:25:00,1.03191,1.03193,1.03176,1.03178,67.4999995231628
2025-01-09T03:26:00,1.03176,1.03183,1.03176,1.0318,123.300000786781
2025-01-09T03:27:00,1.03179,1.03181,1.03178,1.03179,32.4000000953674
2025-01-09T03:28:00,1.03178,1.03186,1.03176,1.03185,89.5499993562698
2025-01-09T03:29:00,1.03185,1.03187,1.03183,1.03183,125.100000739098
2025-01-09T03:30:00,1.03183,1.03193,1.0318,1.03193,87.3000003099442
2025-01-09T03:31:00,1.03192,1.03194,1.03192,1.03192,41.4000005722046
2025-01-09T03:32:00,1.0319,1.03193,1.03187,1.03193,50.4000000953674
2025-01-09T03:33:00,1.03193,1.03194,1.03193,1.03194,63.0000009536743
2025-01-09T03:34:00,1.03193,1.03197,1.03193,1.03197,78.7700011730194
2025-01-09T03:35:00,1.03198,1.032,1.03194,1.03194,97.2000004053116
2025-01-09T03:36:00,1.03194,1.03196,1.03193,1.03193,135.899999856949
2025-01-09T03:37:00,1.03192,1.03192,1.03184,1.0319,117.020000100136
2025-01-09T03:38:00,1.03191,1.03193,1.03188,1.03188,134.549999475479
2025-01-09T03:39:00,1.03189,1.03195,1.03188,1.03188,101.250000119209
2025-01-09T03:40:00,1.03188,1.03189,1.0318,1.03182,86.8500001430511
2025-01-09T03:41:00,1.03183,1.03191,1.03182,1.03186,82.8200001716614
2025-01-09T03:42:00,1.03187,1.03188,1.03183,1.03183,67.5000005960464
2025-01-09T03:43:00,1.03183,1.03183,1.03178,1.03179,41.8500001430511
2025-01-09T03:44:00,1.03181,1.03183,1.03181,1.03181,48.5999991893768
2025-01-09T03:45:00,1.03182,1.03183,1.03182,1.03182,43.200000166893
2025-01-09T03:46:00,1.03183,1.03184,1.03174,1.03177,50.8499999046326
2025-01-09T03:47:00,1.03177,1.03177,1.03165,1.03165,46.3499999046326
2025-01-09T03:48:00,1.03164,1.03164,1.03155,1.03155,70.6700000762939
2025-01-09T03:49:00,1.03154,1.03155,1.0314,1.03142,114.300000667572
2025-01-09T03:50:00,1.03143,1.03143,1.03131,1.03131,43.6499991416931
2025-01-09T03:51:00,1.0313,1.0313,1.03128,1.03129,37.8000000715256
2025-01-09T03:52:00,1.03128,1.0313,1.03123,1.03123,88.6500010490417
2025-01-09T03:53:00,1.03123,1.03123,1.03118,1.03118,67.9500012397766
2025-01-09T03:54:00,1.03119,1.03121,1.03115,1.03119,96.120000243187
2025-01-09T03:55:00,1.0312,1.03125,1.0312,1.03123,91.2599987983704
2025-01-09T03:56:00,1.03123,1.03123,1.03112,1.03112,42.3000000715256
2025-01-09T03:57:00,1.03113,1.03122,1.03112,1.03112,119.579998478293
2025-01-09T03:58:00,1.03112,1.03113,1.03108,1.03111,177.179998502135
2025-01-09T03:59:00,1.0311,1.03115,1.03109,1.0311,148.049999475479
2025-01-09T04:00:00,1.03109,1.03112,1.03106,1.03108,88.6199998781085
2025-01-09T04:01:00,1.03109,1.03121,1.03109,1.03121,110.57999856025
2025-01-09T04:02:00,1.03121,1.03123,1.03107,1.03111,84.3300003409386
2025-01-09T04:03:00,1.03112,1.03115,1.03103,1.03107,78.7699999809265
2025-01-09T04:04:00,1.03107,1.03107,1.031,1.03105,75.1499998569489
2025-01-09T04:05:00,1.03105,1.03105,1.03096,1.03097,110.700001239777
2025-01-09T04:06:00,1.03097,1.03097,1.03087,1.03088,116.100000739098
2025-01-09T04:07:00,1.03087,1.03092,1.03082,1.03082,86.9699999019504
2025-01-09T04:08:00,1.03083,1.03087,1.03076,1.03077,141.44000004977
2025-01-09T04:09:00,1.03078,1.03085,1.03078,1.03081,52.3199998065829
2025-01-09T04:10:00,1.03082,1.03082,1.03068,1.03072,181.210000276566
2025-01-09T04:11:00,1.03071,1.03073,1.03064,1.03064,88.3199992105365
2025-01-09T04:12:00,1.03063,1.03063,1.03056,1.03062,169.909999966621
2025-01-09T04:13:00,1.03063,1.03074,1.03062,1.03073,45.7800001502037
2025-01-09T04:14:00,1.03076,1.03078,1.03071,1.03072,168.089998230338
2025-01-09T04:15:00,1.03073,1.03078,1.03072,1.03077,133.650000154972
2025-01-09T04:16:00,1.0308,1.03083,1.03077,1.03077,180.020000100136
2025-01-09T04:17:00,1.03078,1.03078,1.03068,1.03069,83.4499996900558
2025-01-09T04:18:00,1.03069,1.03073,1.03065,1.03073,34.1999994516373
2025-01-09T04:19:00,1.03074,1.03074,1.03068,1.03069,46.8000005483627
2025-01-09T04:20:00,1.03068,1.03071,1.03063,1.03063,42.3900002241135
2025-01-09T04:21:00,1.03063,1.03064,1.03059,1.03064,35.0999997630715
2025-01-09T04:22:00,1.03066,1.03074,1.03066,1.03074,80.8199992924929
2025-01-09T04:23:00,1.03074,1.03074,1.03068,1.03073,79.6499997377396
2025-01-09T04:24:00,1.03073,1.03084,1.03073,1.03083,162.000002026558
2025-01-09T04:25:00,1.03083,1.03089,1.03083,1.03084,63.8999996185303
2025-01-09T04:26:00,1.03083,1.03085,1.03082,1.03083,138.600001454353
2025-01-09T04:27:00,1.03082,1.03086,1.03082,1.03086,74.4599994346499
2025-01-09T04:28:00,1.03087,1.03093,1.03087,1.03093,138.089998118579
2025-01-09T04:29:00,1.03097,1.03097,1.03093,1.03095,39.1800001785159
2025-01-09T04:30:00,1.03094,1.03094,1.03084,1.03084,63.689999088645
2025-01-09T04:31:00,1.03085,1.03085,1.03081,1.03083,86.3999993801117
2025-01-09T04:32:00,1.03083,1.03083,1.03075,1.03078,164.33999979496
2025-01-09T04:33:00,1.03078,1.03084,1.03077,1.03078,110.739999294281
2025-01-09T04:34:00,1.03077,1.0308,1.03068,1.03072,94.9499995708466
2025-01-09T04:35:00,1.03073,1.03073,1.03067,1.03068,137.789999365807
2025-01-09T04:36:00,1.03069,1.03073,1.03067,1.03072,74.6999995708466
2025-01-09T04:37:00,1.03071,1.03073,1.03071,1.03072,65.7000005245209
2025-01-09T04:38:00,1.03069,1.03073,1.03068,1.03069,65.340000808239
2025-01-09T04:39:00,1.03069,1.03077,1.03069,1.03074,41.4899994134903
2025-01-09T04:40:00,1.03074,1.03082,1.03074,1.0308,31.5899996757507
2025-01-09T04:41:00,1.0308,1.03083,1.03078,1.03083,27.8999998569489
2025-01-09T04:42:00,1.03082,1.03082,1.03079,1.03079,30.6000000238419
2025-01-09T04:43:00,1.03079,1.03082,1.03079,1.03082,28.0799996852875
2025-01-09T04:44:00,1.03082,1.03082,1.03078,1.03078,30.5999997854233
2025-01-09T04:45:00,1.03077,1.03089,1.03073,1.03089,143.099999547005
2025-01-09T04:46:00,1.03088,1.03092,1.03087,1.03092,142.739999055862
2025-01-09T04:47:00,1.03091,1.03091,1.03087,1.03087,94.5900000333786
2025-01-09T04:48:00,1.03088,1.03088,1.03086,1.03087,56.6999994516373
2025-01-09T04:49:00,1.03087,1.03087,1.03085,1.03085,27
2025-01-09T04:50:00,1.03085,1.0309,1.03085,1.03088,96.3900001049042
2025-01-09T04:51:00,1.03089,1.0309,1.03083,1.03088,85.5900000333786
2025-01-09T04:52:00,1.03087,1.03087,1.03084,1.03084,11.700000166893
2025-01-09T04:53:00,1.03085,1.03086,1.03081,1.03082,71.120000243187
2025-01-09T04:54:00,1.03083,1.03089,1.03082,1.03088,42.3900001049042
2025-01-09T04:55:00,1.03089,1.03089,1.03086,1.03086,34.2000000476837
2025-01-09T04:56:00,1.03087,1.03089,1.03087,1.03088,26.0999999046326
2025-01-09T04:57:00,1.03089,1.03093,1.03088,1.03093,29.639999717474
2025-01-09T04:58:00,1.03092,1.03092,1.03087,1.03087,56.3699989020824
2025-01-09T04:59:00,1.03086,1.03091,1.03086,1.0309,73.3499989509583
2025-01-09T05:00:00,1.03089,1.03089,1.03081,1.03081,85.5000004768372
2025-01-09T05:01:00,1.03082,1.03082,1.03076,1.03082,148.229997634888
2025-01-09T05:02:00,1.03083,1.03089,1.03082,1.03089,117.089998461306
2025-01-09T05:03:00,1.03088,1.03097,1.03088,1.03096,130.079998008907
2025-01-09T05:04:00,1.03095,1.03095,1.03086,1.03087,142.759999632835
2025-01-09T05:05:00,1.03086,1.03093,1.03084,1.03092,144.289997816086
2025-01-09T05:06:00,1.03091,1.031,1.03091,1.03098,136.169997572899
2025-01-09T05:07:00,1.03098,1.03103,1.03098,1.03102,116.639999628067
2025-01-09T05:08:00,1.03102,1.03108,1.031,1.03106,136.620000123978
2025-01-09T05:09:00,1.03105,1.03113,1.03104,1.03112,177.410001218319
2025-01-09T05:10:00,1.03111,1.03111,1.03104,1.03107,106.039999365807
2025-01-09T05:11:00,1.03106,1.03115,1.03106,1.03115,100.170000195503
2025-01-09T05:12:00,1.03114,1.03117,1.03108,1.03111,152.009999275208
2025-01-09T05:13:00,1.03111,1.03117,1.03111,1.03117,93.1499984264374
2025-01-09T05:14:00,1.03113,1.03114,1.03107,1.03109,142.64999973774
2025-01-09T05:15:00,1.03108,1.03109,1.03107,1.03109,109.08000087738
2025-01-09T05:16:00,1.03108,1.03113,1.03108,1.03113,45.7500005885959
2025-01-09T05:17:00,1.03114,1.03117,1.03114,1.03117,44.5199991315603
2025-01-09T05:18:00,1.03117,1.03125,1.03117,1.03122,78.4199994727969
2025-01-09T05:19:00,1.03121,1.03122,1.03112,1.03116,171.719999492168
2025-01-09T05:20:00,1.03117,1.03117,1.03116,1.03117,12.1499998569489
2025-01-09T05:21:00,1.03118,1.03121,1.03116,1.03121,39.5099993348122
2025-01-09T05:22:00,1.03122,1.03122,1.03112,1.03112,146.789999186993
2025-01-09T05:23:00,1.03112,1.03116,1.03111,1.03115,63.9000005722046
2025-01-09T05:24:00,1.03114,1.03115,1.03107,1.03109,139.139999032021
2025-01-09T05:25:00,1.03108,1.03108,1.03103,1.03107,79.6499988436699
2025-01-09T05:26:00,1.03106,1.03109,1.03105,1.03108,31.5899996757507
2025-01-09T05:27:00,1.03108,1.03108,1.03102,1.03102,11.2499997615814
2025-01-09T05:28:00,1.03103,1.03105,1.03103,1.03103,27.9000002145767
2025-01-09T05:29:00,1.031,1.031,1.03093,1.03096,107.999998450279
2025-01-09T05:30:00,1.03097,1.03097,1.03088,1.03089,88.0199993252754
2025-01-09T05:31:00,1.0309,1.03094,1.03083,1.03083,70.7699991390109
2025-01-09T05:32:00,1.03082,1.03105,1.03082,1.03102,175.85999917984
2025-01-09T05:33:00,1.03101,1.03107,1.03098,1.03106,131.849999785423
2025-01-09T05:34:00,1.03106,1.0311,1.03102,1.03107,134.549998998642
2025-01-09T05:35:00,1.03106,1.0311,1.03104,1.03104,181.349998474121
2025-01-09T05:36:00,1.03105,1.03105,1.03099,1.03101,108.000000178814
2025-01-09T05:37:00,1.03101,1.03103,1.031,1.03102,95.3999988436699
2025-01-09T05:38:00,1.03103,1.03109,1.03102,1.03109,207.449996769428
2025-01-09T05:39:00,1.03109,1.0312,1.03108,1.0312,156.149999022484
2025-01-09T05:40:00,1.03119,1.03119,1.03113,1.03113,122.849997997284
2025-01-09T05:41:00,1.03111,1.03114,1.03103,1.03103,122.21999835968
2025-01-09T05:42:00,1.03104,1.03106,1.031,1.03101,185.399998188019
2025-01-09T05:43:00,1.03102,1.03102,1.03088,1.03091,152.549997985363
2025-01-09T05:44:00,1.03089,1.0309,1.03084,1.03084,51.2999990582466
2025-01-09T05:45:00,1.03083,1.03095,1.03083,1.03093,134.099999427795
2025-01-09T05:46:00,1.03092,1.03096,1.03092,1.03094,76.0499993562698
2025-01-09T05:47:00,1.03094,1.03098,1.03093,1.03097,77.8499997854233
2025-01-09T05:48:00,1.03097,1.03098,1.03096,1.03097,39.1499991416931
2025-01-09T05:49:00,1.03098,1.03105,1.03098,1.03105,105.749999403954
2025-01-09T05:50:00,1.03104,1.03107,1.03103,1.03107,64.8000001907349
2025-01-09T05:51:00,1.03107,1.03109,1.03106,1.03108,53.0999995470047
2025-01-09T05:52:00,1.03107,1.03111,1.03107,1.03107,139.049998641014
2025-01-09T05:53:00,1.03107,1.03107,1.03096,1.03098,190.55999892205
2025-01-09T05:54:00,1.03098,1.03102,1.03096,1.03097,128.339999258518
2025-01-09T05:55:00,1.03096,1.03096,1.03072,1.03073,158.060000061989
2025-01-09T05:56:00,1.03073,1.03073,1.03055,1.03061,117.140000581741
2025-01-09T05:57:00,1.03062,1.03067,1.03057,1.0306,135.150000035763
2025-01-09T05:58:00,1.0306,1.03063,1.03053,1.03061,157.000000476837
2025-01-09T05:59:00,1.03062,1.03069,1.0306,1.03066,79.7899997234344
2025-01-09T06:00:00,1.03065,1.03066,1.03056,1.03061,95.2699997425079
2025-01-09T06:01:00,1.03064,1.03067,1.03058,1.03059,55.5199997425079
2025-01-09T06:02:00,1.03059,1.03059,1.03052,1.03052,20.1699998378754
2025-01-09T06:03:00,1.03052,1.03057,1.03048,1.0305,126.179999887943
2025-01-09T06:04:00,1.0305,1.03052,1.03047,1.03047,56.4000002145767
2025-01-09T06:05:00,1.03048,1.03051,1.03037,1.03039,126.959999673069
2025-01-09T06:06:00,1.03038,1.03045,1.03037,1.03038,57.7300000861287
2025-01-09T06:07:00,1.03037,1.03037,1.03024,1.03025,106.150000154972
2025-01-09T06:08:00,1.03025,1.03028,1.03021,1.03024,116.520000576973
2025-01-09T06:09:00,1.03024,1.03025,1.03015,1.03015,124.920000851154
2025-01-09T06:10:00,1.03015,1.03016,1.02976,1.02979,297.510000519454
2025-01-09T06:11:00,1.02977,1.02994,1.02975,1.02991,526.039995849133
2025-01-09T06:12:00,1.0299,1.0299,1.0297,1.02976,471.279993712902
2025-01-09T06:13:00,1.02977,1.02986,1.02972,1.02983,351.629992902279
2025-01-09T06:14:00,1.02983,1.02995,1.02971,1.02992,472.089996814728
2025-01-09T06:15:00,1.02993,1.0301,1.02993,1.03008,125.54999935627
2025-01-09T06:16:00,1.03007,1.03012,1.03004,1.03011,116.099999904633
2025-01-09T06:17:00,1.03015,1.03024,1.03013,1.03023,206.189999103546
2025-01-09T06:18:00,1.03024,1.03024,1.03021,1.03022,137.789998054504
2025-01-09T06:19:00,1.03021,1.03024,1.03013,1.03013,146.819999806583
2025-01-09T06:20:00,1.03013,1.03018,1.0301,1.03013,157.799998991191
2025-01-09T06:21:00,1.03014,1.03017,1.03013,1.03017,67.289999678731
2025-01-09T06:22:00,1.03016,1.0303,1.03015,1.0303,121.679999351501
2025-01-09T06:23:00,1.03029,1.03029,1.03015,1.03018,127.169998526573
2025-01-09T06:24:00,1.03019,1.03026,1.03015,1.03024,228.329998373985
2025-01-09T06:25:00,1.03022,1.03022,1.03015,1.03017,182.429999232292
2025-01-09T06:26:00,1.03018,1.03023,1.03016,1.03017,57.5999995470047
2025-01-09T06:27:00,1.03019,1.03019,1.03009,1.03017,186.14999949187
2025-01-09T06:28:00,1.03018,1.0302,1.03009,1.03011,196.649999022484
2025-01-09T06:29:00,1.03012,1.03016,1.03008,1.03012,213.200000762939
2025-01-09T06:30:00,1.03012,1.03017,1.0301,1.03011,95.9800012111664
2025-01-09T06:31:00,1.03014,1.03018,1.03009,1.03012,39.8700007200241
2025-01-09T06:32:00,1.03014,1.03033,1.03014,1.03033,125.38000190258
2025-01-09T06:33:00,1.03032,1.03045,1.03032,1.03037,137.470001101494
2025-01-09T06:34:00,1.03038,1.03048,1.03037,1.03041,148.550001621246
2025-01-09T06:35:00,1.03039,1.03048,1.03037,1.03042,135.350002758205
2025-01-09T06:36:00,1.03041,1.03042,1.03034,1.03042,68.4600007534027
2025-01-09T06:37:00,1.03042,1.03047,1.03038,1.03046,49.9400005340576
2025-01-09T06:38:00,1.03047,1.0305,1.03037,1.03042,134.490000724792
2025-01-09T06:39:00,1.03043,1.03048,1.03042,1.03047,74.1399997025728
2025-01-09T06:40:00,1.03047,1.03057,1.03047,1.03057,110.51999913156
2025-01-09T06:41:00,1.03057,1.03057,1.03052,1.03053,85.6300021409988
2025-01-09T06:42:00,1.03054,1.03059,1.03053,1.03058,56.5200002193451
2025-01-09T06:43:00,1.03058,1.03059,1.03056,1.03057,68.9200004339218
2025-01-09T06:44:00,1.03057,1.03065,1.03056,1.03057,63.5200010538101
2025-01-09T06:45:00,1.03057,1.03064,1.03057,1.03058,103.830001711845
2025-01-09T06:46:00,1.03059,1.03067,1.03058,1.03059,92.8000012636185
2025-01-09T06:47:00,1.03057,1.03065,1.03052,1.03057,123.540000408888
2025-01-09T06:48:00,1.03058,1.03073,1.03058,1.03073,185.850002162158
2025-01-09T06:49:00,1.03074,1.03077,1.03068,1.03076,130.680002085865
2025-01-09T06:50:00,1.03078,1.03082,1.03067,1.03071,141.01000162214
2025-01-09T06:51:00,1.03072,1.03079,1.03058,1.03061,126.209998287261
2025-01-09T06:52:00,1.03064,1.03064,1.03049,1.03049,78.0999993681908
2025-01-09T06:53:00,1.03051,1.03051,1.03037,1.03047,159.730001613498
2025-01-09T06:54:00,1.03046,1.03049,1.03034,1.03047,156.110001087189
2025-01-09T06:55:00,1.03046,1.03046,1.03022,1.03024,185.480000972748
2025-01-09T06:56:00,1.03025,1.03025,1.02988,1.0299,368.71000187844
2025-01-09T06:57:00,1.02991,1.03007,1.02983,1.02984,364.760000020266
2025-01-09T06:58:00,1.02983,1.02983,1.0297,1.02982,392.759998612106
2025-01-09T06:59:00,1.02984,1.03003,1.02981,1.03002,368.099998831749
2025-01-09T07:00:00,1.03001,1.03031,1.02992,1.0303,260.009998500347
2025-01-09T07:01:00,1.03031,1.03032,1.03008,1.03022,175.760000452399
2025-01-09T07:02:00,1.03022,1.03033,1.03022,1.03022,192.149999141693
2025-01-09T07:03:00,1.03021,1.03042,1.03021,1.03036,140.420000851154
2025-01-09T07:04:00,1.03037,1.03037,1.0302,1.03037,202.01999925077
2025-01-09T07:05:00,1.03036,1.03043,1.0303,1.03032,153.899999022484
2025-01-09T07:06:00,1.03033,1.03042,1.03026,1.03035,231.47999894619
2025-01-09T07:07:00,1.03034,1.03034,1.03012,1.03018,176.30999815464
2025-01-09T07:08:00,1.03017,1.03017,1.02998,1.03012,158.69000017643
2025-01-09T07:09:00,1.03013,1.03034,1.03012,1.03024,141.029999375343
2025-01-09T07:10:00,1.03023,1.03046,1.03023,1.03035,212.760000050068
2025-01-09T07:11:00,1.03034,1.03056,1.03032,1.03053,119.699999332428
2025-01-09T07:12:00,1.03054,1.03063,1.03051,1.03051,111.989999905229
2025-01-09T07:13:00,1.03049,1.03049,1.03032,1.03038,106.460000097752
2025-01-09T07:14:00,1.03037,1.03053,1.03007,1.03052,276.540000475943
2025-01-09T07:15:00,1.03053,1.03082,1.03051,1.03076,186.120000600815
2025-01-09T07:16:00,1.03077,1.03078,1.03053,1.03057,184.079999864101
2025-01-09T07:17:00,1.03061,1.03063,1.03053,1.0306,134.310000643134
2025-01-09T07:18:00,1.03058,1.03062,1.03048,1.03051,157.950001433492
2025-01-09T07:19:00,1.03052,1.03061,1.03049,1.03061,109.049999579787
2025-01-09T07:20:00,1.03061,1.03064,1.03057,1.03059,48.2699996978045
2025-01-09T07:21:00,1.03059,1.03075,1.03043,1.03061,118.830000124872
2025-01-09T07:22:00,1.03059,1.03059,1.03022,1.03046,313.070000015199
2025-01-09T07:23:00,1.03047,1.03052,1.03024,1.03031,292.169999174774
2025-01-09T07:24:00,1.03032,1.03042,1.03025,1.03041,203.220000267029
2025-01-09T07:25:00,1.0304,1.0305,1.0303,1.03047,162.900000274181
2025-01-09T07:26:00,1.03048,1.03049,1.03029,1.03035,192.390000268817
2025-01-09T07:27:00,1.03036,1.03038,1.03027,1.03027,72.1799991130829
2025-01-09T07:28:00,1.03027,1.03037,1.03022,1.0303,153.809999346733
2025-01-09T07:29:00,1.03031,1.03038,1.03028,1.03033,231.299999415874
2025-01-09T07:30:00,1.03034,1.03036,1.03001,1.03007,357.989998698235
2025-01-09T07:31:00,1.03008,1.03015,1.02991,1.03005,320.549997493625
2025-01-09T07:32:00,1.03006,1.03017,1.02996,1.03,207.899997703731
2025-01-09T07:33:00,1.02999,1.03006,1.02992,1.02992,233.669999271631
2025-01-09T07:34:00,1.02995,1.02998,1.0297,1.02971,256.77000027895
2025-01-09T07:35:00,1.02972,1.02982,1.0297,1.02976,236.269998729229
2025-01-09T07:36:00,1.02976,1.02991,1.02973,1.02979,231.389999270439
2025-01-09T07:37:00,1.02978,1.02978,1.02969,1.02973,202.049999773502
2025-01-09T07:38:00,1.02975,1.02982,1.02975,1.02976,128.699998795986
2025-01-09T07:39:00,1.02977,1.02992,1.02973,1.02981,142.940000236034
2025-01-09T07:40:00,1.02982,1.02991,1.02952,1.02953,293.130000524223
2025-01-09T07:41:00,1.02952,1.02979,1.02951,1.02971,282.190001368523
2025-01-09T07:42:00,1.02972,1.02974,1.02938,1.02945,301.960001751781
2025-01-09T07:43:00,1.02946,1.02957,1.02931,1.02948,344.429998457432
2025-01-09T07:44:00,1.02947,1.02947,1.0293,1.0294,311.789998821914
2025-01-09T07:45:00,1.02939,1.02966,1.02938,1.0296,240.869997799397
2025-01-09T07:46:00,1.0296,1.02961,1.02942,1.02943,236.090000808239
2025-01-09T07:47:00,1.02942,1.02957,1.02936,1.02942,234.109997749329
2025-01-09T07:48:00,1.02943,1.02952,1.0294,1.02943,237.060000233352
2025-01-09T07:49:00,1.02944,1.02951,1.02939,1.02946,261.4499989748
2025-01-09T07:50:00,1.02947,1.02963,1.02946,1.02952,284.779998540878
2025-01-09T07:51:00,1.02952,1.02955,1.02945,1.02951,161.729998111725
2025-01-09T07:52:00,1.02952,1.02953,1.02944,1.0295,238.859998345375
2025-01-09T07:53:00,1.02951,1.02964,1.02948,1.02962,243.179995715618
2025-01-09T07:54:00,1.02962,1.02964,1.02954,1.02958,131.889997720718
2025-01-09T07:55:00,1.02956,1.02965,1.02952,1.0296,236.729996800423
2025-01-09T07:56:00,1.0296,1.0296,1.02946,1.02947,265.199998378754
2025-01-09T07:57:00,1.02945,1.02954,1.02938,1.0294,603.479998514056
2025-01-09T07:58:00,1.0294,1.0294,1.02892,1.02896,706.859997332096
2025-01-09T07:59:00,1.02897,1.0291,1.02877,1.02909,768.219994656742
2025-01-09T08:00:00,1.0291,1.02942,1.02904,1.02907,740.169996723533
2025-01-09T08:01:00,1.02908,1.02917,1.02896,1.02897,605.610001660883
2025-01-09T08:02:00,1.02897,1.02901,1.02881,1.02899,705.319994807243
2025-01-09T08:03:00,1.02899,1.02923,1.02886,1.02887,787.799997262657
2025-01-09T08:04:00,1.02886,1.02886,1.02836,1.02851,900.709997698665
2025-01-09T08:05:00,1.02851,1.02887,1.02849,1.02886,779.099994286895
2025-01-09T08:06:00,1.02881,1.02918,1.02877,1.02902,539.189994812012
2025-01-09T08:07:00,1.02901,1.02923,1.02896,1.02911,538.379996933043
2025-01-09T08:08:00,1.02912,1.02916,1.02897,1.02897,271.559999458492
2025-01-09T08:09:00,1.02897,1.02928,1.02897,1.02922,315.539997734129
2025-01-09T08:10:00,1.02922,1.02934,1.02918,1.02928,334.859998881817
2025-01-09T08:11:00,1.02931,1.02953,1.02931,1.02953,252.749998874962
2025-01-09T08:12:00,1.02955,1.02965,1.02937,1.02963,444.9599981457
2025-01-09T08:13:00,1.02963,1.02972,1.02952,1.02962,403.649998046458
2025-01-09T08:14:00,1.02964,1.02965,1.02936,1.02941,232.139999441803
2025-01-09T08:15:00,1.02942,1.02966,1.02927,1.02965,509.48999607563
2025-01-09T08:16:00,1.02964,1.02977,1.02957,1.02975,434.849999926984
2025-01-09T08:17:00,1.02974,1.02987,1.02967,1.02983,392.779997304082
2025-01-09T08:18:00,1.02983,1.02991,1.02975,1.02986,381.449997887015
2025-01-09T08:19:00,1.02984,1.02985,1.02964,1.02972,318.149998784065
2025-01-09T08:20:00,1.02972,1.02983,1.02957,1.02982,570.089996866882
2025-01-09T08:21:00,1.02984,1.03005,1.0297,1.03004,362.249997615814
2025-01-09T08:22:00,1.03004,1.03006,1.02989,1.03002,317.129997596145
2025-01-09T08:23:00,1.03003,1.03003,1.02974,1.02988,342.78000100702
2025-01-09T08:24:00,1.02987,1.03008,1.02982,1.02993,381.29999679327
2025-01-09T08:25:00,1.02993,1.03009,1.02983,1.03008,293.609998948872
2025-01-09T08:26:00,1.03008,1.03043,1.03006,1.03029,508.409996204078
2025-01-09T08:27:00,1.03029,1.03034,1.03023,1.03028,282.809999927878
2025-01-09T08:28:00,1.03028,1.03028,1.02993,1.02998,386.189997971058
2025-01-09T08:29:00,1.02997,1.02997,1.02982,1.02992,509.759996294975
2025-01-09T08:30:00,1.0299,1.02996,1.0298,1.02993,305.999999403954
2025-01-09T08:31:00,1.02992,1.03001,1.0299,1.02998,371.429998219013
2025-01-09T08:32:00,1.02999,1.03018,1.02999,1.03007,332.459999382496
2025-01-09T08:33:00,1.03007,1.03015,1.02998,1.03013,309.859999582171
2025-01-09T08:34:00,1.03015,1.03032,1.03009,1.03032,443.699995696545
2025-01-09T08:35:00,1.0303,1.03031,1.03018,1.03027,387.409997932613
2025-01-09T08:36:00,1.03027,1.03032,1.03016,1.03023,246.839999713004
2025-01-09T08:37:00,1.03023,1.03027,1.03009,1.03023,466.859999991953
2025-01-09T08:38:00,1.03023,1.03023,1.02996,1.03005,612.109998740256
2025-01-09T08:39:00,1.03005,1.03022,1.03002,1.03018,209.669998370111
2025-01-09T08:40:00,1.03019,1.03032,1.03017,1.03032,179.970000125468
2025-01-09T08:41:00,1.03032,1.03046,1.03026,1.03033,280.289999529719
2025-01-09T08:42:00,1.03034,1.03035,1.03009,1.03013,316.17000067234
2025-01-09T08:43:00,1.03012,1.03037,1.03011,1.03029,238.170000128448
2025-01-09T08:44:00,1.03028,1.03028,1.03,1.03006,320.699999444187
2025-01-09T08:45:00,1.03006,1.03016,1.02996,1.03007,412.91999822855
2025-01-09T08:46:00,1.03008,1.03008,1.02981,1.02998,315.62999945879
2025-01-09T08:47:00,1.02997,1.03002,1.02991,1.02996,230.789998203516
2025-01-09T08:48:00,1.02998,1.02998,1.02981,1.02981,265.499997437
2025-01-09T08:49:00,1.02979,1.03005,1.02977,1.03004,225.899998903275
2025-01-09T08:50:00,1.03003,1.03022,1.03003,1.03017,225.449999809265
2025-01-09T08:51:00,1.03017,1.03033,1.03017,1.03022,314.549999654293
2025-01-09T08:52:00,1.03021,1.03022,1.03001,1.03004,388.500000178814
2025-01-09T08:53:00,1.03006,1.03031,1.03006,1.03031,89.8400003612041
2025-01-09T08:54:00,1.03031,1.03043,1.03027,1.03042,191.879996538162
2025-01-09T08:55:00,1.03042,1.03051,1.03037,1.03047,320.400000095367
2025-01-09T08:56:00,1.03047,1.03065,1.03046,1.03062,198.990000009537
2025-01-09T08:57:00,1.0306,1.03073,1.03056,1.03073,286.319998256862
2025-01-09T08:58:00,1.03072,1.03073,1.03056,1.03058,339.570000745356
2025-01-09T08:59:00,1.03057,1.03076,1.03051,1.03076,315.900001525879
2025-01-09T09:00:00,1.03077,1.03099,1.03061,1.03062,264.359998054802
2025-01-09T09:01:00,1.03062,1.03075,1.03052,1.03068,371.33999979496
2025-01-09T09:02:00,1.03067,1.03075,1.03061,1.03067,266.489999055862
2025-01-09T09:03:00,1.03066,1.03069,1.03066,1.03067,195.299999594688
2025-01-09T09:04:00,1.03066,1.03066,1.03045,1.03047,311.849997997284
2025-01-09T09:05:00,1.03046,1.03048,1.03041,1.03043,353.719997763634
2025-01-09T09:06:00,1.03042,1.03048,1.03031,1.03045,330.750000715256
2025-01-09T09:07:00,1.03046,1.03053,1.03034,1.03053,212.609999589622
2025-01-09T09:08:00,1.03052,1.03057,1.03042,1.03046,142.649998642504
2025-01-09T09:09:00,1.03045,1.03058,1.0304,1.03046,381.499994978309
2025-01-09T09:10:00,1.03047,1.03055,1.03041,1.03054,309.739998988807
2025-01-09T09:11:00,1.03053,1.03064,1.03045,1.03064,183.620000600815
2025-01-09T09:12:00,1.03065,1.03077,1.03059,1.03062,265.159999966621
2025-01-09T09:13:00,1.03062,1.03064,1.03054,1.03057,231.479999780655
2025-01-09T09:14:00,1.03056,1.03067,1.03056,1.03063,339.57000041008
2025-01-09T09:15:00,1.03063,1.03064,1.03049,1.03063,178.760000526905
2025-01-09T09:16:00,1.03063,1.03097,1.03063,1.03093,307.10999905318
2025-01-09T09:17:00,1.03093,1.03118,1.03091,1.03118,116.789999723434
2025-01-09T09:18:00,1.03119,1.03175,1.03119,1.03153,406.769997105002
2025-01-09T09:19:00,1.03152,1.03159,1.03143,1.03151,258.699996232986
2025-01-09T09:20:00,1.03152,1.03171,1.03141,1.03143,234.579996459186
2025-01-09T09:21:00,1.03144,1.03147,1.03114,1.03114,249.669996850193
2025-01-09T09:22:00,1.03115,1.03132,1.03115,1.03127,159.909999229014
2025-01-09T09:23:00,1.03125,1.03144,1.03118,1.03123,209.979998633265
2025-01-09T09:24:00,1.03119,1.0312,1.03101,1.03102,213.73999774456
2025-01-09T09:25:00,1.03102,1.03114,1.03092,1.03114,255.399999558926
2025-01-09T09:26:00,1.03117,1.0315,1.0311,1.03148,264.379998750985
2025-01-09T09:27:00,1.03147,1.03151,1.03128,1.03138,201.469998054206
2025-01-09T09:28:00,1.0314,1.03144,1.03132,1.03133,183.399997711182
2025-01-09T09:29:00,1.03131,1.03143,1.03131,1.03133,157.719998776913
2025-01-09T09:30:00,1.03134,1.03146,1.03132,1.03139,170.769998125732
2025-01-09T09:31:00,1.03139,1.03155,1.03131,1.03154,209.839999213815
2025-01-09T09:32:00,1.03154,1.03154,1.03124,1.03124,205.339999072254
2025-01-09T09:33:00,1.03126,1.03144,1.03124,1.03144,135.37999881804
2025-01-09T09:34:00,1.03145,1.03154,1.03137,1.03138,211.72999805212
2025-01-09T09:35:00,1.03138,1.03148,1.03135,1.03143,242.209998428822
2025-01-09T09:36:00,1.03143,1.03144,1.03126,1.03144,166.249998643994
2025-01-09T09:37:00,1.03143,1.03146,1.03125,1.03138,268.099998347461
2025-01-09T09:38:00,1.03138,1.03138,1.03108,1.03113,249.079998970032
2025-01-09T09:39:00,1.03111,1.03127,1.03108,1.03125,310.550002075732
2025-01-09T09:40:00,1.03126,1.03142,1.03119,1.03135,408.22000477463
2025-01-09T09:41:00,1.03136,1.03154,1.0313,1.03154,309.70000243187
2025-01-09T09:42:00,1.03152,1.03152,1.03117,1.03129,290.180005073547
2025-01-09T09:43:00,1.03129,1.0313,1.031,1.03102,290.590002179146
2025-01-09T09:44:00,1.03102,1.03109,1.03092,1.03107,388.560004413128
2025-01-09T09:45:00,1.0311,1.03117,1.03088,1.03098,385.740004055202
2025-01-09T09:46:00,1.03098,1.03098,1.03081,1.03088,285.800000667572
2025-01-09T09:47:00,1.03088,1.03089,1.03072,1.03073,458.280001044273
2025-01-09T09:48:00,1.03075,1.03078,1.03065,1.03068,290.519998908043
2025-01-09T09:49:00,1.03067,1.03067,1.03052,1.03053,145.329999923706
2025-01-09T09:50:00,1.03052,1.03081,1.03052,1.0306,290.750001184642
2025-01-09T09:51:00,1.0306,1.03061,1.03031,1.03037,149.76000058651
2025-01-09T09:52:00,1.03038,1.03068,1.03038,1.0305,253.100000731647
2025-01-09T09:53:00,1.03051,1.03053,1.03042,1.03042,298.640002958477
2025-01-09T09:54:00,1.03042,1.03042,1.03031,1.03034,263.320001929998
2025-01-09T09:55:00,1.03035,1.03041,1.03034,1.03038,196.470000706613
2025-01-09T09:56:00,1.03038,1.03041,1.03034,1.03038,93.9600009694695
2025-01-09T09:57:00,1.0304,1.03047,1.03038,1.03047,105.960000872612
2025-01-09T09:58:00,1.03047,1.03065,1.03047,1.03052,143.000000350177
2025-01-09T09:59:00,1.03049,1.0306,1.03046,1.03056,159.450001828372
2025-01-09T10:00:00,1.03057,1.0306,1.03047,1.03047,187.980000518262
2025-01-09T10:01:00,1.03048,1.03068,1.03037,1.03064,162.449999988079
2025-01-09T10:02:00,1.03064,1.03066,1.03017,1.03017,367.950001828372
2025-01-09T10:03:00,1.03017,1.03021,1.03006,1.03007,313.360002636909
2025-01-09T10:04:00,1.03006,1.03013,1.03001,1.03008,247.070001840591
2025-01-09T10:05:00,1.03008,1.03028,1.03004,1.03023,316.950003102422
2025-01-09T10:06:00,1.03024,1.03038,1.03022,1.03026,157.810000516474
2025-01-09T10:07:00,1.03025,1.03028,1.0302,1.03021,126.49000159651
2025-01-09T10:08:00,1.03021,1.03027,1.03008,1.03024,141.840001344681
2025-01-09T10:09:00,1.03024,1.03035,1.03017,1.03028,159.040000386536
2025-01-09T10:10:00,1.0303,1.03065,1.03028,1.03063,287.57000028342
2025-01-09T10:11:00,1.03062,1.03062,1.03048,1.03058,293.650000378489
2025-01-09T10:12:00,1.03059,1.03064,1.03048,1.03059,225.710000276566
2025-01-09T10:13:00,1.03059,1.03059,1.03052,1.03054,136.759999811649
2025-01-09T10:14:00,1.03056,1.03063,1.03053,1.03063,238.310000538826
2025-01-09T10:15:00,1.03063,1.03069,1.03058,1.03058,201.250002250075
2025-01-09T10:16:00,1.03058,1.03064,1.03057,1.03064,173.090002059937
2025-01-09T10:17:00,1.03065,1.03073,1.03063,1.03069,188.640001773834
2025-01-09T10:18:00,1.03069,1.03073,1.03056,1.03057,147.28000074625
2025-01-09T10:19:00,1.03058,1.03068,1.03053,1.03064,211.739999771118
2025-01-09T10:20:00,1.03067,1.03085,1.03064,1.03085,197.179999947548
2025-01-09T10:21:00,1.03084,1.03106,1.03083,1.03095,210.34000082314
2025-01-09T10:22:00,1.03095,1.03111,1.03094,1.03108,221.109999634326
2025-01-09T10:23:00,1.03109,1.03115,1.03098,1.03104,192.650000691414
2025-01-09T10:24:00,1.03103,1.03119,1.03103,1.03119,186.320002779365
2025-01-09T10:25:00,1.0312,1.03124,1.03113,1.03116,182.680001243949
2025-01-09T10:26:00,1.03117,1.03123,1.03102,1.03103,178.350000917912
2025-01-09T10:27:00,1.03104,1.03113,1.03104,1.03112,162.69000005722
2025-01-09T10:28:00,1.03113,1.03113,1.03102,1.03107,179.720000348985
2025-01-09T10:29:00,1.03108,1.03109,1.03099,1.03106,67.6400000602007
2025-01-09T10:30:00,1.03105,1.03106,1.03093,1.03094,68.8899995535612
2025-01-09T10:31:00,1.03095,1.03105,1.03089,1.03097,205.989998936653
2025-01-09T10:32:00,1.03098,1.031,1.03087,1.03098,136.099999070168
2025-01-09T10:33:00,1.03097,1.03112,1.03097,1.03111,198.879999153316
2025-01-09T10:34:00,1.03112,1.03113,1.031,1.03108,144.070002302527
2025-01-09T10:35:00,1.03108,1.03114,1.03097,1.03101,277.820001401007
2025-01-09T10:36:00,1.031,1.03104,1.03088,1.03088,171.300001956522
2025-01-09T10:37:00,1.03089,1.031,1.03087,1.03094,267.920004829764
2025-01-09T10:38:00,1.03093,1.03098,1.03082,1.03088,242.510003037751
2025-01-09T10:39:00,1.03087,1.03089,1.03067,1.0307,220.430000826716
2025-01-09T10:40:00,1.03071,1.03085,1.0307,1.03083,200.11000200361
2025-01-09T10:41:00,1.03083,1.03083,1.03023,1.03023,298.520000211895
2025-01-09T10:42:00,1.03024,1.03043,1.02996,1.03043,987.430001795292
2025-01-09T10:43:00,1.03042,1.03066,1.03042,1.03049,442.650001466274
2025-01-09T10:44:00,1.03049,1.03057,1.03022,1.03022,351.040002629161
2025-01-09T10:45:00,1.03023,1.03035,1.0302,1.03026,422.850007891655
2025-01-09T10:46:00,1.03027,1.03037,1.03025,1.03032,293.490004301071
2025-01-09T10:47:00,1.03033,1.03053,1.03033,1.03049,126.940000645816
2025-01-09T10:48:00,1.03052,1.03069,1.03052,1.03058,129.330000765622
2025-01-09T10:49:00,1.03055,1.03056,1.03036,1.03043,317.870005778968
2025-01-09T10:50:00,1.03043,1.03057,1.03043,1.03054,179.230001792312
2025-01-09T10:51:00,1.03053,1.03066,1.03042,1.03051,282.240002095699
2025-01-09T10:52:00,1.03053,1.03065,1.03053,1.03054,97.7900010496378
2025-01-09T10:53:00,1.03055,1.03056,1.03049,1.03054,95.2200005054474
2025-01-09T10:54:00,1.03054,1.03062,1.03054,1.03057,218.87000130862
2025-01-09T10:55:00,1.03058,1.03058,1.03043,1.03048,320.470003470778
2025-01-09T10:56:00,1.03048,1.03076,1.03046,1.03053,420.76000662148
2025-01-09T10:57:00,1.03052,1.03052,1.03029,1.03033,348.780004307628
2025-01-09T10:58:00,1.03035,1.03039,1.03017,1.03023,453.510005712509
2025-01-09T10:59:00,1.03024,1.0303,1.03017,1.03029,594.220010735095
2025-01-09T11:00:00,1.0303,1.03035,1.03008,1.03009,532.940007224679
2025-01-09T11:01:00,1.0301,1.03018,1.02997,1.03003,553.230001688004
2025-01-09T11:02:00,1.03004,1.03017,1.03004,1.03017,305.300001487136
2025-01-09T11:03:00,1.03016,1.03022,1.02995,1.02997,355.290009193122
2025-01-09T11:04:00,1.02997,1.0301,1.02997,1.03008,309.480006448925
2025-01-09T11:05:00,1.0301,1.03019,1.03007,1.03016,288.510004520416
2025-01-09T11:06:00,1.03016,1.0302,1.03007,1.03014,362.140006281435
2025-01-09T11:07:00,1.03014,1.03024,1.0301,1.0301,349.110003344715
2025-01-09T11:08:00,1.03009,1.03013,1.03004,1.03007,310.640007138252
2025-01-09T11:09:00,1.03006,1.03008,1.02996,1.03003,230.890003800392
2025-01-09T11:10:00,1.03003,1.03015,1.02999,1.03012,145.509999155998
2025-01-09T11:11:00,1.03013,1.03016,1.02998,1.03012,291.760000042617
2025-01-09T11:12:00,1.03013,1.03013,1.02996,1.03002,346.280005991459
2025-01-09T11:13:00,1.03,1.03016,1.02997,1.03012,248.100002758205
2025-01-09T11:14:00,1.0301,1.0301,1.02997,1.03002,247.850003771484
2025-01-09T11:15:00,1.03001,1.03001,1.02986,1.02988,162.919999241829
2025-01-09T11:16:00,1.02988,1.02988,1.02981,1.02983,338.399996757507
2025-01-09T11:17:00,1.02984,1.02999,1.02983,1.02989,333.08999812603
2025-01-09T11:18:00,1.0299,1.0299,1.02981,1.02982,794.430008411407
2025-01-09T11:19:00,1.02982,1.02984,1.02976,1.02977,512.550003886223
2025-01-09T11:20:00,1.02976,1.02984,1.02968,1.02983,430.109996534884
2025-01-09T11:21:00,1.02983,1.02996,1.0298,1.02994,205.379999049008
2025-01-09T11:22:00,1.02993,1.02995,1.02984,1.02985,165.249999828637
2025-01-09T11:23:00,1.02983,1.03001,1.02975,1.03001,302.179998926818
2025-01-09T11:24:00,1.03001,1.03003,1.02991,1.02997,141.360000155866
2025-01-09T11:25:00,1.02997,1.02997,1.02981,1.02988,146.520000338554
2025-01-09T11:26:00,1.02989,1.02993,1.0298,1.02993,134.789999306202
2025-01-09T11:27:00,1.02992,1.03012,1.02992,1.03002,190.889998033643
2025-01-09T11:28:00,1.03002,1.03018,1.03002,1.03008,156.149998664856
2025-01-09T11:29:00,1.03009,1.03014,1.03002,1.03002,205.289996623993
2025-01-09T11:30:00,1.03003,1.03003,1.02984,1.02986,312.209998227656
2025-01-09T11:31:00,1.02985,1.02994,1.02985,1.0299,174.689999200404
2025-01-09T11:32:00,1.02991,1.03001,1.02985,1.02999,164.789999246597
2025-01-09T11:33:00,1.03001,1.0301,1.02996,1.03009,226.620000481606
2025-01-09T11:34:00,1.03008,1.03008,1.02998,1.02999,88.6700000762939
2025-01-09T11:35:00,1.03,1.03003,1.02995,1.03003,138.149998426437
2025-01-09T11:36:00,1.03003,1.03015,1.02997,1.03012,187.689999401569
2025-01-09T11:37:00,1.03012,1.03018,1.0299,1.02993,424.499998375773
2025-01-09T11:38:00,1.02993,1.03005,1.02992,1.03004,155.819999031723
2025-01-09T11:39:00,1.03003,1.03009,1.02998,1.03,193.589999914169
2025-01-09T11:40:00,1.02999,1.03008,1.02991,1.03005,321.390000104904
2025-01-09T11:41:00,1.03006,1.03009,1.02993,1.03007,291.260000824928
2025-01-09T11:42:00,1.03008,1.03009,1.03002,1.03006,130.049999475479
2025-01-09T11:43:00,1.03005,1.03008,1.02992,1.03,424.010000288486
2025-01-09T11:44:00,1.03,1.03017,1.02996,1.03015,118.379999279976
2025-01-09T11:45:00,1.03015,1.03018,1.03013,1.03014,70.4699995815754
2025-01-09T11:46:00,1.03014,1.03018,1.03011,1.03017,250.740000247955
2025-01-09T11:47:00,1.03016,1.03016,1.03003,1.03015,344.879997968674
2025-01-09T11:48:00,1.03015,1.03015,1.03001,1.0301,171.449998833239
2025-01-09T11:49:00,1.03009,1.03011,1.03,1.0301,222.549997866154
2025-01-09T11:50:00,1.0301,1.03014,1.03004,1.03006,231.029999613762
2025-01-09T11:51:00,1.03006,1.03032,1.03006,1.03032,270.899997830391
2025-01-09T11:52:00,1.03032,1.03044,1.03011,1.03024,319.770000100136
2025-01-09T11:53:00,1.03025,1.03039,1.03017,1.03031,289.919997803867
2025-01-09T11:54:00,1.0303,1.0303,1.03017,1.03018,194.910000480711
2025-01-09T11:55:00,1.03017,1.0302,1.03013,1.03018,143.549999952316
2025-01-09T11:56:00,1.03017,1.03025,1.03011,1.03018,194.309999585152
2025-01-09T11:57:00,1.03018,1.03032,1.03014,1.03029,165.929999910295
2025-01-09T11:58:00,1.03024,1.03024,1.02996,1.03,236.700000144541
2025-01-09T11:59:00,1.03002,1.03013,1.03,1.03011,95.8799995854497
2025-01-09T12:00:00,1.03011,1.03021,1.0301,1.03017,228.870000004768
2025-01-09T12:01:00,1.03017,1.0302,1.03005,1.03017,232.049998991191
2025-01-09T12:02:00,1.03018,1.03025,1.03013,1.03023,252.000000335276
2025-01-09T12:03:00,1.03024,1.03026,1.0301,1.03017,116.309998869896
2025-01-09T12:04:00,1.03018,1.03023,1.03016,1.03018,145.439999699593
2025-01-09T12:05:00,1.03017,1.03017,1.02999,1.03007,357.749996900558
2025-01-09T12:06:00,1.03006,1.03006,1.02999,1.03001,232.829997420311
2025-01-09T12:07:00,1.03003,1.03009,1.02996,1.02998,226.860000237823
2025-01-09T12:08:00,1.02997,1.03012,1.02996,1.03012,162.540000081062
2025-01-09T12:09:00,1.03011,1.03014,1.03009,1.0301,118.73999940604
2025-01-09T12:10:00,1.0301,1.03013,1.03,1.03003,153.629998184741
2025-01-09T12:11:00,1.03003,1.03018,1.02996,1.03015,179.669999048114
2025-01-09T12:12:00,1.03014,1.03029,1.03013,1.03023,66.3900011926889
2025-01-09T12:13:00,1.03024,1.03027,1.0301,1.03023,166.499999217689
2025-01-09T12:14:00,1.03024,1.03029,1.03013,1.03017,232.379999876022
2025-01-09T12:15:00,1.03016,1.0302,1.03011,1.03019,204.299998998642
2025-01-09T12:16:00,1.03019,1.03036,1.03019,1.03035,165.599999547005
2025-01-09T12:17:00,1.03036,1.03038,1.03027,1.03038,313.10999725014
2025-01-09T12:18:00,1.0304,1.0304,1.03021,1.03022,125.789999090135
2025-01-09T12:19:00,1.03021,1.03028,1.03018,1.03019,111.689999938011
2025-01-09T12:20:00,1.03019,1.03019,1.03003,1.03011,209.159998774529
2025-01-09T12:21:00,1.03011,1.03011,1.03003,1.03007,255.300000056624
2025-01-09T12:22:00,1.03008,1.03017,1.03002,1.03013,108.000000238419
2025-01-09T12:23:00,1.03013,1.03018,1.03002,1.03002,188.310001723468
2025-01-09T12:24:00,1.03003,1.03013,1.03002,1.03007,323.549999952316
2025-01-09T12:25:00,1.03006,1.03008,1.02986,1.02986,151.200000464916
2025-01-09T12:26:00,1.02986,1.02998,1.02982,1.02995,155.21999822557
2025-01-09T12:27:00,1.02998,1.03001,1.02995,1.02999,55.0600001811981
2025-01-09T12:28:00,1.03001,1.03018,1.03001,1.03017,41.0399996638298
2025-01-09T12:29:00,1.03017,1.03026,1.0301,1.0301,167.070000521839
2025-01-09T12:30:00,1.03011,1.0302,1.0301,1.03016,47.700000166893
2025-01-09T12:31:00,1.03016,1.03017,1.03003,1.03003,70.4100003167987
2025-01-09T12:32:00,1.03002,1.03002,1.02992,1.02993,148.409999489784
2025-01-09T12:33:00,1.02992,1.03002,1.02992,1.02997,243.899998426437
2025-01-09T12:34:00,1.02996,1.03025,1.02996,1.03022,384.299999713898
2025-01-09T12:35:00,1.03023,1.03032,1.03014,1.03015,197.370000481606
2025-01-09T12:36:00,1.03016,1.03021,1.03012,1.0302,158.579999685287
2025-01-09T12:37:00,1.03021,1.03025,1.03014,1.03014,127.889999449253
2025-01-09T12:38:00,1.03013,1.03013,1.02999,1.03002,177.449998818338
2025-01-09T12:39:00,1.03001,1.03006,1.02991,1.02992,367.549996852875
2025-01-09T12:40:00,1.02993,1.02997,1.02977,1.02977,263.129996195436
2025-01-09T12:41:00,1.02975,1.02977,1.02959,1.02977,218.63999838382
2025-01-09T12:42:00,1.02977,1.0299,1.02977,1.02989,81.5999989882112
2025-01-09T12:43:00,1.0299,1.02992,1.02987,1.0299,72.0899995341897
2025-01-09T12:44:00,1.02991,1.02997,1.02987,1.02993,141.32999996841
2025-01-09T12:45:00,1.02994,1.02996,1.02984,1.02994,129.709998726845
2025-01-09T12:46:00,1.02995,1.03006,1.0299,1.03006,91.3499989509583
2025-01-09T12:47:00,1.03007,1.03014,1.03007,1.03008,117.449998259544
2025-01-09T12:48:00,1.03011,1.03013,1.03004,1.03009,107.63999915123
2025-01-09T12:49:00,1.0301,1.03025,1.03008,1.03016,185.520000271499
2025-01-09T12:50:00,1.03017,1.0303,1.03017,1.03022,79.8299983739853
2025-01-09T12:51:00,1.03022,1.03025,1.03008,1.03008,85.1399990320206
2025-01-09T12:52:00,1.03007,1.03013,1.03,1.03002,58.8899989053607
2025-01-09T12:53:00,1.03003,1.03015,1.02999,1.03012,138.299998268485
2025-01-09T12:54:00,1.03013,1.03014,1.03005,1.03013,151.809998840094
2025-01-09T12:55:00,1.03012,1.03012,1.02999,1.03005,156.599997997284
2025-01-09T12:56:00,1.03005,1.03017,1.03,1.03005,106.559999532998
2025-01-09T12:57:00,1.03005,1.03025,1.03005,1.03023,137.969999484718
2025-01-09T12:58:00,1.03023,1.03042,1.03017,1.03039,181.439999297261
2025-01-09T12:59:00,1.03038,1.03049,1.03029,1.03034,318.569998845458
2025-01-09T13:00:00,1.03034,1.03034,1.03018,1.03019,254.340000428259
2025-01-09T13:01:00,1.03018,1.03018,1.0301,1.03014,332.729999758303
2025-01-09T13:02:00,1.03013,1.03037,1.03012,1.03031,391.889998190105
2025-01-09T13:03:00,1.03031,1.03035,1.03018,1.03022,184.049999952316
2025-01-09T13:04:00,1.03022,1.03024,1.03008,1.03023,189.739998549223
2025-01-09T13:05:00,1.03021,1.03021,1.03012,1.03017,93.5299993753433
2025-01-09T13:06:00,1.03017,1.03051,1.03017,1.03048,150.900000326335
2025-01-09T13:07:00,1.03047,1.0305,1.03035,1.03047,158.959998846054
2025-01-09T13:08:00,1.03045,1.03059,1.03045,1.03058,107.099999904633
2025-01-09T13:09:00,1.03057,1.03063,1.03047,1.03049,144.180000141263
2025-01-09T13:10:00,1.0305,1.03053,1.03041,1.03047,215.179999813437
2025-01-09T13:11:00,1.03046,1.03061,1.03042,1.03058,327.690000593662
2025-01-09T13:12:00,1.03058,1.03077,1.03058,1.03058,191.999999158084
2025-01-09T13:13:00,1.03058,1.03073,1.03048,1.03073,146.879999876022
2025-01-09T13:14:00,1.03074,1.0308,1.03064,1.03064,148.499998688698
2025-01-09T13:15:00,1.03064,1.0307,1.03054,1.03069,154.800000429153
2025-01-09T13:16:00,1.03068,1.03092,1.03066,1.03083,190.709999717772
2025-01-09T13:17:00,1.03082,1.03082,1.03063,1.03074,212.959998309612
2025-01-09T13:18:00,1.03075,1.03086,1.03073,1.03078,103.189997911453
2025-01-09T13:19:00,1.03077,1.03094,1.03073,1.03078,84.1499995142221
2025-01-09T13:20:00,1.03077,1.03079,1.03064,1.03067,185.399998500943
2025-01-09T13:21:00,1.03066,1.03088,1.03066,1.03083,293.249998562038
2025-01-09T13:22:00,1.03083,1.03097,1.03082,1.03097,172.889999866486
2025-01-09T13:23:00,1.03097,1.03097,1.03076,1.03086,350.38999825716
2025-01-09T13:24:00,1.03086,1.03097,1.03068,1.03078,322.159998469055
2025-01-09T13:25:00,1.03078,1.03083,1.03059,1.03083,146.009999066591
2025-01-09T13:26:00,1.03084,1.03088,1.03077,1.03082,235.319999560714
2025-01-09T13:27:00,1.03082,1.03123,1.0308,1.03102,346.729998394847
2025-01-09T13:28:00,1.03103,1.03122,1.03102,1.03114,341.189999312162
2025-01-09T13:29:00,1.03114,1.0312,1.03108,1.03117,185.219997420907
2025-01-09T13:30:00,1.03118,1.03142,1.03117,1.03138,221.669998466969
2025-01-09T13:31:00,1.0314,1.0319,1.03138,1.03163,357.819998331368
2025-01-09T13:32:00,1.03161,1.03163,1.03141,1.03154,176.039997972548
2025-01-09T13:33:00,1.03155,1.03172,1.03147,1.03148,87.5299995392561
2025-01-09T13:34:00,1.03149,1.03164,1.03148,1.03161,92.1299986243248
2025-01-09T13:35:00,1.03162,1.03162,1.03132,1.03138,83.8699987381697
2025-01-09T13:36:00,1.03141,1.0315,1.03132,1.03141,158.959997117519
2025-01-09T13:37:00,1.03142,1.03159,1.03142,1.03143,138.019999310374
2025-01-09T13:38:00,1.03145,1.03155,1.03128,1.03133,160.599996566772
2025-01-09T13:39:00,1.03133,1.03144,1.03131,1.03137,161.189997673035
2025-01-09T13:40:00,1.03137,1.03141,1.03114,1.03138,161.219997398555
2025-01-09T13:41:00,1.03137,1.03141,1.03124,1.03129,128.069998435676
2025-01-09T13:42:00,1.03128,1.03152,1.03127,1.03148,125.549998521805
2025-01-09T13:43:00,1.03147,1.03148,1.03135,1.03143,131.939997136593
2025-01-09T13:44:00,1.03143,1.03143,1.03122,1.03124,144.449997901917
2025-01-09T13:45:00,1.03124,1.03132,1.03111,1.03121,169.019999012351
2025-01-09T13:46:00,1.03121,1.03131,1.03112,1.03131,187.169998951256
2025-01-09T13:47:00,1.03131,1.03131,1.03101,1.03114,286.689999304712
2025-01-09T13:48:00,1.03114,1.03124,1.03109,1.03123,254.700000464916
2025-01-09T13:49:00,1.03122,1.03128,1.03117,1.03123,333.659998707473
2025-01-09T13:50:00,1.03125,1.03134,1.03118,1.03129,216.540000796318
2025-01-09T13:51:00,1.03127,1.03127,1.0311,1.03111,217.519999980927
2025-01-09T13:52:00,1.0311,1.03114,1.03102,1.03108,376.589999191463
2025-01-09T13:53:00,1.03107,1.03113,1.03095,1.031,242.099999308586
2025-01-09T13:54:00,1.03099,1.03106,1.03091,1.03099,117.409998767078
2025-01-09T13:55:00,1.031,1.031,1.03082,1.03082,151.579999938607
2025-01-09T13:56:00,1.03082,1.0309,1.03075,1.03077,128.069998599589
2025-01-09T13:57:00,1.03078,1.03088,1.03077,1.03087,35.9799995049834
2025-01-09T13:58:00,1.03087,1.03089,1.03055,1.03056,170.87999830395
2025-01-09T13:59:00,1.03057,1.03084,1.03053,1.03078,114.059998244047
2025-01-09T14:00:00,1.03078,1.03095,1.03078,1.0309,154.709998518229
2025-01-09T14:01:00,1.03091,1.03101,1.03087,1.03088,162.929999485612
2025-01-09T14:02:00,1.03088,1.03094,1.03079,1.03081,205.739998705685
2025-01-09T14:03:00,1.03082,1.03092,1.03082,1.03082,254.759998984635
2025-01-09T14:04:00,1.03083,1.03097,1.03072,1.03086,284.399999246001
2025-01-09T14:05:00,1.03086,1.03113,1.03085,1.03113,197.339999780059
2025-01-09T14:06:00,1.03117,1.0312,1.03102,1.03116,302.149997629225
2025-01-09T14:07:00,1.03118,1.03118,1.03087,1.03089,157.769998908043
2025-01-09T14:08:00,1.03092,1.03105,1.03082,1.03083,349.619997724891
2025-01-09T14:09:00,1.03083,1.03121,1.03083,1.03121,544.969997286797
2025-01-09T14:10:00,1.03121,1.03122,1.03112,1.03121,237.689999341965
2025-01-09T14:11:00,1.03121,1.03122,1.0308,1.0308,222.359998330474
2025-01-09T14:12:00,1.03079,1.03107,1.03079,1.03101,260.070000112057
2025-01-09T14:13:00,1.03102,1.03115,1.03092,1.03115,365.339997380972
2025-01-09T14:14:00,1.03115,1.03131,1.03113,1.03124,256.439998976886
2025-01-09T14:15:00,1.03123,1.03137,1.03123,1.03134,282.959998726845
2025-01-09T14:16:00,1.03134,1.03137,1.03124,1.03129,494.759997956455
2025-01-09T14:17:00,1.03129,1.03145,1.03129,1.03132,459.919996201992
2025-01-09T14:18:00,1.03132,1.03139,1.03124,1.03125,265.529997460544
2025-01-09T14:19:00,1.03125,1.03125,1.03106,1.03106,302.709998607635
2025-01-09T14:20:00,1.03106,1.03125,1.03106,1.03117,163.349998831749
2025-01-09T14:21:00,1.0312,1.03131,1.03115,1.03129,228.689999222755
2025-01-09T14:22:00,1.03128,1.03131,1.03122,1.03128,158.399998575449
2025-01-09T14:23:00,1.03127,1.0313,1.03126,1.03127,125.310000173748
2025-01-09T14:24:00,1.03127,1.03127,1.03114,1.03119,263.429998993874
2025-01-09T14:25:00,1.03122,1.03127,1.03118,1.03123,198.449998736382
2025-01-09T14:26:00,1.03122,1.03128,1.0312,1.03126,222.300001502037
2025-01-09T14:27:00,1.03126,1.03127,1.03115,1.03115,143.779999703169
2025-01-09T14:28:00,1.03115,1.03122,1.03109,1.0311,139.319998316467
2025-01-09T14:29:00,1.03109,1.03112,1.03089,1.03099,192.180001467466
2025-01-09T14:30:00,1.03099,1.03103,1.03083,1.03083,225
2025-01-09T14:31:00,1.03083,1.03083,1.03056,1.03057,221.039998531342
2025-01-09T14:32:00,1.03056,1.03066,1.03052,1.0306,253.00999891758
2025-01-09T14:33:00,1.0306,1.03081,1.03058,1.03076,326.489997729659
2025-01-09T14:34:00,1.03076,1.0308,1.03072,1.0308,127.350000500679
2025-01-09T14:35:00,1.03081,1.03091,1.03078,1.03085,148.590000391006
2025-01-09T14:36:00,1.03086,1.03103,1.03086,1.03102,180.450000286102
2025-01-09T14:37:00,1.03103,1.03112,1.03098,1.03112,214.290001273155
2025-01-09T14:38:00,1.03111,1.03119,1.03106,1.03109,253.620000600815
2025-01-09T14:39:00,1.0311,1.03112,1.03105,1.03106,187.650000452995
2025-01-09T14:40:00,1.03106,1.03112,1.03091,1.03099,311.130000114441
2025-01-09T14:41:00,1.03098,1.03102,1.03083,1.03098,199.789997026324
2025-01-09T14:42:00,1.03097,1.03097,1.03081,1.0309,214.410000137985
2025-01-09T14:43:00,1.03089,1.03096,1.03088,1.03096,196.230000257492
2025-01-09T14:44:00,1.03096,1.03096,1.03081,1.03082,213.089999124408
2025-01-09T14:45:00,1.03081,1.03089,1.03078,1.03085,379.979997515678
2025-01-09T14:46:00,1.03083,1.0309,1.03082,1.03085,394.309998035431
2025-01-09T14:47:00,1.03086,1.03087,1.03079,1.03081,229.439998619258
2025-01-09T14:48:00,1.03086,1.03088,1.03062,1.0307,159.840000629425
2025-01-09T14:49:00,1.0307,1.03072,1.03053,1.03062,241.830001115799
2025-01-09T14:50:00,1.03061,1.03072,1.03058,1.03072,280.570001363754
2025-01-09T14:51:00,1.03072,1.03072,1.03061,1.0307,205.380000948906
2025-01-09T14:52:00,1.03069,1.03109,1.03065,1.03107,325.379999212921
2025-01-09T14:53:00,1.03107,1.03112,1.0309,1.03097,431.69999717176
2025-01-09T14:54:00,1.03096,1.03099,1.03088,1.03095,191.159999325871
2025-01-09T14:55:00,1.03095,1.03099,1.03056,1.03066,369.089998006821
2025-01-09T14:56:00,1.03064,1.03074,1.03058,1.03072,196.64999973774
2025-01-09T14:57:00,1.03069,1.03091,1.03066,1.03089,268.759999498725
2025-01-09T14:58:00,1.0309,1.0309,1.0308,1.03083,238.199997410178
2025-01-09T14:59:00,1.03083,1.03085,1.03068,1.03073,217.349998749793
2025-01-09T15:00:00,1.03073,1.03095,1.03073,1.03082,222.629999853671
2025-01-09T15:01:00,1.03082,1.03084,1.03072,1.03076,84.449999563396
2025-01-09T15:02:00,1.03077,1.03077,1.03055,1.03061,183.599999427795
2025-01-09T15:03:00,1.03061,1.03066,1.0305,1.03057,230.699999324977
2025-01-09T15:04:00,1.03056,1.03057,1.03041,1.03046,322.999996505678
2025-01-09T15:05:00,1.03047,1.03052,1.0304,1.0304,266.009997949004
2025-01-09T15:06:00,1.0304,1.03046,1.03034,1.03036,202.500002920628
2025-01-09T15:07:00,1.03036,1.03042,1.0303,1.03039,111.0899996683
2025-01-09T15:08:00,1.03038,1.03038,1.03012,1.03013,180.089998990297
2025-01-09T15:09:00,1.03012,1.03019,1.03002,1.03019,280.799997523427
2025-01-09T15:10:00,1.03018,1.03018,1.03006,1.0301,156.149998307228
2025-01-09T15:11:00,1.03016,1.0302,1.03009,1.03016,216.079998239875
2025-01-09T15:12:00,1.03016,1.0303,1.03016,1.03027,161.459998823702
2025-01-09T15:13:00,1.03027,1.03031,1.03026,1.0303,111.600000143051
2025-01-09T15:14:00,1.03031,1.03039,1.0303,1.03032,133.559999153018
2025-01-09T15:15:00,1.03031,1.03036,1.03023,1.03034,188.039998859167
2025-01-09T15:16:00,1.03034,1.03039,1.03027,1.03035,155.139998212457
2025-01-09T15:17:00,1.03034,1.03036,1.03017,1.03018,173.789999328554
2025-01-09T15:18:00,1.03019,1.03025,1.03017,1.03025,167.429998643696
2025-01-09T15:19:00,1.03027,1.03029,1.03007,1.0301,153.259999155998
2025-01-09T15:20:00,1.03012,1.03022,1.03012,1.03017,86.4899987950921
2025-01-09T15:21:00,1.03016,1.03024,1.03006,1.03018,175.409998372197
2025-01-09T15:22:00,1.03018,1.03028,1.03016,1.03027,98.0999993085861
2025-01-09T15:23:00,1.03027,1.03031,1.03023,1.03029,122.129998758435
2025-01-09T15:24:00,1.03029,1.03029,1.03015,1.03022,156.419998437166
2025-01-09T15:25:00,1.03023,1.03039,1.03023,1.03037,134.639999844134
2025-01-09T15:26:00,1.03036,1.03039,1.0303,1.0303,154.999997615814
2025-01-09T15:27:00,1.03031,1.03036,1.03031,1.03034,49.3199992179871
2025-01-09T15:28:00,1.03034,1.0304,1.03025,1.0304,64.8300001248717
2025-01-09T15:29:00,1.03039,1.03051,1.03039,1.03042,80.7100003659725
2025-01-09T15:30:00,1.03042,1.03042,1.03033,1.03034,110.880000293255
2025-01-09T15:31:00,1.03036,1.0304,1.03033,1.03037,109.259999990463
2025-01-09T15:32:00,1.03037,1.03039,1.03036,1.03038,69.3899998664856
2025-01-09T15:33:00,1.03038,1.0304,1.03017,1.0302,144.589998692274
2025-01-09T15:34:00,1.03019,1.03027,1.03019,1.03026,67.7699989676476
2025-01-09T15:35:00,1.03026,1.03028,1.03019,1.03027,186.739999771118
2025-01-09T15:36:00,1.03026,1.03026,1.03007,1.03007,201.689998008311
2025-01-09T15:37:00,1.03009,1.03009,1.03003,1.03005,161.159998081625
2025-01-09T15:38:00,1.03005,1.03009,1.03002,1.03002,124.10999917984
2025-01-09T15:39:00,1.03002,1.03027,1.03002,1.03026,143.820000052452
2025-01-09T15:40:00,1.03025,1.03026,1.02993,1.03001,182.829999201
2025-01-09T15:41:00,1.03002,1.03003,1.02991,1.03,127.230001077056
2025-01-09T15:42:00,1.03001,1.03004,1.02991,1.02992,210.05999994278
2025-01-09T15:43:00,1.02991,1.02994,1.02971,1.02976,208.440001010895
2025-01-09T15:44:00,1.02977,1.02979,1.02971,1.02978,210.819999814034
2025-01-09T15:45:00,1.02978,1.02981,1.02966,1.02975,242.849999241531
2025-01-09T15:46:00,1.02976,1.02982,1.02965,1.0297,247.950000703335
2025-01-09T15:47:00,1.0297,1.0297,1.02952,1.02956,241.829999119043
2025-01-09T15:48:00,1.02957,1.02971,1.02947,1.02968,439.649999678135
2025-01-09T15:49:00,1.02969,1.03015,1.02967,1.03002,462.329998135567
2025-01-09T15:50:00,1.03001,1.03009,1.0298,1.02983,291.009999781847
2025-01-09T15:51:00,1.02982,1.02991,1.02979,1.02991,267.749999701977
2025-01-09T15:52:00,1.02991,1.02991,1.02969,1.02976,215.729998469353
2025-01-09T15:53:00,1.02976,1.02977,1.02966,1.02971,246.689999520779
2025-01-09T15:54:00,1.02975,1.02975,1.02961,1.02966,293.950000017881
2025-01-09T15:55:00,1.02967,1.02994,1.02966,1.02993,202.91999900341
2025-01-09T15:56:00,1.02993,1.03002,1.02989,1.02998,257.280000962317
2025-01-09T15:57:00,1.02997,1.03,1.0299,1.02994,317.249998725951
2025-01-09T15:58:00,1.02995,1.03001,1.02987,1.02991,274.439998574555
2025-01-09T15:59:00,1.0299,1.02996,1.02985,1.02992,346.259998627007
2025-01-09T16:00:00,1.02993,1.03,1.02993,1.02999,332.969995886087
2025-01-09T16:01:00,1.02998,1.02999,1.02964,1.02964,315.69000031054
2025-01-09T16:02:00,1.02964,1.02974,1.02955,1.02955,240.23999837786
2025-01-09T16:03:00,1.02955,1.02965,1.02944,1.02944,393.240000545979
2025-01-09T16:04:00,1.02943,1.02951,1.02935,1.02951,167.580000281334
2025-01-09T16:05:00,1.02953,1.02976,1.02952,1.02971,205.559999227524
2025-01-09T16:06:00,1.02971,1.02971,1.0295,1.02956,163.469998903573
2025-01-09T16:07:00,1.02956,1.0297,1.02956,1.0297,234.839999727905
2025-01-09T16:08:00,1.0297,1.02981,1.02968,1.02976,300.329999268055
2025-01-09T16:09:00,1.02976,1.02976,1.02965,1.02966,171.920000076294
2025-01-09T16:10:00,1.02965,1.02987,1.02965,1.02982,160.739999890327
2025-01-09T16:11:00,1.02979,1.02985,1.02975,1.02981,76.4999989271164
2025-01-09T16:12:00,1.02981,1.02986,1.02971,1.02971,159.499999403954
2025-01-09T16:13:00,1.02972,1.02979,1.0296,1.02979,175.679999411106
2025-01-09T16:14:00,1.02979,1.02987,1.02976,1.02983,116.279999494553
2025-01-09T16:15:00,1.02983,1.02995,1.02983,1.02992,204.749999880791
2025-01-09T16:16:00,1.02991,1.02993,1.02975,1.02976,145.819999694824
2025-01-09T16:17:00,1.02976,1.02976,1.0297,1.02971,151.050000779331
2025-01-09T16:18:00,1.02971,1.02982,1.02971,1.02976,157.950001001358
2025-01-09T16:19:00,1.02978,1.02981,1.02964,1.0297,229.950000047684
2025-01-09T16:20:00,1.0297,1.02976,1.02968,1.02974,149.399999558926
2025-01-09T16:21:00,1.02975,1.02982,1.02965,1.0297,209.339999832213
2025-01-09T16:22:00,1.02971,1.02983,1.02961,1.02961,120.239999294281
2025-01-09T16:23:00,1.02964,1.02965,1.02951,1.02951,137.339999556541
2025-01-09T16:24:00,1.02952,1.02953,1.02942,1.02944,143.589998781681
2025-01-09T16:25:00,1.02944,1.02949,1.02936,1.02948,194.069998852909
2025-01-09T16:26:00,1.02947,1.02958,1.02946,1.02956,157.949999809265
2025-01-09T16:27:00,1.02956,1.02959,1.02947,1.02951,188.729999482632
2025-01-09T16:28:00,1.02951,1.0296,1.0295,1.02959,164.250000298023
2025-01-09T16:29:00,1.02958,1.02958,1.0295,1.0295,102.869999051094
2025-01-09T16:30:00,1.02951,1.02951,1.02941,1.02946,210.780000448227
2025-01-09T16:31:00,1.02949,1.02949,1.02935,1.02938,126.899999916553
2025-01-09T16:32:00,1.02938,1.02938,1.02927,1.02927,79.6500002145767
2025-01-09T16:33:00,1.02926,1.02926,1.02925,1.02925,46.7999992370605
2025-01-09T16:34:00,1.02926,1.02926,1.02921,1.02926,234.210003010929
2025-01-09T16:35:00,1.02925,1.0293,1.0291,1.02926,244.859997972846
2025-01-09T16:36:00,1.02925,1.0293,1.02924,1.02927,212.069997638464
2025-01-09T16:37:00,1.02926,1.02953,1.02926,1.02952,312.750000536442
2025-01-09T16:38:00,1.02952,1.02966,1.02951,1.02957,275.849997401237
2025-01-09T16:39:00,1.02956,1.02966,1.02956,1.02966,79.1999989748001
2025-01-09T16:40:00,1.02966,1.02971,1.02962,1.02971,161.549998998642
2025-01-09T16:41:00,1.02971,1.02981,1.02956,1.02968,254.16000109911
2025-01-09T16:42:00,1.02968,1.0298,1.02967,1.0298,110.999999433756
2025-01-09T16:43:00,1.02981,1.02992,1.02981,1.02991,181.349999308586
2025-01-09T16:44:00,1.02991,1.03007,1.02991,1.03006,134.099999308586
2025-01-09T16:45:00,1.03005,1.03005,1.03002,1.03002,61.1999989748001
2025-01-09T16:46:00,1.03003,1.03007,1.03001,1.03007,78.0900006145239
2025-01-09T16:47:00,1.03008,1.03009,1.03002,1.03008,67.9200009256601
2025-01-09T16:48:00,1.03007,1.0301,1.03002,1.0301,99.4799984022975
2025-01-09T16:49:00,1.03009,1.03009,1.03001,1.03002,112.679998278618
2025-01-09T16:50:00,1.03001,1.03001,1.02988,1.02991,131.490000367165
2025-01-09T16:51:00,1.02992,1.02994,1.02982,1.02982,114.38000023365
2025-01-09T16:52:00,1.02984,1.03003,1.02984,1.03002,138.369999617338
2025-01-09T16:53:00,1.03001,1.03006,1.02993,1.02993,101.070000171661
2025-01-09T16:54:00,1.02992,1.02992,1.02977,1.02978,214.650001168251
2025-01-09T16:55:00,1.02977,1.02997,1.02973,1.02997,80.6000003889203
2025-01-09T16:56:00,1.02998,1.03,1.02985,1.02994,134.959998480976
2025-01-09T16:57:00,1.02993,1.02993,1.02977,1.02981,250.020000576973
2025-01-09T16:58:00,1.02981,1.02984,1.02965,1.02967,232.650000870228
2025-01-09T16:59:00,1.02967,1.02975,1.02962,1.02972,257.219998314977
2025-01-09T17:00:00,1.02973,1.03002,1.02972,1.03002,99.0599993914366
2025-01-09T17:01:00,1.03002,1.03006,1.02998,1.03003,99.5099990963936
2025-01-09T17:02:00,1.03001,1.03007,1.02997,1.03007,89.5799992084503
2025-01-09T17:03:00,1.03008,1.03013,1.03,1.03003,66.9299988150597
2025-01-09T17:04:00,1.03002,1.03013,1.02997,1.03001,132.799998782575
2025-01-09T17:05:00,1.03,1.03017,1.03,1.03012,164.789998650551
2025-01-09T17:06:00,1.03011,1.03011,1.03,1.03002,108.989999294281
2025-01-09T17:07:00,1.03002,1.03007,1.02997,1.03004,97.7099990546703
2025-01-09T17:08:00,1.03003,1.03003,1.02993,1.02993,150.540001265705
2025-01-09T17:09:00,1.02993,1.02997,1.02992,1.02997,211.76999733597
2025-01-09T17:10:00,1.02997,1.03002,1.02997,1.03002,64.3499987721443
2025-01-09T17:11:00,1.03002,1.03003,1.0299,1.0299,83.4299992322922
2025-01-09T17:12:00,1.02992,1.03,1.02982,1.02992,316.079997956753
2025-01-09T17:13:00,1.02993,1.02993,1.02986,1.02987,184.949999690056
2025-01-09T17:14:00,1.02987,1.02998,1.02987,1.02997,193.950001120567
2025-01-09T17:15:00,1.02998,1.03004,1.02989,1.02999,283.859998583794
2025-01-09T17:16:00,1.03,1.03006,1.02987,1.02988,161.429998263717
2025-01-09T17:17:00,1.02989,1.02992,1.02982,1.02983,126.359999537468
2025-01-09T17:18:00,1.02982,1.02989,1.02977,1.02984,112.500000357628
2025-01-09T17:19:00,1.02984,1.02984,1.02972,1.02973,148.049999117851
2025-01-09T17:20:00,1.02974,1.02974,1.02962,1.02965,188.999999284744
2025-01-09T17:21:00,1.02964,1.0297,1.02964,1.02968,122.089999906719
2025-01-09T17:22:00,1.0297,1.02974,1.02966,1.02966,93.8999994695187
2025-01-09T17:23:00,1.02966,1.02969,1.02962,1.02963,83.5800004452467
2025-01-09T17:24:00,1.02962,1.02962,1.02953,1.02953,104.489999711514
2025-01-09T17:25:00,1.02953,1.02958,1.02952,1.02953,71.8800004571676
2025-01-09T17:26:00,1.02955,1.02967,1.02954,1.02956,71.8199996948242
2025-01-09T17:27:00,1.02957,1.02979,1.02957,1.02979,122.910000406206
2025-01-09T17:28:00,1.02981,1.02983,1.02976,1.02983,108.689999997616
2025-01-09T17:29:00,1.02986,1.02987,1.02973,1.02973,72.420000359416
2025-01-09T17:30:00,1.02973,1.02973,1.02941,1.02945,211.049999237061
2025-01-09T17:31:00,1.02946,1.02954,1.02943,1.0295,97.289999961853
2025-01-09T17:32:00,1.0295,1.02953,1.02943,1.02952,128.700000882149
2025-01-09T17:33:00,1.02951,1.02958,1.02951,1.02958,97.9199999570847
2025-01-09T17:34:00,1.02957,1.02958,1.02953,1.02954,98.9999992847443
2025-01-09T17:35:00,1.02955,1.02958,1.02943,1.02951,192.599998116493
2025-01-09T17:36:00,1.02952,1.02953,1.02938,1.0294,267.299998283386
2025-01-09T17:37:00,1.0294,1.02945,1.02937,1.02941,292.629999816418
2025-01-09T17:38:00,1.02941,1.02941,1.02937,1.02939,57.5999997854233
2025-01-09T17:39:00,1.02939,1.02945,1.02939,1.02945,77.6200000941753
2025-01-09T17:40:00,1.02946,1.02953,1.02943,1.02952,182.2199998945
2025-01-09T17:41:00,1.02952,1.02956,1.02951,1.02952,122.850000023842
2025-01-09T17:42:00,1.02952,1.02954,1.02948,1.02951,94.1999995559454
2025-01-09T17:43:00,1.02952,1.02952,1.02948,1.02951,69.749999165535
2025-01-09T17:44:00,1.02948,1.02953,1.02944,1.02953,181.410000711679
2025-01-09T17:45:00,1.02954,1.02954,1.02944,1.02944,100.620000243187
2025-01-09T17:46:00,1.02944,1.02949,1.02944,1.02947,48.540000192821
2025-01-09T17:47:00,1.02947,1.02954,1.02947,1.02947,70.6499993801117
2025-01-09T17:48:00,1.0295,1.02953,1.0294,1.02941,122.579999566078
2025-01-09T17:49:00,1.02941,1.0296,1.02941,1.02952,130.95000064373
2025-01-09T17:50:00,1.02953,1.02959,1.02947,1.02959,101.699999928474
2025-01-09T17:51:00,1.02959,1.02962,1.0294,1.0294,76.6800001859665
2025-01-09T17:52:00,1.02942,1.02952,1.0294,1.02947,94.0500004291534
2025-01-09T17:53:00,1.02949,1.02971,1.02949,1.02971,113.819999352098
2025-01-09T17:54:00,1.02972,1.02974,1.02967,1.02972,114.23999902606
2025-01-09T17:55:00,1.02973,1.0298,1.02972,1.02976,74.5800003409386
2025-01-09T17:56:00,1.02975,1.02984,1.02972,1.02972,246.38999633491
2025-01-09T17:57:00,1.02971,1.02971,1.02957,1.02964,141.059997700155
2025-01-09T17:58:00,1.02963,1.02973,1.0296,1.02972,60.0000006854534
2025-01-09T17:59:00,1.02972,1.02974,1.02969,1.02974,60.0300001427531
2025-01-09T18:00:00,1.02972,1.02972,1.02963,1.02965,108.210000485182
2025-01-09T18:01:00,1.02965,1.02971,1.02963,1.02969,131.039999604225
2025-01-09T18:02:00,1.0297,1.02972,1.02966,1.02966,171.089999556541
2025-01-09T18:03:00,1.02967,1.02968,1.02963,1.02964,130.589998960495
2025-01-09T18:04:00,1.02963,1.02964,1.02963,1.02964,68.3999981880188
2025-01-09T18:05:00,1.02966,1.02967,1.0295,1.02951,221.220000386238
2025-01-09T18:06:00,1.02951,1.02952,1.02949,1.02952,61.1999996900558
2025-01-09T18:07:00,1.02952,1.02953,1.02939,1.02942,258.149997346103
2025-01-09T18:08:00,1.02943,1.02952,1.02943,1.02951,165.539998166263
2025-01-09T18:09:00,1.0295,1.02962,1.0295,1.02962,100.589997135103
2025-01-09T18:10:00,1.02961,1.02961,1.02949,1.02955,165.570000037551
2025-01-09T18:11:00,1.02954,1.02957,1.02952,1.02954,181.349999070168
2025-01-09T18:12:00,1.02955,1.02964,1.02954,1.02954,127.470000557601
2025-01-09T18:13:00,1.02954,1.02954,1.02954,1.02954,11.4299999251962
2025-01-09T18:14:00,1.02955,1.02968,1.02955,1.02968,92.6999996900558
2025-01-09T18:15:00,1.02969,1.02969,1.02968,1.02968,30.5999999046326
2025-01-09T18:16:00,1.0297,1.02971,1.02963,1.02965,104.579999685287
2025-01-09T18:17:00,1.02967,1.02968,1.02967,1.02968,6.29999983310699
2025-01-09T18:18:00,1.02969,1.02971,1.02957,1.0296,86.4000002145767
2025-01-09T18:19:00,1.02959,1.02969,1.02958,1.02968,81.0000001192093
2025-01-09T18:20:00,1.02968,1.0297,1.02963,1.0297,32.399999499321
2025-01-09T18:21:00,1.02969,1.02975,1.02969,1.02973,112.050000429153
2025-01-09T18:22:00,1.02973,1.02978,1.02969,1.02978,64.9199997708201
2025-01-09T18:23:00,1.02978,1.02983,1.02976,1.02981,117.450000047684
2025-01-09T18:24:00,1.02981,1.02983,1.02981,1.02981,26.9999996423721
2025-01-09T18:25:00,1.02982,1.02987,1.02982,1.02985,118.17000079155
2025-01-09T18:26:00,1.02986,1.02988,1.02985,1.02988,33.2999997138977
2025-01-09T18:27:00,1.02988,1.02988,1.02983,1.02987,14.3099998012185
2025-01-09T18:28:00,1.02986,1.02987,1.02986,1.02987,19.7999999523163
2025-01-09T18:29:00,1.02988,1.02995,1.02988,1.02994,27.6599993631244
2025-01-09T18:30:00,1.02995,1.02997,1.02992,1.02993,73.7999991178513
2025-01-09T18:31:00,1.02993,1.03002,1.02992,1.03,19.3499994277954
2025-01-09T18:32:00,1.02999,1.03011,1.02999,1.03009,64.7099996805191
2025-01-09T18:33:00,1.03009,1.03009,1.03001,1.03002,18.0899996757507
2025-01-09T18:34:00,1.03003,1.03008,1.03003,1.03007,97.1999996900558
2025-01-09T18:35:00,1.03008,1.03011,1.03004,1.03004,86.9399998188019
2025-01-09T18:36:00,1.03004,1.03007,1.03003,1.03003,35.1899996995926
2025-01-09T18:37:00,1.03004,1.03008,1.03003,1.03008,39.5999999046326
2025-01-09T18:38:00,1.03009,1.03014,1.03007,1.0301,156.599997878075
2025-01-09T18:39:00,1.03008,1.03011,1.03008,1.03009,34.2899994850159
2025-01-09T18:40:00,1.0301,1.0301,1.03009,1.03009,25.2000002861023
2025-01-09T18:41:00,1.03009,1.03011,1.03008,1.03011,49.5000003576279
2025-01-09T18:42:00,1.0301,1.03015,1.0301,1.03012,35.1000000238419
2025-01-09T18:43:00,1.03011,1.03011,1.03008,1.03009,70.4400008767843
2025-01-09T18:44:00,1.03009,1.03017,1.03009,1.03017,44.5800002068281
2025-01-09T18:45:00,1.03016,1.03017,1.0301,1.03014,59.0700006186962
2025-01-09T18:46:00,1.03015,1.03024,1.03015,1.03023,143.909999012947
2025-01-09T18:47:00,1.03021,1.03022,1.03017,1.03017,30.2700000926852
2025-01-09T18:48:00,1.03015,1.03017,1.03012,1.03012,88.9199993610382
2025-01-09T18:49:00,1.03012,1.03012,1.0301,1.0301,14.4900002479553
2025-01-09T18:50:00,1.0301,1.0301,1.03008,1.03008,72.0000007152557
2025-01-09T18:51:00,1.03008,1.03011,1.03007,1.03011,91.6199998855591
2025-01-09T18:52:00,1.03011,1.03012,1.03008,1.03008,21.5999999046326
2025-01-09T18:53:00,1.03008,1.03008,1.03002,1.03004,65.0099995061755
2025-01-09T18:54:00,1.03004,1.03009,1.02987,1.03008,187.04999922961
2025-01-09T18:55:00,1.03007,1.03007,1.02994,1.02996,66.689999461174
2025-01-09T18:56:00,1.02997,1.03006,1.02996,1.03004,143.549999475479
2025-01-09T18:57:00,1.03003,1.03008,1.03003,1.03005,58.7400004714727
2025-01-09T18:58:00,1.03005,1.03005,1.02994,1.02995,102.629999987781
2025-01-09T18:59:00,1.02997,1.03004,1.02996,1.03001,117.9899995327
2025-01-09T19:00:00,1.03002,1.03011,1.03002,1.03011,102.180000394583
2025-01-09T19:01:00,1.03012,1.03019,1.03012,1.03019,162.479997389019
2025-01-09T19:02:00,1.03017,1.03017,1.03011,1.03015,48.8700000047684
2025-01-09T19:03:00,1.03014,1.0302,1.03014,1.03019,25.2600002661347
2025-01-09T19:04:00,1.0302,1.0302,1.03017,1.03017,9.84000012278557
2025-01-09T19:05:00,1.03018,1.03019,1.03015,1.03015,24.7500003129244
2025-01-09T19:06:00,1.03015,1.03015,1.03003,1.03003,31.7399993985891
2025-01-09T19:07:00,1.03003,1.03008,1.03003,1.03008,66.3599997237325
2025-01-09T19:08:00,1.03007,1.03012,1.03007,1.0301,41.3999997377396
2025-01-09T19:09:00,1.03011,1.03016,1.03011,1.03016,14.4299998506904
2025-01-09T19:10:00,1.03015,1.03015,1.03011,1.03012,11.33999979496
2025-01-09T19:11:00,1.03011,1.03013,1.03008,1.03008,45.4200002774596
2025-01-09T19:12:00,1.03007,1.0301,1.03006,1.0301,24.9900004714727
2025-01-09T19:13:00,1.03009,1.0301,1.03007,1.03007,11.789999961853
2025-01-09T19:14:00,1.03005,1.03005,1.02988,1.02989,133.380000770092
2025-01-09T19:15:00,1.02989,1.0299,1.02986,1.0299,50.4899996519089
2025-01-09T19:16:00,1.02989,1.02995,1.02989,1.02994,72.3899993821979
2025-01-09T19:17:00,1.02994,1.02995,1.02994,1.02994,18.5099994987249
2025-01-09T19:18:00,1.02994,1.02994,1.02988,1.02988,40.8599994182587
2025-01-09T19:19:00,1.02988,1.0299,1.02988,1.0299,11.0700002908707
2025-01-09T19:20:00,1.02989,1.02989,1.0298,1.0298,29.9700002670288
2025-01-09T19:21:00,1.02979,1.02989,1.02979,1.02989,52.0199999809265
2025-01-09T19:22:00,1.02988,1.02988,1.02984,1.02986,14.5799996852875
2025-01-09T19:23:00,1.02986,1.02987,1.02984,1.02984,33.6599991321564
2025-01-09T19:24:00,1.02984,1.02985,1.02983,1.02983,26.6400001049042
2025-01-09T19:25:00,1.02984,1.02992,1.02983,1.02984,84.690000295639
2025-01-09T19:26:00,1.02985,1.02994,1.02985,1.02994,56.7900004386902
2025-01-09T19:27:00,1.02994,1.03,1.02994,1.02999,38.9999996349216
2025-01-09T19:28:00,1.02999,1.03003,1.02999,1.03003,61.2900006771088
2025-01-09T19:29:00,1.03005,1.03005,1.03002,1.03002,18.6600000783801
2025-01-09T19:30:00,1.03001,1.03001,1.03,1.03,12.6000001430511
2025-01-09T19:31:00,1.03,1.03,1.03,1.03,2.70000004768372
2025-01-09T19:32:00,1.03001,1.03002,1.02996,1.03002,59.4899995326996
2025-01-09T19:33:00,1.03001,1.03008,1.02993,1.03007,196.649998545647
2025-01-09T19:34:00,1.03006,1.03007,1.03003,1.03004,75.150000333786
2025-01-09T19:35:00,1.03003,1.03004,1.03003,1.03004,9.00000023841858
2025-01-09T19:36:00,1.03004,1.03005,1.03,1.03004,65.5499996468425
2025-01-09T19:37:00,1.03004,1.03005,1.03003,1.03005,98.4599987268448
2025-01-09T19:38:00,1.03005,1.03007,1.03002,1.03003,74.6999990940094
2025-01-09T19:39:00,1.03003,1.03009,1.03002,1.03009,114.809998974204
2025-01-09T19:40:00,1.03008,1.03008,1.03,1.03003,94.2899988740683
2025-01-09T19:41:00,1.03003,1.03004,1.03002,1.03004,37.7999999523163
2025-01-09T19:42:00,1.03003,1.03003,1.02987,1.0299,86.3099994063377
2025-01-09T19:43:00,1.02993,1.02994,1.02993,1.02994,60.2099983692169
2025-01-09T19:44:00,1.02993,1.03002,1.02993,1.03,36.8399997875094
2025-01-09T19:45:00,1.03001,1.03004,1.02999,1.02999,46.439999461174
2025-01-09T19:46:00,1.02999,1.02999,1.02996,1.02999,25.559999704361
2025-01-09T19:47:00,1.02999,1.03004,1.02997,1.03003,27.0900000333786
2025-01-09T19:48:00,1.03003,1.03003,1.03002,1.03003,17.1000000238419
2025-01-09T19:49:00,1.03003,1.03003,1.02998,1.02998,21.2399996519089
2025-01-09T19:50:00,1.02997,1.02998,1.02988,1.02988,88.5599993467331
2025-01-09T19:51:00,1.0299,1.03,1.0299,1.03,36.8999996185303
2025-01-09T19:52:00,1.03001,1.03015,1.03001,1.03015,57.8699988126755
2025-01-09T19:53:00,1.03017,1.03019,1.03017,1.03018,68.8499989509583
2025-01-09T19:54:00,1.03019,1.03019,1.03012,1.03013,90.5699983760715
2025-01-09T19:55:00,1.03014,1.03014,1.03009,1.03009,23.7899997159839
2025-01-09T19:56:00,1.03009,1.03012,1.03009,1.03009,10.1999998018146
2025-01-09T19:57:00,1.0301,1.03011,1.03009,1.03011,27.629999756813
2025-01-09T19:58:00,1.03011,1.03014,1.03009,1.03012,59.5799994468689
2025-01-09T19:59:00,1.03013,1.03013,1.02977,1.02979,94.9999987632036
2025-01-09T20:00:00,1.0298,1.02993,1.0298,1.02992,85.6799985170364
2025-01-09T20:01:00,1.02991,1.02993,1.02988,1.0299,40.3199996948242
2025-01-09T20:02:00,1.0299,1.0299,1.02989,1.02989,18.450000166893
2025-01-09T20:03:00,1.02989,1.02989,1.02985,1.02987,13.109999999404
2025-01-09T20:04:00,1.02986,1.02992,1.02986,1.02992,17.0099998489022
2025-01-09T20:05:00,1.02991,1.02995,1.02988,1.02995,45.9600000232458
2025-01-09T20:06:00,1.02995,1.02998,1.02995,1.02995,17.7299997806549
2025-01-09T20:07:00,1.02995,1.03001,1.02995,1.03,21.8699998855591
2025-01-09T20:08:00,1.03001,1.03009,1.03001,1.03007,69.6600003987551
2025-01-09T20:09:00,1.03008,1.03011,1.03008,1.03009,6.59999989718199
2025-01-09T20:10:00,1.0301,1.03011,1.03001,1.03001,57.7799997329712
2025-01-09T20:11:00,1.03,1.03,1.0299,1.02993,42.810000166297
2025-01-09T20:12:00,1.02993,1.02995,1.02992,1.02995,27.7799995988607
2025-01-09T20:13:00,1.02994,1.03003,1.02994,1.03003,31.0199994891882
2025-01-09T20:14:00,1.03003,1.03005,1.03002,1.03003,24.5700000524521
2025-01-09T20:15:00,1.03003,1.03003,1.03,1.03,1.88999998569489
2025-01-09T20:16:00,1.02999,1.03006,1.02997,1.03005,44.3699994087219
2025-01-09T20:17:00,1.03005,1.03006,1.03003,1.03005,13.2599998638034
2025-01-09T20:18:00,1.03006,1.0301,1.03005,1.0301,30.689999319613
2025-01-09T20:19:00,1.03009,1.03009,1.03003,1.03004,16.9499999210238
2025-01-09T20:20:00,1.03005,1.03006,1.03004,1.03004,10.2599999904633
2025-01-09T20:21:00,1.03004,1.03009,1.03004,1.03009,74.8799993991852
2025-01-09T20:22:00,1.03009,1.03013,1.03008,1.03013,91.8000005483627
2025-01-09T20:23:00,1.03012,1.03013,1.03008,1.03009,34.289999961853
2025-01-09T20:24:00,1.03011,1.03016,1.03011,1.03016,43.2000002861023
2025-01-09T20:25:00,1.03015,1.03016,1.03014,1.03014,17.2799997329712
2025-01-09T20:26:00,1.03014,1.03015,1.0301,1.0301,28.8899997472763
2025-01-09T20:27:00,1.03011,1.03011,1.03008,1.03009,28.889999628067
2025-01-09T20:28:00,1.03009,1.0301,1.03008,1.03009,57.2399991750717
2025-01-09T20:29:00,1.03008,1.03009,1.03005,1.03009,75.3600003942847
2025-01-09T20:30:00,1.03009,1.03024,1.03009,1.03024,83.0099997445941
2025-01-09T20:31:00,1.03023,1.03025,1.03016,1.0302,158.490000367165
2025-01-09T20:32:00,1.03021,1.03022,1.0302,1.03021,67.0500001907349
2025-01-09T20:33:00,1.03024,1.03024,1.03018,1.03019,63.2700002193451
2025-01-09T20:34:00,1.03019,1.0302,1.03018,1.0302,16.3200000450015
2025-01-09T20:35:00,1.03022,1.03022,1.0302,1.03021,36.5400005578995
2025-01-09T20:36:00,1.03022,1.03025,1.03022,1.03025,19.7999999523163
2025-01-09T20:37:00,1.03025,1.03029,1.03025,1.03029,38.6999995708466
2025-01-09T20:38:00,1.03029,1.0303,1.03029,1.03029,38.7000007629395
2025-01-09T20:39:00,1.03029,1.0303,1.03026,1.0303,16.4699997454882
2025-01-09T20:40:00,1.0303,1.0303,1.03026,1.03026,41.969998948276
2025-01-09T20:41:00,1.03027,1.0303,1.03027,1.0303,10.3800002261996
2025-01-09T20:43:00,1.03029,1.03034,1.03024,1.03034,27.0299994647503
2025-01-09T20:44:00,1.03034,1.03035,1.03032,1.03035,27.5699994489551
2025-01-09T20:45:00,1.03034,1.03035,1.03033,1.03033,3.68999993801117
2025-01-09T20:46:00,1.03033,1.03033,1.03024,1.03024,32.3399995490909
2025-01-09T20:47:00,1.03025,1.03025,1.03025,1.03025,6.29999995231628
2025-01-09T20:48:00,1.03025,1.03025,1.03024,1.03024,6.29999995231628
2025-01-09T20:49:00,1.03023,1.03024,1.03023,1.03023,49.2299998998642
2025-01-09T20:50:00,1.03023,1.03023,1.0301,1.03015,74.1499998942018
2025-01-09T20:51:00,1.03015,1.03015,1.03015,1.03015,4.98000001162291
2025-01-09T20:52:00,1.03015,1.03015,1.0301,1.03015,26.7600000575185
2025-01-09T20:53:00,1.03014,1.03018,1.03014,1.03017,44.0099996104836
2025-01-09T20:54:00,1.03018,1.03018,1.03018,1.03018,14.4599999040365
2025-01-09T20:55:00,1.03018,1.03018,1.03015,1.03017,55.5899991840124
2025-01-09T20:56:00,1.03017,1.03018,1.03015,1.03017,62.2799998521805
2025-01-09T20:57:00,1.03017,1.03017,1.03014,1.03014,100.34999859333
2025-01-09T20:58:00,1.03013,1.03013,1.0301,1.03012,14.2499999329448
2025-01-09T20:59:00,1.03011,1.03012,1.0301,1.03011,8.54999983310699
2025-01-09T21:00:00,1.0301,1.0301,1.03,1.03,134.729997962713
2025-01-09T21:01:00,1.03,1.03001,1.02999,1.03,73.799999833107
2025-01-09T21:02:00,1.03,1.03,1.02992,1.02993,72.3600001335144
2025-01-09T21:03:00,1.02994,1.02996,1.02994,1.02995,35.0999993085861
2025-01-09T21:04:00,1.02995,1.02998,1.02995,1.02998,51.2999994754791
2025-01-09T21:05:00,1.02998,1.02998,1.02998,1.02998,20.25
2025-01-09T21:06:00,1.02998,1.02999,1.02992,1.02994,133.320000998676
2025-01-09T21:07:00,1.02994,1.02994,1.02994,1.02994,2.99999999254942
2025-01-09T21:08:00,1.02994,1.02994,1.02993,1.02994,9.30000006407499
2025-01-09T21:09:00,1.02993,1.02994,1.02992,1.02994,21.2999997735023
2025-01-09T21:10:00,1.02994,1.02994,1.02993,1.02994,5.07000004500151
2025-01-09T21:11:00,1.02993,1.02993,1.02991,1.02992,5.13000005483627
2025-01-09T21:12:00,1.02993,1.02993,1.02993,1.02993,0.899999976158142
2025-01-09T21:14:00,1.02994,1.02996,1.02993,1.02996,21.6000000238419
2025-01-09T21:15:00,1.02997,1.02997,1.02996,1.02997,23.1299998760223
2025-01-09T21:18:00,1.02996,1.02997,1.02993,1.02997,20.4299997091293
2025-01-09T21:19:00,1.02998,1.02998,1.02998,1.02998,2.69999992847443
2025-01-09T21:20:00,1.02998,1.03,1.02998,1.03,4.5
2025-01-09T21:22:00,1.03002,1.03004,1.03002,1.03004,15.2999995946884
2025-01-09T21:23:00,1.03005,1.03007,1.03005,1.03007,3.59999990463257
2025-01-09T21:24:00,1.03007,1.03008,1.03007,1.03008,4.49999988079071
2025-01-09T21:25:00,1.03008,1.03008,1.03005,1.03005,18.539999961853
2025-01-09T21:26:00,1.03004,1.03004,1.03003,1.03003,8.27999985218048
2025-01-09T21:27:00,1.03004,1.03004,1.03003,1.03003,20.42999958992
2025-01-09T21:28:00,1.03003,1.03003,1.03002,1.03003,10.6500002071261
2025-01-09T21:29:00,1.03002,1.03003,1.03002,1.03003,4.35000001639128
2025-01-09T21:30:00,1.03003,1.03006,1.03003,1.03005,47.2500003576279
2025-01-09T21:31:00,1.03004,1.03004,1.03004,1.03004,0.899999976158142
2025-01-09T21:32:00,1.03006,1.03006,1.03006,1.03006,0.119999997317791
2025-01-09T21:33:00,1.03006,1.03006,1.03003,1.03003,15.8400000110269
2025-01-09T21:34:00,1.03003,1.03005,1.03003,1.03004,44.9100004434586
2025-01-09T21:35:00,1.03005,1.03006,1.03005,1.03005,57.5400010272861
2025-01-09T21:36:00,1.03006,1.03006,1.03004,1.03004,41.0400003194809
2025-01-09T21:38:00,1.03004,1.03004,1.02998,1.02998,20.6099999919534
2025-01-09T21:39:00,1.02997,1.02997,1.02993,1.02997,116.039999775589
2025-01-09T21:40:00,1.02996,1.02999,1.02996,1.02997,64.8899997472763
2025-01-09T21:41:00,1.02996,1.02996,1.02993,1.02994,76.7699999809265
2025-01-09T21:42:00,1.02995,1.03,1.02994,1.02999,110.699999213219
2025-01-09T21:43:00,1.03,1.03,1.02996,1.02997,93.599998831749
2025-01-09T21:44:00,1.02998,1.02998,1.02996,1.02998,41.4899997711182
2025-01-09T21:45:00,1.03,1.03002,1.02996,1.02996,118.349999547005
2025-01-09T21:46:00,1.02997,1.02997,1.02996,1.02996,146.249997615814
2025-01-09T21:47:00,1.02997,1.02999,1.02996,1.02999,131.069998852909
2025-01-09T21:48:00,1.02998,1.02998,1.02998,1.02998,0.239999994635582
2025-01-09T21:49:00,1.02996,1.02996,1.02995,1.02995,45.1799995303154
2025-01-09T21:50:00,1.02995,1.02995,1.02995,1.02995,2.3400000333786
2025-01-09T21:52:00,1.02991,1.02993,1.02991,1.02992,189.449999332428
2025-01-09T21:53:00,1.02993,1.02993,1.02992,1.02993,11.7899998426437
2025-01-09T21:54:00,1.02994,1.02995,1.02994,1.02995,1.91999994963408
2025-01-09T21:55:00,1.02996,1.02997,1.02994,1.02996,28.7099997997284
2025-01-09T21:56:00,1.02995,1.02996,1.02991,1.02992,15.2700000852346
2025-01-09T21:57:00,1.02993,1.03001,1.02992,1.03001,27.9899997115135
2025-01-09T21:58:00,1.03005,1.03005,1.0299,1.02992,58.7399995177984
2025-01-09T21:59:00,1.02992,1.02993,1.0299,1.0299,35.9999992847443
2025-01-09T22:00:00,1.0299,1.02999,1.0299,1.02999,6.29999983310699
2025-01-09T22:01:00,1.03002,1.03006,1.03001,1.03006,23.3999999761581
2025-01-09T22:02:00,1.03006,1.0301,1.03002,1.03003,27
2025-01-09T22:03:00,1.03003,1.0301,1.03003,1.03007,18.8999999761581
2025-01-09T22:04:00,1.02999,1.03002,1.02999,1.03001,13.5
2025-01-09T22:05:00,1.03,1.03,1.02996,1.02998,21.1499999761581
2025-01-09T22:06:00,1.02999,1.03001,1.02999,1.03,6.89999993890524
2025-01-09T22:07:00,1.03,1.03,1.02996,1.02996,6.90000005811453
2025-01-09T22:08:00,1.02996,1.03,1.02995,1.03,11.1600000634789
2025-01-09T22:09:00,1.03,1.03003,1.03,1.03003,0.359999991953373
2025-01-09T22:10:00,1.03003,1.03003,1.03003,1.03003,0.360000014305115
2025-01-09T22:11:00,1.03003,1.03003,1.03003,1.03003,0.270000010728836
2025-01-09T22:12:00,1.03003,1.03003,1.03003,1.03003,0.270000010728836
2025-01-09T22:13:00,1.03003,1.03003,1.02995,1.02997,27.3600001335144
2025-01-09T22:14:00,1.03003,1.03003,1.03003,1.03003,0.599999986588955
2025-01-09T22:15:00,1.03003,1.03003,1.03,1.03,0.599999986588955
2025-01-09T22:16:00,1.03002,1.03002,1.03002,1.03002,0.359999991953373
2025-01-09T22:17:00,1.03002,1.03005,1.03002,1.03005,0.599999986588955
2025-01-09T22:18:00,1.03005,1.03005,1.03005,1.03005,1.19999997317791
2025-01-09T22:19:00,1.03008,1.03008,1.03008,1.03008,0.599999986588955
2025-01-09T22:20:00,1.03008,1.0301,1.03008,1.0301,0.689999990165234
2025-01-09T22:21:00,1.0301,1.0301,1.0301,1.0301,0.839999981224537
2025-01-09T22:22:00,1.03004,1.03008,1.03002,1.03008,11.2799999415874
2025-01-09T22:23:00,1.03015,1.03015,1.0301,1.0301,1.82999999821186
2025-01-09T22:24:00,1.03002,1.03005,1.03002,1.03002,55.7999999523163
2025-01-09T22:25:00,1.03002,1.03004,1.03002,1.03004,9
2025-01-09T22:26:00,1.02998,1.03,1.02998,1.03,1.62000000476837
2025-01-09T22:27:00,1.02993,1.03,1.02993,1.03,4.8299999833107
2025-01-09T22:28:00,1.03,1.03,1.02999,1.03,11.9700003266335
2025-01-09T22:29:00,1.02997,1.02999,1.02993,1.02993,14.3700001239777
2025-01-09T22:30:00,1.02993,1.02993,1.02993,1.02993,9.75
2025-01-09T22:31:00,1.02993,1.02993,1.02977,1.02978,21.1499997973442
2025-01-09T22:32:00,1.02988,1.02988,1.02975,1.02979,8.99999976158142
2025-01-09T22:33:00,1.02986,1.02986,1.02976,1.0298,19.7999994754791
2025-01-09T22:34:00,1.0298,1.0298,1.02976,1.02979,5.39999985694885
2025-01-09T22:35:00,1.0297,1.02976,1.02967,1.02971,76.4999983310699
2025-01-09T22:36:00,1.02972,1.02972,1.0297,1.0297,29.6999999284744
2025-01-09T22:37:00,1.02966,1.02971,1.02966,1.0297,2.69999992847443
2025-01-09T22:38:00,1.02969,1.02973,1.02959,1.02973,22.5
2025-01-09T22:39:00,1.02974,1.02975,1.02974,1.02974,5.84999978542328
2025-01-09T22:40:00,1.02977,1.02977,1.02977,1.02977,0.119999997317791
2025-01-09T22:42:00,1.02972,1.02972,1.02972,1.02972,9
2025-01-09T22:43:00,1.02973,1.02973,1.02973,1.02973,4.5
2025-01-09T22:44:00,1.02972,1.02979,1.02972,1.02977,65.4300001040101
2025-01-09T22:45:00,1.02979,1.02981,1.02977,1.02981,398.910000041127
2025-01-09T22:46:00,1.0298,1.02984,1.0298,1.02984,74.9699993506074
2025-01-09T22:47:00,1.02983,1.02983,1.02977,1.02977,11.7300000861287
2025-01-09T22:48:00,1.02977,1.02979,1.02976,1.02976,11.4299998283386
2025-01-09T22:49:00,1.02977,1.02978,1.02977,1.02978,9.66000013798475
2025-01-09T22:50:00,1.02977,1.02979,1.02977,1.02979,1.5899999961257
2025-01-09T22:51:00,1.02981,1.02991,1.02979,1.0298,136.220000222325
2025-01-09T22:52:00,1.0298,1.02981,1.02975,1.02981,7.64999997615814
2025-01-09T22:53:00,1.02985,1.02995,1.02984,1.02993,105.659998893738
2025-01-09T22:54:00,1.02994,1.02995,1.02993,1.02995,11.7000000476837
2025-01-09T22:55:00,1.02994,1.02995,1.02994,1.02995,4.49999988079071
2025-01-09T22:56:00,1.02997,1.03,1.02996,1.02996,11.2000000178814
2025-01-09T22:57:00,1.02997,1.03005,1.02991,1.02997,35.8199996650219
2025-01-09T22:58:00,1.03,1.03006,1.02997,1.02999,35.0999993085861
2025-01-09T22:59:00,1.03004,1.03007,1.02996,1.03006,28.3499993085861
2025-01-09T23:00:00,1.03007,1.03007,1.0299,1.02994,53.8199997991323
2025-01-09T23:01:00,1.02996,1.03007,1.02994,1.03001,211.049999833107
2025-01-09T23:02:00,1.03001,1.03013,1.02999,1.03007,132.479998588562
2025-01-09T23:03:00,1.03006,1.03009,1.03005,1.03007,56.1599995493889
2025-01-09T23:04:00,1.03007,1.03009,1.03003,1.03005,106.919999480247
2025-01-09T23:05:00,1.03004,1.03004,1.02994,1.02997,54.8399996683002
2025-01-09T23:06:00,1.02999,1.03002,1.02996,1.02999,23.3999995589256
2025-01-09T23:07:00,1.02998,1.03005,1.02996,1.03004,17.7899997085333
2025-01-09T23:08:00,1.03005,1.03005,1.02998,1.03001,25.1099998503923
2025-01-09T23:09:00,1.03001,1.03002,1.02998,1.02998,6.0899999588728
2025-01-09T23:10:00,1.02998,1.02998,1.02998,1.02998,15.9600001499057
2025-01-09T23:11:00,1.02998,1.02998,1.02992,1.02992,8.84999991208315
2025-01-09T23:12:00,1.02991,1.02993,1.0299,1.0299,20.9699999094009
2025-01-09T23:13:00,1.02991,1.03001,1.0299,1.02995,56.8799996972084
2025-01-09T23:14:00,1.02994,1.02994,1.02991,1.02992,43.2000002861023
2025-01-09T23:15:00,1.02991,1.02996,1.02991,1.02995,28.3500001430511
2025-01-09T23:16:00,1.02996,1.02996,1.02995,1.02995,62.5500001907349
2025-01-09T23:17:00,1.02995,1.02997,1.02994,1.02996,14.0399998426437
2025-01-09T23:18:00,1.02996,1.02996,1.02994,1.02994,18.6699999570847
2025-01-09T23:19:00,1.02991,1.02991,1.02985,1.02986,19.1700001358986
2025-01-09T23:20:00,1.02987,1.02992,1.02985,1.02985,86.5200005397201
2025-01-09T23:21:00,1.02986,1.02987,1.02986,1.02986,53.3699997663498
2025-01-09T23:22:00,1.02987,1.02988,1.02986,1.02987,16.6199998706579
2025-01-09T23:23:00,1.02987,1.02987,1.02986,1.02986,10.5299998521805
2025-01-09T23:24:00,1.02987,1.02987,1.02986,1.02986,8.63999974727631
2025-01-09T23:25:00,1.02989,1.02989,1.02989,1.02989,3.60000002384186
2025-01-09T23:27:00,1.0299,1.02997,1.0299,1.02996,19.1999998018146
2025-01-09T23:28:00,1.02997,1.02997,1.02997,1.02997,1.23000000417233
2025-01-09T23:29:00,1.02998,1.02998,1.02996,1.02997,6.77999996393919
2025-01-09T23:30:00,1.02997,1.02997,1.02991,1.02992,14.129999935627
2025-01-09T23:31:00,1.02992,1.02992,1.02984,1.02984,18.5999997109175
2025-01-09T23:32:00,1.02986,1.02987,1.02975,1.02977,23.3100002408028
2025-01-09T23:33:00,1.02975,1.02975,1.02971,1.02971,17.2799997329712
2025-01-09T23:34:00,1.02972,1.02973,1.02972,1.02972,3.59999990463257
2025-01-09T23:35:00,1.02972,1.02972,1.02972,1.02972,0.899999976158142
2025-01-09T23:36:00,1.02972,1.02977,1.02972,1.02974,8.54999995231628
2025-01-09T23:37:00,1.02975,1.02975,1.0297,1.02971,16.7699995562434
2025-01-09T23:38:00,1.02972,1.02973,1.02971,1.02971,8.63999974727631
2025-01-09T23:39:00,1.0297,1.02973,1.0297,1.02973,22.5000002384186
2025-01-09T23:40:00,1.02973,1.02973,1.02973,1.02973,0.899999976158142
2025-01-09T23:41:00,1.02973,1.02977,1.02973,1.02977,8.99999976158142
2025-01-09T23:42:00,1.02978,1.02979,1.02978,1.02978,3.59999990463257
2025-01-09T23:43:00,1.02977,1.02978,1.02973,1.02974,23.1300000548363
2025-01-09T23:44:00,1.02973,1.02975,1.0297,1.02972,33.059999614954
2025-01-09T23:45:00,1.02972,1.02972,1.0297,1.02971,16.2899997234344
2025-01-09T23:46:00,1.02971,1.02971,1.0297,1.02971,11.7899998426437
2025-01-09T23:47:00,1.02971,1.02972,1.02968,1.02971,23.3899996727705
2025-01-09T23:48:00,1.0297,1.0297,1.0297,1.0297,3.14999997615814
2025-01-09T23:49:00,1.02969,1.02974,1.02969,1.02973,30.8199998736382
2025-01-09T23:50:00,1.02972,1.02972,1.02966,1.02967,26.9699998348951
2025-01-09T23:51:00,1.02966,1.02966,1.0296,1.02961,21.8699998259544
2025-01-09T23:52:00,1.02962,1.0297,1.02962,1.0297,31.5
2025-01-09T23:53:00,1.0297,1.02972,1.02969,1.02972,10.8899998664856
2025-01-09T23:54:00,1.02971,1.02971,1.02965,1.02965,30.1399998515844
2025-01-09T23:55:00,1.02966,1.02966,1.02964,1.02966,27.08999979496
2025-01-09T23:56:00,1.02968,1.02973,1.02968,1.02973,26.1000000238419
2025-01-09T23:57:00,1.02972,1.02972,1.02965,1.02965,36.1199998781085
2025-01-09T23:58:00,1.02966,1.02966,1.02963,1.02963,11.1899999305606
2025-01-09T23:59:00,1.02963,1.02964,1.02956,1.02964,39.4599996358156
2025-01-10T00:00:00,1.02965,1.0299,1.02965,1.02984,63.8499992489815
2025-01-10T00:01:00,1.02985,1.02985,1.02974,1.02974,65.4799993634224
2025-01-10T00:02:00,1.02974,1.02974,1.02959,1.02963,30.6599994301796
2025-01-10T00:03:00,1.02964,1.0297,1.02964,1.02968,12.4500000402331
2025-01-10T00:04:00,1.02969,1.02976,1.02967,1.02972,44.3999996110797
2025-01-10T00:05:00,1.02972,1.02978,1.02972,1.02978,18.3599997535348
2025-01-10T00:06:00,1.02977,1.0298,1.02974,1.0298,13.8599997162819
2025-01-10T00:07:00,1.0298,1.02993,1.02979,1.02992,27.0499993413687
2025-01-10T00:08:00,1.02991,1.02993,1.02989,1.02993,25.6499995961785
2025-01-10T00:09:00,1.02992,1.03001,1.02992,1.02995,31.1999994367361
2025-01-10T00:10:00,1.02994,1.02997,1.02993,1.02997,42.0299994945526
2025-01-10T00:11:00,1.02997,1.03002,1.02997,1.02998,27.5399993658066
2025-01-10T00:12:00,1.02996,1.02998,1.02989,1.02989,23.8499997854233
2025-01-10T00:13:00,1.0299,1.02991,1.02985,1.02987,25.0799997895956
2025-01-10T00:14:00,1.02987,1.02987,1.02977,1.02987,55.5900000929832
2025-01-10T00:15:00,1.02986,1.02987,1.0298,1.02983,65.8199998065829
2025-01-10T00:16:00,1.02982,1.02986,1.02982,1.02982,53.9999997615814
2025-01-10T00:17:00,1.0298,1.02982,1.02976,1.02982,36.3599997758865
2025-01-10T00:18:00,1.0298,1.02981,1.02976,1.02976,23.6999998018146
2025-01-10T00:19:00,1.02977,1.02981,1.02947,1.02948,71.3999992609024
2025-01-10T00:20:00,1.02941,1.02956,1.02937,1.02938,116.00999891758
2025-01-10T00:21:00,1.02938,1.02939,1.02936,1.02938,13.0199997276068
2025-01-10T00:22:00,1.02938,1.0294,1.02936,1.02938,25.1999994516373
2025-01-10T00:23:00,1.02939,1.0294,1.02938,1.02939,33.5099998041987
2025-01-10T00:24:00,1.02938,1.02938,1.02925,1.02928,43.4699997901917
2025-01-10T00:25:00,1.0293,1.02938,1.0293,1.02938,21.2699999734759
2025-01-10T00:26:00,1.02938,1.0294,1.02937,1.02938,27.2399995177984
2025-01-10T00:27:00,1.0294,1.02958,1.02938,1.02947,62.6699996516109
2025-01-10T00:28:00,1.02946,1.02947,1.02937,1.02946,101.760001048446
2025-01-10T00:29:00,1.02946,1.02948,1.02942,1.02943,38.6999995708466
2025-01-10T00:30:00,1.02942,1.02944,1.02937,1.02939,44.0400000736117
2025-01-10T00:31:00,1.0294,1.0294,1.02922,1.02928,160.589999943972
2025-01-10T00:32:00,1.02927,1.02929,1.0292,1.02929,53.0999993085861
2025-01-10T00:33:00,1.02928,1.02928,1.02928,1.02928,1.79999995231628
2025-01-10T00:34:00,1.0293,1.02935,1.0293,1.02934,30.0599992275238
2025-01-10T00:35:00,1.02934,1.0294,1.02934,1.02937,22.58999979496
2025-01-10T00:36:00,1.02936,1.02938,1.02933,1.02933,19.8899997472763
2025-01-10T00:37:00,1.02935,1.02938,1.02933,1.02936,20.9699996709824
2025-01-10T00:38:00,1.02935,1.02938,1.02935,1.02937,10.5299997329712
2025-01-10T00:39:00,1.0294,1.0294,1.02937,1.02938,8.18999981880188
2025-01-10T00:40:00,1.0294,1.02941,1.02937,1.02937,53.4799993038177
2025-01-10T00:41:00,1.02937,1.02937,1.02931,1.02936,45.8100000619888
2025-01-10T00:42:00,1.02935,1.02935,1.02925,1.02931,53.0999998822808
2025-01-10T00:43:00,1.02935,1.02939,1.02932,1.02937,55.6199992895126
2025-01-10T00:44:00,1.02936,1.0294,1.02936,1.02937,26.3099997639656
2025-01-10T00:45:00,1.02936,1.02936,1.02931,1.02936,20.2499997168779
2025-01-10T00:46:00,1.02936,1.0295,1.02936,1.02947,46.5599994584918
2025-01-10T00:47:00,1.02947,1.0295,1.02947,1.02947,13.3800000995398
2025-01-10T00:48:00,1.02946,1.02946,1.02938,1.02941,28.7099995389581
2025-01-10T00:49:00,1.0294,1.02941,1.02937,1.02938,22.979999653995
2025-01-10T00:50:00,1.02939,1.02941,1.02936,1.02936,44.3699997663498
2025-01-10T00:51:00,1.02937,1.02945,1.02937,1.02945,45.599999293685
2025-01-10T00:52:00,1.02946,1.02948,1.0293,1.02932,42.2399996221066
2025-01-10T00:53:00,1.02938,1.02942,1.02936,1.02939,54.4799990355968
2025-01-10T00:54:00,1.0294,1.02951,1.02931,1.02951,65.0699994117022
2025-01-10T00:55:00,1.02952,1.02955,1.02938,1.0295,98.4899986684322
2025-01-10T00:56:00,1.02951,1.0297,1.02948,1.02962,73.9799985438585
2025-01-10T00:57:00,1.02962,1.02962,1.02956,1.02959,58.0499989390373
2025-01-10T00:58:00,1.02957,1.02959,1.02956,1.02957,54.4499996304512
2025-01-10T00:59:00,1.02957,1.02957,1.02944,1.02954,77.0399995446205
2025-01-10T01:00:00,1.02953,1.02955,1.02944,1.02944,55.7099997997284
2025-01-10T01:01:00,1.02945,1.02946,1.02935,1.02945,58.9799993932247
2025-01-10T01:02:00,1.02947,1.02959,1.02947,1.02958,47.2499992623925
2025-01-10T01:03:00,1.02957,1.02966,1.02957,1.02965,29.0099996030331
2025-01-10T01:04:00,1.02966,1.02974,1.02965,1.02972,29.6999996080995
2025-01-10T01:05:00,1.0297,1.02974,1.0297,1.0297,29.5799998641014
2025-01-10T01:06:00,1.02971,1.02972,1.02969,1.0297,41.4599991887808
2025-01-10T01:07:00,1.02971,1.02974,1.02968,1.0297,35.9999995976686
2025-01-10T01:08:00,1.0297,1.02984,1.0297,1.02984,46.1699993163347
2025-01-10T01:09:00,1.02985,1.02986,1.0298,1.0298,85.6099989041686
2025-01-10T01:10:00,1.02981,1.02987,1.0298,1.02987,37.4899994060397
2025-01-10T01:11:00,1.02987,1.02989,1.02986,1.02987,42.0299994945526
2025-01-10T01:12:00,1.02987,1.02987,1.0298,1.02981,27.3599997758865
2025-01-10T01:13:00,1.0298,1.02985,1.02979,1.02985,29.8799993991852
2025-01-10T01:14:00,1.02985,1.02989,1.02984,1.02988,24.3899993896484
2025-01-10T01:15:00,1.02987,1.02988,1.02978,1.02978,24.4999996200204
2025-01-10T01:16:00,1.02978,1.02983,1.02978,1.02982,40.6199994012713
2025-01-10T01:17:00,1.02985,1.02989,1.02985,1.02989,7.19999980926514
2025-01-10T01:18:00,1.02987,1.02998,1.02987,1.02998,93.2399995103478
2025-01-10T01:19:00,1.02998,1.03001,1.02991,1.03001,29.3099995627999
2025-01-10T01:20:00,1.03001,1.03005,1.02995,1.02997,49.9499992877245
2025-01-10T01:21:00,1.02996,1.03009,1.02996,1.03008,47.4299996420741
2025-01-10T01:22:00,1.03007,1.03011,1.03007,1.03008,23.5799994468689
2025-01-10T01:23:00,1.03005,1.03007,1.02998,1.03007,41.1599995791912
2025-01-10T01:24:00,1.03007,1.03016,1.03003,1.03013,37.8299994170666
2025-01-10T01:25:00,1.03013,1.03018,1.03013,1.03018,18.689999781549
2025-01-10T01:26:00,1.03017,1.03033,1.03017,1.03033,18.9899996519089
2025-01-10T01:27:00,1.03032,1.03032,1.03023,1.03028,44.1899988651276
2025-01-10T01:28:00,1.03028,1.03028,1.03018,1.03019,60.4199987575412
2025-01-10T01:29:00,1.03017,1.03022,1.03015,1.03015,28.379999987781
2025-01-10T01:30:00,1.03014,1.03018,1.03007,1.03007,24.6599999070168
2025-01-10T01:31:00,1.03008,1.0301,1.03007,1.03008,8.09999978542328
2025-01-10T01:32:00,1.0301,1.03012,1.03008,1.03012,27.809999704361
2025-01-10T01:33:00,1.03013,1.03025,1.03013,1.03015,49.6499988883734
2025-01-10T01:34:00,1.03015,1.03016,1.03007,1.03007,35.5499992370605
2025-01-10T01:35:00,1.03007,1.03007,1.02993,1.02997,64.4099993556738
2025-01-10T01:36:00,1.02997,1.03003,1.02991,1.03003,61.0199987888336
2025-01-10T01:37:00,1.03004,1.03012,1.02993,1.03011,43.2599994316697
2025-01-10T01:38:00,1.0301,1.03023,1.0301,1.03022,42.7199996635318
2025-01-10T01:39:00,1.03022,1.03033,1.03022,1.03032,26.7599997967482
2025-01-10T01:40:00,1.03033,1.03044,1.03032,1.03033,30.2399997785687
2025-01-10T01:41:00,1.03033,1.03034,1.03023,1.03023,40.9499992132187
2025-01-10T01:42:00,1.03025,1.03028,1.03023,1.03027,36.0899991989136
2025-01-10T01:43:00,1.03027,1.03028,1.03026,1.03028,21.5999997854233
2025-01-10T01:44:00,1.0303,1.0303,1.03026,1.03028,13.0499997735023
2025-01-10T01:45:00,1.03028,1.03035,1.03028,1.03032,35.399999588728
2025-01-10T01:46:00,1.03032,1.03035,1.03028,1.03033,29.6099997758865
2025-01-10T01:47:00,1.03033,1.03033,1.03025,1.03026,21.5999994277954
2025-01-10T01:48:00,1.03026,1.0303,1.03026,1.0303,29.1899998113513
2025-01-10T01:49:00,1.0303,1.03032,1.03027,1.03032,42.4799998998642
2025-01-10T01:50:00,1.03032,1.03033,1.03027,1.03028,30.8999996110797
2025-01-10T01:51:00,1.03028,1.03033,1.03027,1.03033,37.1099997460842
2025-01-10T01:52:00,1.03032,1.03032,1.03023,1.03025,33.0899994000793
2025-01-10T01:53:00,1.03024,1.03033,1.03024,1.03033,54.8999991416931
2025-01-10T01:54:00,1.03033,1.03034,1.03032,1.03033,26.1899996995926
2025-01-10T01:55:00,1.03032,1.03036,1.03025,1.03028,53.2499997243285
2025-01-10T01:56:00,1.03029,1.03032,1.03027,1.03028,54.3299994319677
2025-01-10T01:57:00,1.03026,1.03026,1.03014,1.03015,58.5600005015731
2025-01-10T01:58:00,1.03016,1.03016,1.03004,1.03013,65.639999575913
2025-01-10T01:59:00,1.03013,1.03021,1.03012,1.03018,39.1499992609024
2025-01-10T02:00:00,1.03018,1.03032,1.03018,1.03032,41.1599994823337
2025-01-10T02:01:00,1.03033,1.03037,1.0303,1.03033,27.4499992728233
2025-01-10T02:02:00,1.03032,1.03034,1.03029,1.03032,69.2999991178513
2025-01-10T02:03:00,1.03032,1.03034,1.03032,1.03032,40.9499999284744
2025-01-10T02:04:00,1.03032,1.03032,1.03017,1.03017,34.4099993631244
2025-01-10T02:05:00,1.03017,1.03022,1.03017,1.03022,26.1199995279312
2025-01-10T02:06:00,1.0302,1.0302,1.03013,1.03013,23.8499995470047
2025-01-10T02:07:00,1.03013,1.03014,1.03008,1.03009,43.6500000357628
2025-01-10T02:08:00,1.03008,1.03008,1.02997,1.02998,48.6199991703033
2025-01-10T02:09:00,1.02998,1.03008,1.02998,1.02998,48.5999990701675
2025-01-10T02:10:00,1.02998,1.03001,1.02993,1.03001,33.7499997615814
2025-01-10T02:11:00,1.03003,1.03008,1.03003,1.03006,27.9899996519089
2025-01-10T02:12:00,1.03007,1.03007,1.03006,1.03006,8.09999978542328
2025-01-10T02:13:00,1.03007,1.0301,1.03007,1.0301,32.5499996393919
2025-01-10T02:14:00,1.03012,1.03013,1.03009,1.0301,14.3399997279048
2025-01-10T02:15:00,1.0301,1.03011,1.03005,1.03011,20.2499998807907
2025-01-10T02:16:00,1.03011,1.03015,1.03007,1.03007,24.8399996757507
2025-01-10T02:17:00,1.03007,1.03007,1.03006,1.03007,32.8499995470047
2025-01-10T02:18:00,1.03007,1.03013,1.03007,1.03012,12.5999997854233
2025-01-10T02:19:00,1.03012,1.03012,1.03,1.03,24.0599993988872
2025-01-10T02:20:00,1.03,1.03,1.02996,1.02997,30.5999999046326
2025-01-10T02:21:00,1.02998,1.03009,1.02998,1.03008,29.249999165535
2025-01-10T02:22:00,1.03008,1.03009,1.03008,1.03008,35.6399995088577
2025-01-10T02:23:00,1.03008,1.03013,1.03008,1.0301,22.5899999141693
2025-01-10T02:24:00,1.0301,1.03015,1.03008,1.03013,24.5099998414516
2025-01-10T02:25:00,1.03013,1.03019,1.03012,1.03013,32.0399998426437
2025-01-10T02:26:00,1.03015,1.03017,1.03013,1.03014,18.4199999943376
2025-01-10T02:27:00,1.03014,1.03014,1.03008,1.03011,24.1799999326468
2025-01-10T02:28:00,1.03013,1.03015,1.03012,1.03013,13.5899998918176
2025-01-10T02:29:00,1.03012,1.03015,1.03009,1.03013,22.6199996173382
2025-01-10T02:30:00,1.03014,1.03015,1.03012,1.03013,13.3199999406934
2025-01-10T02:31:00,1.03013,1.03022,1.03012,1.03021,28.409999743104
2025-01-10T02:32:00,1.03021,1.03032,1.03017,1.03032,32.4599997028708
2025-01-10T02:33:00,1.0303,1.0303,1.03018,1.03023,44.3399998769164
2025-01-10T02:34:00,1.03024,1.03024,1.03018,1.03018,10.680000051856
2025-01-10T02:35:00,1.03017,1.03023,1.03016,1.03023,11.3699998855591
2025-01-10T02:36:00,1.03022,1.03023,1.03019,1.03019,17.5199998989701
2025-01-10T02:37:00,1.03019,1.03021,1.03003,1.03003,27.2500002756715
2025-01-10T02:38:00,1.03004,1.03004,1.03003,1.03004,4.8899999782443
2025-01-10T02:39:00,1.03004,1.03005,1.02993,1.02994,33.3599999770522
2025-01-10T02:40:00,1.02994,1.02994,1.02983,1.02983,30.54000005126
2025-01-10T02:41:00,1.02983,1.02988,1.02983,1.02988,9.63000006973743
2025-01-10T02:42:00,1.02987,1.02989,1.02986,1.02987,5.91000002622604
2025-01-10T02:43:00,1.02987,1.02993,1.02987,1.02993,4.22999992966652
2025-01-10T02:44:00,1.02994,1.02995,1.02993,1.02993,5.1900000423193
2025-01-10T02:45:00,1.02992,1.02992,1.02989,1.02989,20.3099997863173
2025-01-10T02:46:00,1.02989,1.02993,1.02984,1.02988,18.2400000095367
2025-01-10T02:47:00,1.02989,1.02998,1.02989,1.02997,10.4099999070168
2025-01-10T02:48:00,1.02997,1.03003,1.02993,1.03002,27.6899994239211
2025-01-10T02:49:00,1.03001,1.03005,1.02999,1.03003,24.5400000214577
2025-01-10T02:50:00,1.03004,1.03006,1.03004,1.03006,15.2399998381734
2025-01-10T02:51:00,1.03005,1.0301,1.03005,1.03007,10.859999999404
2025-01-10T02:52:00,1.03008,1.03017,1.03008,1.03017,15.2699999213219
2025-01-10T02:53:00,1.03015,1.03015,1.03007,1.03007,10.2000000178814
2025-01-10T02:54:00,1.03008,1.03019,1.03007,1.03015,24.4499998241663
2025-01-10T02:55:00,1.03014,1.03016,1.03011,1.03012,40.6199991628528
2025-01-10T02:56:00,1.03014,1.03017,1.03013,1.03017,38.3699991628528
2025-01-10T02:57:00,1.03015,1.03019,1.03014,1.03017,27.5699994042516
2025-01-10T02:58:00,1.03017,1.03021,1.03016,1.03017,23.9699996635318
2025-01-10T02:59:00,1.03017,1.03017,1.03016,1.03016,28.7999992370605
2025-01-10T03:00:00,1.03015,1.03016,1.03004,1.03004,46.559999756515
2025-01-10T03:01:00,1.03006,1.03006,1.02997,1.03,27.9299998581409
2025-01-10T03:02:00,1.03,1.03001,1.02999,1.03001,38.2499997019768
2025-01-10T03:03:00,1.03001,1.03008,1.03001,1.03006,12.599999666214
2025-01-10T03:04:00,1.0301,1.03013,1.03007,1.0301,22.4999995231628
2025-01-10T03:05:00,1.03008,1.03013,1.03006,1.03013,29.6999999284744
2025-01-10T03:06:00,1.03013,1.03017,1.03013,1.03017,16.1999996900558
2025-01-10T03:07:00,1.03016,1.03022,1.03016,1.03022,29.6999995708466
2025-01-10T03:08:00,1.03022,1.03022,1.03017,1.03017,13.7999999448657
2025-01-10T03:09:00,1.03019,1.03022,1.03018,1.03021,22.5000001192093
2025-01-10T03:10:00,1.03022,1.03026,1.03021,1.03024,41.5799994468689
2025-01-10T03:11:00,1.03025,1.03032,1.03025,1.03027,42.2999997138977
2025-01-10T03:12:00,1.03027,1.03027,1.03024,1.03026,12.599999666214
2025-01-10T03:13:00,1.03026,1.03029,1.03026,1.03028,13.4999997615814
2025-01-10T03:14:00,1.03028,1.03031,1.03026,1.03026,19.1999996826053
2025-01-10T03:15:00,1.03026,1.03026,1.03026,1.03026,3.87000000476837
2025-01-10T03:16:00,1.03026,1.03026,1.03012,1.03012,25.8599996864796
2025-01-10T03:17:00,1.03011,1.03013,1.0301,1.03011,13.9499996304512
2025-01-10T03:18:00,1.03012,1.03014,1.03012,1.03012,6.29999995231628
2025-01-10T03:19:00,1.03013,1.03013,1.03012,1.03013,8.55000007152557
2025-01-10T03:20:00,1.03013,1.03013,1.03012,1.03012,12.6000000238419
2025-01-10T03:21:00,1.03013,1.03015,1.03007,1.03008,24.2999997138977
2025-01-10T03:22:00,1.03008,1.03008,1.03008,1.03008,0.899999976158142
2025-01-10T03:23:00,1.03008,1.03014,1.03007,1.03013,20.6999999284744
2025-01-10T03:24:00,1.03013,1.03016,1.03013,1.03014,24.7499998807907
2025-01-10T03:25:00,1.03014,1.03015,1.03006,1.03006,22.1699995696545
2025-01-10T03:26:00,1.03007,1.03007,1.03002,1.03002,17.9999996423721
2025-01-10T03:27:00,1.03002,1.03005,1.03002,1.03004,5.39999985694885
2025-01-10T03:28:00,1.03003,1.03003,1.03,1.03001,24.3899997472763
2025-01-10T03:29:00,1.03002,1.03005,1.03001,1.03002,31.4999997615814
2025-01-10T03:30:00,1.03003,1.03004,1.02992,1.02995,64.9800003767014
2025-01-10T03:31:00,1.02996,1.02997,1.02993,1.02993,74.7000002861023
2025-01-10T03:32:00,1.02992,1.02992,1.02987,1.02987,20.2499996423721
2025-01-10T03:33:00,1.02986,1.02986,1.02983,1.02984,19.109999768436
2025-01-10T03:34:00,1.02984,1.02986,1.02984,1.02985,10.3499999046326
2025-01-10T03:35:00,1.02985,1.02995,1.02985,1.02989,40.6199989244342
2025-01-10T03:36:00,1.02988,1.02996,1.02987,1.02996,34.2899994850159
2025-01-10T03:37:00,1.02994,1.02997,1.02993,1.02997,11.8799998760223
2025-01-10T03:38:00,1.02997,1.02999,1.02997,1.02999,10.799999833107
2025-01-10T03:39:00,1.02998,1.03,1.02998,1.02999,16.0199999809265
2025-01-10T03:40:00,1.03001,1.03002,1.03001,1.03001,1.23000000417233
2025-01-10T03:41:00,1.03001,1.03002,1.03001,1.03002,12.8700000047684
2025-01-10T03:42:00,1.03001,1.03003,1.03001,1.03003,2.15999994426966
2025-01-10T03:43:00,1.03007,1.03009,1.03006,1.03007,17.3399998992682
2025-01-10T03:44:00,1.03007,1.03008,1.03004,1.03005,16.5899996683002
2025-01-10T03:45:00,1.03005,1.03007,1.03,1.03,28.889999628067
2025-01-10T03:46:00,1.03,1.03,1.02993,1.02993,20.6999995708466
2025-01-10T03:47:00,1.02993,1.02997,1.02993,1.02997,9.89999973773956
2025-01-10T03:48:00,1.03,1.03002,1.03,1.03002,8.09999978542328
2025-01-10T03:49:00,1.03002,1.03003,1.03002,1.03002,9.98999989032745
2025-01-10T03:50:00,1.03003,1.03003,1.03002,1.03002,8.60999988019466
2025-01-10T03:51:00,1.03003,1.03007,1.03003,1.03007,14.6999998986721
2025-01-10T03:52:00,1.03007,1.03007,1.03002,1.03002,11.5499996840954
2025-01-10T03:53:00,1.03002,1.03004,1.03001,1.03001,24.3299995586276
2025-01-10T03:54:00,1.03001,1.03001,1.02995,1.02999,25.2599997445941
2025-01-10T03:55:00,1.03,1.03003,1.03,1.03001,22.4399998113513
2025-01-10T03:56:00,1.03001,1.03001,1.02988,1.02988,44.9399995729327
2025-01-10T03:57:00,1.02988,1.0299,1.02988,1.0299,33.2699996083975
2025-01-10T03:58:00,1.02991,1.02996,1.02987,1.02988,43.0199994817376
2025-01-10T03:59:00,1.02987,1.02987,1.02977,1.02985,73.5899996012449
2025-01-10T04:00:00,1.02983,1.02992,1.02983,1.02991,33.8999998420477
2025-01-10T04:01:00,1.02991,1.02998,1.02991,1.02998,21.9599997773767
2025-01-10T04:02:00,1.02998,1.02998,1.02993,1.02993,7.67999994009733
2025-01-10T04:03:00,1.02993,1.02993,1.0299,1.02991,12.6599999517202
2025-01-10T04:04:00,1.0299,1.02992,1.02983,1.02983,63.9300000369549
2025-01-10T04:05:00,1.02983,1.02983,1.02978,1.02978,33.0299998521805
2025-01-10T04:06:00,1.02978,1.02978,1.02978,1.02978,2.78999996185303
2025-01-10T04:07:00,1.0298,1.02982,1.02978,1.02978,17.8199999108911
2025-01-10T04:08:00,1.02979,1.02981,1.02974,1.02978,37.2000000178814
2025-01-10T04:09:00,1.02977,1.02978,1.02977,1.02978,5.57999992370605
2025-01-10T04:10:00,1.02978,1.02979,1.02968,1.02975,44.8800001963973
2025-01-10T04:11:00,1.02976,1.02977,1.02975,1.02976,42.0899998322129
2025-01-10T04:12:00,1.02977,1.02982,1.02975,1.02976,47.8799998313189
2025-01-10T04:13:00,1.02976,1.02981,1.02974,1.02976,14.9999999403954
2025-01-10T04:14:00,1.02975,1.02977,1.02974,1.02976,37.079999640584
2025-01-10T04:15:00,1.02977,1.02977,1.02966,1.02966,11.2799999639392
2025-01-10T04:16:00,1.02966,1.02972,1.02966,1.02972,18.9299997985363
2025-01-10T04:17:00,1.02972,1.02975,1.02971,1.02971,33.0600000545382
2025-01-10T04:18:00,1.02972,1.02978,1.02972,1.02977,19.7699999660254
2025-01-10T04:19:00,1.02979,1.02982,1.02977,1.02978,14.4299997985363
2025-01-10T04:20:00,1.02979,1.02979,1.02978,1.02978,4.67999994754791
2025-01-10T04:21:00,1.02978,1.02978,1.02978,1.02978,9.81000006198883
2025-01-10T04:22:00,1.02978,1.0298,1.02978,1.02979,29.4599996507168
2025-01-10T04:23:00,1.0298,1.0298,1.02975,1.02977,2.64000001549721
2025-01-10T04:24:00,1.02978,1.02981,1.02978,1.02979,13.7099999636412
2025-01-10T04:25:00,1.02978,1.02978,1.02975,1.02978,8.09999997913837
2025-01-10T04:26:00,1.02978,1.02978,1.02978,1.02978,1.79999995231628
2025-01-10T04:27:00,1.02978,1.0298,1.02972,1.02972,25.0499995872378
2025-01-10T04:28:00,1.02973,1.02973,1.02971,1.02971,8.75999998301268
2025-01-10T04:29:00,1.02972,1.02975,1.02971,1.02972,22.2299995422363
2025-01-10T04:30:00,1.02972,1.02972,1.02971,1.02971,7.19999980926514
2025-01-10T04:31:00,1.0297,1.0297,1.02965,1.02967,21.5099996328354
2025-01-10T04:32:00,1.02967,1.02968,1.02966,1.02967,6.29999983310699
2025-01-10T04:33:00,1.02967,1.02967,1.02962,1.02962,22.2899999469519
2025-01-10T04:34:00,1.02962,1.02962,1.02956,1.02956,15.4199999496341
2025-01-10T04:35:00,1.02957,1.02958,1.0295,1.0295,23.7299995273352
2025-01-10T04:36:00,1.02951,1.02951,1.02936,1.02942,40.3199994564056
2025-01-10T04:37:00,1.02943,1.02947,1.02943,1.02947,12.1799999400973
2025-01-10T04:38:00,1.02948,1.02951,1.02948,1.0295,15.2099997997284
2025-01-10T04:39:00,1.02949,1.02956,1.02948,1.02953,30.4499993026257
2025-01-10T04:40:00,1.02954,1.02954,1.02945,1.02947,8.75999984145164
2025-01-10T04:41:00,1.02946,1.02946,1.02939,1.02941,36.7199996709824
2025-01-10T04:42:00,1.02942,1.02942,1.02935,1.02939,58.5899988412857
2025-01-10T04:43:00,1.02939,1.02942,1.02937,1.02942,23.3999997377396
2025-01-10T04:44:00,1.02942,1.02947,1.02942,1.02947,33.2999992370605
2025-01-10T04:45:00,1.02946,1.02946,1.02937,1.02939,63.5399990081787
2025-01-10T04:46:00,1.02937,1.02942,1.02936,1.0294,33.5399994701147
2025-01-10T04:47:00,1.02939,1.02942,1.02939,1.02941,9.89999973773956
2025-01-10T04:48:00,1.02942,1.02946,1.02941,1.02941,21.6900001764297
2025-01-10T04:49:00,1.02942,1.02942,1.02942,1.02942,1.79999995231628
2025-01-10T04:50:00,1.02944,1.02944,1.02942,1.02942,14.3999998569489
2025-01-10T04:51:00,1.0294,1.02947,1.0294,1.02943,28.8899995088577
2025-01-10T04:52:00,1.02944,1.02947,1.02944,1.02945,36.1800000667572
2025-01-10T04:53:00,1.02944,1.02953,1.02943,1.02952,46.8299996554852
2025-01-10T04:54:00,1.02952,1.02962,1.02952,1.02962,20.3400000110269
2025-01-10T04:55:00,1.02962,1.02963,1.02953,1.02953,9.89999981224537
2025-01-10T04:56:00,1.02952,1.02953,1.02952,1.02953,3.59999990463257
2025-01-10T04:57:00,1.02953,1.02953,1.02953,1.02953,6.29999995231628
2025-01-10T04:58:00,1.02952,1.02952,1.02947,1.02947,21.0299994796515
2025-01-10T04:59:00,1.02948,1.02952,1.02946,1.0295,35.5499993562698
2025-01-10T05:00:00,1.0295,1.02957,1.0295,1.02953,41.3999993801117
2025-01-10T05:01:00,1.02953,1.02953,1.02952,1.02952,1.79999995231628
2025-01-10T05:02:00,1.02951,1.02951,1.02947,1.02948,8.27999985218048
2025-01-10T05:03:00,1.02947,1.02948,1.02947,1.02948,11.7899997234344
2025-01-10T05:04:00,1.02947,1.02948,1.02938,1.0294,38.8199999630451
2025-01-10T05:05:00,1.02941,1.02942,1.02939,1.02941,47.25
2025-01-10T05:06:00,1.02941,1.02947,1.02941,1.02946,47.6999995708466
2025-01-10T05:07:00,1.02947,1.02949,1.02947,1.02949,23.399999499321
2025-01-10T05:08:00,1.02948,1.02949,1.02944,1.02946,30.5999996066093
2025-01-10T05:09:00,1.02946,1.02947,1.02946,1.02946,21.5999994277954
2025-01-10T05:10:00,1.02947,1.02956,1.02946,1.02955,46.7999988794327
2025-01-10T05:11:00,1.02954,1.02963,1.0295,1.02962,40.9499998092651
2025-01-10T05:12:00,1.02962,1.02963,1.02961,1.02963,12.7800000905991
2025-01-10T05:13:00,1.02964,1.02967,1.02963,1.02963,19.6199998855591
2025-01-10T05:14:00,1.02962,1.02962,1.02956,1.02956,8.75999990105629
2025-01-10T05:15:00,1.02956,1.02964,1.02954,1.02962,50.7599995136261
2025-01-10T05:16:00,1.02963,1.02965,1.02962,1.02964,27.3600001335144
2025-01-10T05:17:00,1.02965,1.02967,1.02965,1.02967,29.8799998760223
2025-01-10T05:18:00,1.02966,1.02966,1.02965,1.02965,11.6400000378489
2025-01-10T05:19:00,1.02965,1.02965,1.02964,1.02965,0.959999978542328
2025-01-10T05:20:00,1.02965,1.02965,1.02965,1.02965,0.599999986588955
2025-01-10T05:21:00,1.02965,1.02966,1.02965,1.02965,19.3500003814697
2025-01-10T05:22:00,1.02967,1.02973,1.02965,1.02972,129.150000333786
2025-01-10T05:23:00,1.02973,1.02974,1.02968,1.02973,55.2600002884865
2025-01-10T05:24:00,1.02973,1.02973,1.02962,1.02962,24.9300000667572
2025-01-10T05:25:00,1.02962,1.02962,1.02953,1.02957,94.8300001472235
2025-01-10T05:26:00,1.02958,1.02961,1.02957,1.02961,81.9000000953674
2025-01-10T05:27:00,1.0296,1.02962,1.02953,1.02953,102.599999785423
2025-01-10T05:28:00,1.02954,1.02954,1.0295,1.02952,103.500000953674
2025-01-10T05:29:00,1.02953,1.02953,1.02948,1.02948,56.3400003910065
2025-01-10T05:30:00,1.02949,1.02949,1.02938,1.02941,119.15999943018
2025-01-10T05:31:00,1.02942,1.02942,1.02934,1.02934,59.399999499321
2025-01-10T05:32:00,1.02934,1.02934,1.02916,1.0292,161.639999628067
2025-01-10T05:33:00,1.02919,1.02922,1.02916,1.02917,91.8000000715256
2025-01-10T05:34:00,1.02918,1.02918,1.02916,1.02916,131.400002241135
2025-01-10T05:35:00,1.02917,1.02917,1.02901,1.02901,163.079999685287
2025-01-10T05:36:00,1.02902,1.02917,1.02902,1.02917,77.4000000953674
2025-01-10T05:37:00,1.02917,1.02922,1.02917,1.02917,56.2499992847443
2025-01-10T05:38:00,1.02917,1.02921,1.02916,1.02921,72.0900002717972
2025-01-10T05:39:00,1.02924,1.02925,1.0292,1.02922,62.2799999713898
2025-01-10T05:40:00,1.02922,1.02922,1.02917,1.02922,83.6999995708466
2025-01-10T05:41:00,1.02922,1.02923,1.0292,1.02923,102.509999513626
2025-01-10T05:42:00,1.02923,1.02923,1.02916,1.02921,62.1899996995926
2025-01-10T05:43:00,1.0292,1.02926,1.0292,1.02926,47.879999756813
2025-01-10T05:44:00,1.02927,1.02927,1.02926,1.02926,26.0999999046326
2025-01-10T05:45:00,1.02926,1.02926,1.02921,1.02922,36.2699999809265
2025-01-10T05:46:00,1.02922,1.02922,1.02921,1.02921,33.4199997112155
2025-01-10T05:47:00,1.0292,1.02922,1.02918,1.02918,36.1800000667572
2025-01-10T05:48:00,1.02913,1.02913,1.02907,1.02908,149.399999856949
2025-01-10T05:49:00,1.02906,1.02908,1.02899,1.029,165.619999885559
2025-01-10T05:50:00,1.029,1.02902,1.02891,1.02895,291.019999735057
2025-01-10T05:51:00,1.02894,1.029,1.02894,1.02898,89.6599982976913
2025-01-10T05:52:00,1.02898,1.02907,1.02898,1.02902,72.3299989551306
2025-01-10T05:53:00,1.02901,1.02902,1.02896,1.02896,71.6099991649389
2025-01-10T05:54:00,1.02895,1.02905,1.02895,1.02905,144.719999194145
2025-01-10T05:55:00,1.02905,1.02905,1.0289,1.0289,226.460000514984
2025-01-10T05:56:00,1.02891,1.02899,1.0289,1.02892,128.519999198616
2025-01-10T05:57:00,1.02891,1.02891,1.02859,1.02862,175.250000193715
2025-01-10T05:58:00,1.02861,1.02864,1.02857,1.02857,192.719999305904
2025-01-10T05:59:00,1.02856,1.02857,1.02847,1.02857,219.509998440742
2025-01-10T06:00:00,1.02858,1.02872,1.02857,1.02872,213.000000804663
2025-01-10T06:01:00,1.02872,1.02879,1.02865,1.02867,119.33999979496
2025-01-10T06:02:00,1.02869,1.02875,1.02866,1.02867,68.3999999761581
2025-01-10T06:03:00,1.02866,1.02866,1.02851,1.02857,274.769999325275
2025-01-10T06:04:00,1.02856,1.02863,1.02852,1.02862,101.430000066757
2025-01-10T06:05:00,1.02861,1.02861,1.02856,1.02858,146.249999642372
2025-01-10T06:06:00,1.02857,1.02865,1.02856,1.02862,218.520000219345
2025-01-10T06:07:00,1.02863,1.02877,1.02862,1.02877,213.839998245239
2025-01-10T06:08:00,1.02878,1.02879,1.02872,1.02873,134.189999580383
2025-01-10T06:09:00,1.02873,1.02882,1.02861,1.02861,195.29999935627
2025-01-10T06:10:00,1.0286,1.02863,1.02849,1.02849,164.309998333454
2025-01-10T06:11:00,1.02849,1.02849,1.02837,1.02838,198.989998459816
2025-01-10T06:12:00,1.02839,1.02841,1.02836,1.02837,112.319999217987
2025-01-10T06:13:00,1.02839,1.0284,1.02836,1.02838,209.969999969006
2025-01-10T06:14:00,1.02839,1.02841,1.02824,1.02827,180.389998309314
2025-01-10T06:15:00,1.02828,1.02839,1.02823,1.02836,230.969997875392
2025-01-10T06:16:00,1.02833,1.0284,1.02831,1.02838,240.92999958992
2025-01-10T06:17:00,1.02839,1.02841,1.02837,1.02839,97.2000006437302
2025-01-10T06:18:00,1.02839,1.02839,1.02838,1.02838,30.5999999046326
2025-01-10T06:19:00,1.02839,1.02839,1.02829,1.02832,89.0999985933304
2025-01-10T06:20:00,1.02831,1.02837,1.02829,1.02837,88.1999994516373
2025-01-10T06:21:00,1.02837,1.0284,1.02837,1.02838,58.049999833107
2025-01-10T06:22:00,1.02837,1.02838,1.02835,1.02838,122.939998865128
2025-01-10T06:23:00,1.02838,1.02838,1.0283,1.02833,118.799999475479
2025-01-10T06:24:00,1.02833,1.02841,1.02828,1.02828,128.42999958992
2025-01-10T06:25:00,1.02828,1.02831,1.02827,1.02831,92.6999996900558
2025-01-10T06:26:00,1.0283,1.0283,1.02822,1.02826,168.659999489784
2025-01-10T06:27:00,1.02826,1.02829,1.02822,1.02827,192.83999966085
2025-01-10T06:28:00,1.02827,1.02831,1.02826,1.0283,121.319999814034
2025-01-10T06:29:00,1.02833,1.02849,1.02833,1.02847,170.639999508858
2025-01-10T06:30:00,1.02846,1.02857,1.02846,1.02847,168.56999874115
2025-01-10T06:31:00,1.02848,1.02849,1.02844,1.02848,155.369998686016
2025-01-10T06:32:00,1.02848,1.02853,1.02847,1.02853,148.499997854233
2025-01-10T06:33:00,1.02854,1.02862,1.02851,1.02862,208.939997725189
2025-01-10T06:34:00,1.02862,1.02864,1.02856,1.02856,160.859997741878
2025-01-10T06:35:00,1.02856,1.02857,1.02853,1.02856,73.1999983489513
2025-01-10T06:36:00,1.02855,1.02857,1.02852,1.02852,33.6600000858307
2025-01-10T06:37:00,1.0285,1.0285,1.02838,1.02838,117.809999465942
2025-01-10T06:38:00,1.02837,1.02838,1.02828,1.02831,160.829999506474
2025-01-10T06:39:00,1.02831,1.02832,1.02827,1.02831,51.2999994754791
2025-01-10T06:40:00,1.02831,1.02831,1.02826,1.02827,87.3899999260902
2025-01-10T06:41:00,1.02826,1.02832,1.02826,1.02827,38.700000166893
2025-01-10T06:42:00,1.02827,1.02838,1.02827,1.02836,111.689999222755
2025-01-10T06:43:00,1.02837,1.02837,1.02827,1.02831,131.39999973774
2025-01-10T06:44:00,1.02831,1.02841,1.0283,1.02841,169.200000047684
2025-01-10T06:45:00,1.02841,1.02845,1.0284,1.02845,57.5999997854233
2025-01-10T06:46:00,1.02846,1.02847,1.02841,1.02847,124.200001478195
2025-01-10T06:47:00,1.02846,1.02851,1.02838,1.0284,114.300000905991
2025-01-10T06:48:00,1.02839,1.02839,1.02829,1.02831,99.2100007459521
2025-01-10T06:49:00,1.02831,1.02831,1.02823,1.02823,71.1599989980459
2025-01-10T06:50:00,1.02823,1.02826,1.02818,1.02818,93.7499997466803
2025-01-10T06:51:00,1.02815,1.02817,1.02812,1.02817,121.830000624061
2025-01-10T06:52:00,1.0282,1.02828,1.0282,1.02826,156.599999785423
2025-01-10T06:53:00,1.02827,1.02832,1.02826,1.02828,97.6500009298325
2025-01-10T06:54:00,1.0283,1.02833,1.02816,1.02817,204.300001502037
2025-01-10T06:55:00,1.02816,1.02828,1.02814,1.02827,103.860000371933
2025-01-10T06:56:00,1.02827,1.02831,1.02825,1.02825,206.820000745356
2025-01-10T06:57:00,1.02826,1.02828,1.02826,1.02827,36.8999999761581
2025-01-10T06:58:00,1.02827,1.02827,1.02817,1.02819,110.700000286102
2025-01-10T06:59:00,1.0282,1.0282,1.02812,1.02817,140.940000414848
2025-01-10T07:00:00,1.02817,1.02831,1.02811,1.02831,257.969999723136
2025-01-10T07:01:00,1.02832,1.02842,1.02831,1.02833,238.720000267029
2025-01-10T07:02:00,1.02834,1.02842,1.02831,1.02839,121.499999523163
2025-01-10T07:03:00,1.02839,1.02844,1.02833,1.02833,107.549999237061
2025-01-10T07:04:00,1.02834,1.02844,1.02834,1.02843,144.719999432564
2025-01-10T07:05:00,1.02844,1.02851,1.02842,1.02849,227.970001518726
2025-01-10T07:06:00,1.0285,1.02857,1.0285,1.02853,143.099999427795
2025-01-10T07:07:00,1.02853,1.02871,1.02848,1.02869,181.139998421073
2025-01-10T07:08:00,1.02868,1.02877,1.02867,1.02872,177.629998169839
2025-01-10T07:09:00,1.02872,1.02879,1.02872,1.02877,157.7699990049
2025-01-10T07:10:00,1.02878,1.02884,1.02873,1.02883,144.149999842048
2025-01-10T07:11:00,1.02883,1.02889,1.02871,1.02887,156.14999961853
2025-01-10T07:12:00,1.02888,1.02896,1.02883,1.02888,246.35999596864
2025-01-10T07:13:00,1.02889,1.02889,1.02876,1.02878,153.739997841418
2025-01-10T07:14:00,1.02879,1.02879,1.02865,1.02865,224.610000036657
2025-01-10T07:15:00,1.02864,1.02879,1.02863,1.02878,130.259998463094
2025-01-10T07:16:00,1.02877,1.02877,1.02862,1.02862,118.469998925924
2025-01-10T07:17:00,1.02865,1.02874,1.02865,1.02873,99.6599989384413
2025-01-10T07:18:00,1.02872,1.02899,1.02872,1.02898,137.339998438954
2025-01-10T07:19:00,1.02897,1.02908,1.02897,1.02903,190.02000040561
2025-01-10T07:20:00,1.02903,1.02908,1.02903,1.02903,157.949998833239
2025-01-10T07:21:00,1.02903,1.02909,1.02888,1.02888,128.479999057949
2025-01-10T07:22:00,1.02889,1.02889,1.0287,1.0287,173.42999958992
2025-01-10T07:23:00,1.02871,1.02873,1.0286,1.02863,151.049999468029
2025-01-10T07:24:00,1.02861,1.02874,1.02857,1.02874,110.699999809265
2025-01-10T07:25:00,1.02873,1.02873,1.02858,1.02862,116.879998549819
2025-01-10T07:26:00,1.02865,1.02869,1.02862,1.02863,67.5600001439452
2025-01-10T07:27:00,1.02862,1.02884,1.02862,1.02883,147.420000195503
2025-01-10T07:28:00,1.02885,1.02891,1.02884,1.02885,102.689999818802
2025-01-10T07:29:00,1.02886,1.0289,1.02882,1.02883,157.589999198914
2025-01-10T07:30:00,1.02883,1.02902,1.02883,1.02897,250.020002104342
2025-01-10T07:31:00,1.02896,1.02902,1.02887,1.02888,234.239996179938
2025-01-10T07:32:00,1.02887,1.02913,1.02887,1.02913,154.470000497997
2025-01-10T07:33:00,1.02911,1.02922,1.02911,1.02914,128.519998788834
2025-01-10T07:34:00,1.02914,1.02914,1.02896,1.02902,111.960000269115
2025-01-10T07:35:00,1.02903,1.0291,1.02903,1.02907,80.4299997910857
2025-01-10T07:36:00,1.02905,1.02927,1.02903,1.02906,135.97000131011
2025-01-10T07:37:00,1.02908,1.02922,1.02907,1.02913,84.3599994108081
2025-01-10T07:38:00,1.02912,1.02917,1.02904,1.02909,160.320000045002
2025-01-10T07:39:00,1.02908,1.02913,1.02904,1.02912,88.9199990034103
2025-01-10T07:40:00,1.02912,1.02916,1.02907,1.02914,145.219998002052
2025-01-10T07:41:00,1.02915,1.02918,1.02899,1.02902,173.460000269115
2025-01-10T07:42:00,1.02902,1.02917,1.02902,1.02908,275.819999083877
2025-01-10T07:43:00,1.02911,1.02927,1.02911,1.02917,106.049999348819
2025-01-10T07:44:00,1.02917,1.02923,1.02917,1.02922,81.4499999284744
2025-01-10T07:45:00,1.02922,1.02928,1.02917,1.02922,186.749999165535
2025-01-10T07:46:00,1.02923,1.02933,1.02923,1.02927,200.249999046326
2025-01-10T07:47:00,1.02929,1.02938,1.02929,1.02938,102.419999599457
2025-01-10T07:48:00,1.02938,1.02948,1.02932,1.02937,199.469999067485
2025-01-10T07:49:00,1.02937,1.02948,1.02937,1.02937,209.879999041557
2025-01-10T07:50:00,1.02938,1.02945,1.02937,1.02941,210.509999513626
2025-01-10T07:51:00,1.0294,1.0294,1.02925,1.02937,201.929998479784
2025-01-10T07:52:00,1.02937,1.02949,1.02937,1.02942,200.429999947548
2025-01-10T07:53:00,1.02944,1.02947,1.02941,1.02946,175.950000405312
2025-01-10T07:54:00,1.02946,1.02952,1.02942,1.02947,225.56999861449
2025-01-10T07:55:00,1.02948,1.02961,1.02944,1.02955,353.189997546375
2025-01-10T07:56:00,1.02955,1.02955,1.02947,1.02948,155.43000048399
2025-01-10T07:57:00,1.02948,1.02956,1.02945,1.02947,126.689998924732
2025-01-10T07:58:00,1.02951,1.02963,1.02951,1.02958,139.049999833107
2025-01-10T07:59:00,1.0296,1.02972,1.02958,1.0297,200.369998447597
2025-01-10T08:00:00,1.02971,1.02971,1.02948,1.02948,268.919999420643
2025-01-10T08:01:00,1.0295,1.02955,1.0294,1.02947,276.149997286499
2025-01-10T08:02:00,1.02948,1.02949,1.02939,1.02944,137.00999879092
2025-01-10T08:03:00,1.02945,1.02953,1.02938,1.02953,172.189998149872
2025-01-10T08:04:00,1.02953,1.02954,1.02946,1.02946,118.439998865128
2025-01-10T08:05:00,1.02947,1.02951,1.02942,1.02943,180.540001034737
2025-01-10T08:06:00,1.02942,1.02943,1.02928,1.0293,337.740001067519
2025-01-10T08:07:00,1.02931,1.02938,1.02927,1.02932,132.299999654293
2025-01-10T08:08:00,1.02933,1.02947,1.02931,1.02944,198.450000405312
2025-01-10T08:09:00,1.02944,1.02962,1.02944,1.02952,88.2899997830391
2025-01-10T08:10:00,1.02951,1.02952,1.02941,1.02946,280.049998506904
2025-01-10T08:11:00,1.02947,1.02952,1.02938,1.02938,71.5499994754791
2025-01-10T08:12:00,1.02938,1.02965,1.02936,1.02958,122.399999856949
2025-01-10T08:13:00,1.02957,1.02963,1.02954,1.02958,173.610000133514
2025-01-10T08:14:00,1.02959,1.02982,1.02959,1.02982,250.109999060631
2025-01-10T08:15:00,1.02981,1.02981,1.02967,1.02967,82.5300000905991
2025-01-10T08:16:00,1.02966,1.02968,1.02962,1.02963,115.309999346733
2025-01-10T08:17:00,1.02961,1.02961,1.02947,1.02947,127.529999732971
2025-01-10T08:18:00,1.02948,1.02972,1.02948,1.02972,198.269998908043
2025-01-10T08:19:00,1.02972,1.02979,1.02966,1.02971,225.53999876976
2025-01-10T08:20:00,1.02971,1.02988,1.02971,1.02988,265.099994234741
2025-01-10T08:21:00,1.02987,1.02998,1.02981,1.02994,195.719998918474
2025-01-10T08:22:00,1.02993,1.03023,1.02992,1.03018,163.380000002682
2025-01-10T08:23:00,1.03019,1.03019,1.03003,1.03014,195.779997199774
2025-01-10T08:24:00,1.03016,1.03035,1.03009,1.03033,275.87999817729
2025-01-10T08:25:00,1.03032,1.03038,1.03029,1.03034,180.08999979496
2025-01-10T08:26:00,1.03035,1.03042,1.03032,1.0304,150.569998621941
2025-01-10T08:27:00,1.0304,1.03047,1.03027,1.03028,174.119998931885
2025-01-10T08:28:00,1.03028,1.0303,1.03017,1.03024,242.549998044968
2025-01-10T08:29:00,1.03024,1.03024,1.03008,1.03014,154.289997935295
2025-01-10T08:30:00,1.03014,1.03077,1.03013,1.0304,1069.34999732673
2025-01-10T08:31:00,1.0304,1.03049,1.03036,1.03038,473.639999732375
2025-01-10T08:32:00,1.03038,1.03043,1.03032,1.03042,242.459999419749
2025-01-10T08:33:00,1.03044,1.03045,1.03017,1.03017,348.449999496341
2025-01-10T08:34:00,1.03018,1.03042,1.03018,1.03038,245.159998059273
2025-01-10T08:35:00,1.03039,1.03057,1.03032,1.03056,238.500000357628
2025-01-10T08:36:00,1.03056,1.03063,1.0304,1.0304,235.259998619556
2025-01-10T08:37:00,1.03041,1.03061,1.03041,1.0306,282.599999666214
2025-01-10T08:38:00,1.03061,1.03087,1.0306,1.03073,363.660000026226
2025-01-10T08:39:00,1.03073,1.03074,1.0306,1.03067,330.989998951554
2025-01-10T08:40:00,1.03067,1.03117,1.03066,1.03115,746.599997311831
2025-01-10T08:41:00,1.03115,1.03118,1.03092,1.03096,342.180000424385
2025-01-10T08:42:00,1.03096,1.03107,1.03093,1.03099,289.37000143528
2025-01-10T08:43:00,1.031,1.03113,1.03097,1.03108,450.809996202588
2025-01-10T08:44:00,1.03107,1.03107,1.03081,1.03083,152.659998893738
2025-01-10T08:45:00,1.03082,1.03086,1.03066,1.0307,391.589997887611
2025-01-10T08:46:00,1.03069,1.03078,1.03067,1.03076,385.649997532368
2025-01-10T08:47:00,1.03077,1.03087,1.03074,1.03074,466.499997854233
2025-01-10T08:48:00,1.03074,1.03074,1.03054,1.03056,342.480001561344
2025-01-10T08:49:00,1.03057,1.03057,1.03033,1.03033,446.429996483028
2025-01-10T08:50:00,1.03032,1.03045,1.03021,1.03042,431.219996899366
2025-01-10T08:51:00,1.03042,1.03049,1.03025,1.0303,408.749998569489
2025-01-10T08:52:00,1.03031,1.03032,1.03011,1.03012,410.849998466671
2025-01-10T08:53:00,1.03012,1.03016,1.03006,1.03011,549.599994890392
2025-01-10T08:54:00,1.0301,1.0302,1.03006,1.03009,491.339994549751
2025-01-10T08:55:00,1.03009,1.03021,1.03007,1.03011,602.079996041954
2025-01-10T08:56:00,1.03013,1.03023,1.03011,1.03017,343.029999703169
2025-01-10T08:57:00,1.03016,1.03025,1.03013,1.03015,346.139997601509
2025-01-10T08:58:00,1.03016,1.03039,1.03015,1.03038,433.370002627373
2025-01-10T08:59:00,1.03037,1.03038,1.03026,1.03027,310.589998364449
2025-01-10T09:00:00,1.03027,1.03027,1.03013,1.03021,217.799999654293
2025-01-10T09:01:00,1.0302,1.0302,1.03001,1.03005,213.429998993874
2025-01-10T09:02:00,1.03002,1.03008,1.03,1.03001,211.050000905991
2025-01-10T09:03:00,1.03001,1.03008,1.02991,1.02993,331.290001630783
2025-01-10T09:04:00,1.02992,1.03008,1.02991,1.02996,441.199997782707
2025-01-10T09:05:00,1.02996,1.03013,1.02995,1.03011,176.850001335144
2025-01-10T09:06:00,1.03013,1.03016,1.03002,1.03003,235.799998939037
2025-01-10T09:07:00,1.03002,1.03013,1.02997,1.03006,278.100001037121
2025-01-10T09:08:00,1.03006,1.03012,1.03,1.03012,248.550001144409
2025-01-10T09:09:00,1.03013,1.03029,1.03011,1.03028,244.819999873638
2025-01-10T09:10:00,1.03026,1.03029,1.03,1.03003,308.099998824298
2025-01-10T09:11:00,1.03002,1.03017,1.0299,1.03013,350.909997224808
2025-01-10T09:12:00,1.03013,1.03028,1.03013,1.03022,213.480000734329
2025-01-10T09:13:00,1.03022,1.03027,1.0302,1.03027,225.090000271797
2025-01-10T09:14:00,1.03027,1.03039,1.0301,1.03039,210.419999718666
2025-01-10T09:15:00,1.03038,1.03038,1.03025,1.03029,218.099999658763
2025-01-10T09:16:00,1.03028,1.03033,1.03021,1.03022,274.770000696182
2025-01-10T09:17:00,1.03022,1.03036,1.03022,1.03026,302.870001077652
2025-01-10T09:18:00,1.03028,1.0303,1.03018,1.0302,160.080000266433
2025-01-10T09:19:00,1.03022,1.03031,1.03017,1.03024,256.500001907349
2025-01-10T09:20:00,1.03024,1.03027,1.03011,1.03011,214.67000079155
2025-01-10T09:21:00,1.0301,1.03012,1.03002,1.03006,274.400000080466
2025-01-10T09:22:00,1.03006,1.03018,1.03001,1.03016,285.749999165535
2025-01-10T09:23:00,1.03017,1.03024,1.03007,1.03008,359.999999880791
2025-01-10T09:24:00,1.03009,1.03017,1.03002,1.03016,208.799998760223
2025-01-10T09:25:00,1.03016,1.03028,1.03014,1.03022,210.059999465942
2025-01-10T09:26:00,1.03022,1.03027,1.03016,1.03017,252.179998852313
2025-01-10T09:27:00,1.03017,1.03024,1.03011,1.03017,171.270000815392
2025-01-10T09:28:00,1.03018,1.03022,1.03012,1.03012,220.950001239777
2025-01-10T09:29:00,1.03011,1.03014,1.03006,1.03009,166.98000022769
2025-01-10T09:30:00,1.03007,1.0301,1.02998,1.02998,153.150000348687
2025-01-10T09:31:00,1.02999,1.03009,1.02998,1.03003,144.900000095367
2025-01-10T09:32:00,1.03002,1.0301,1.02995,1.03009,187.200002074242
2025-01-10T09:33:00,1.03009,1.03015,1.03009,1.03012,61.1100004687905
2025-01-10T09:34:00,1.03012,1.03024,1.03005,1.03022,207.269999742508
2025-01-10T09:35:00,1.03023,1.0303,1.03011,1.03027,212.459998235106
2025-01-10T09:36:00,1.03026,1.03026,1.03011,1.03022,171.179997093976
2025-01-10T09:37:00,1.03022,1.03029,1.03017,1.03017,95.459998935461
2025-01-10T09:38:00,1.03017,1.03031,1.03012,1.03028,87.9599993005395
2025-01-10T09:39:00,1.03029,1.0303,1.03021,1.03028,78.3599999621511
2025-01-10T09:40:00,1.0303,1.03041,1.03022,1.03028,212.909998819232
2025-01-10T09:41:00,1.03029,1.03035,1.03025,1.03032,141.989999875426
2025-01-10T09:42:00,1.03033,1.03034,1.0302,1.03023,145.729998745024
2025-01-10T09:43:00,1.03023,1.03029,1.03016,1.03027,206.369998671114
2025-01-10T09:44:00,1.03028,1.03052,1.03027,1.03048,251.489997498691
2025-01-10T09:45:00,1.03048,1.03048,1.03033,1.03048,154.16999899596
2025-01-10T09:46:00,1.03049,1.03052,1.03043,1.03043,189.090000510216
2025-01-10T09:47:00,1.03043,1.03044,1.03036,1.03038,93.0599998235703
2025-01-10T09:48:00,1.03037,1.03045,1.03035,1.03045,200.340000271797
2025-01-10T09:49:00,1.03045,1.03045,1.03037,1.03038,170.550001144409
2025-01-10T09:50:00,1.03037,1.03049,1.03033,1.03049,162.639999859035
2025-01-10T09:51:00,1.03049,1.03058,1.03047,1.03048,140.849998690188
2025-01-10T09:52:00,1.03048,1.03051,1.03045,1.03048,85.8299986943603
2025-01-10T09:53:00,1.03048,1.03052,1.03033,1.03033,184.799995988607
2025-01-10T09:54:00,1.03034,1.0304,1.03023,1.03023,171.479999251664
2025-01-10T09:55:00,1.03023,1.03027,1.03011,1.03014,254.009997911751
2025-01-10T09:56:00,1.03014,1.03015,1.03002,1.03002,242.099997639656
2025-01-10T09:57:00,1.03003,1.03013,1.02998,1.03009,175.859998762608
2025-01-10T09:58:00,1.03008,1.0301,1.02996,1.02998,167.249997727573
2025-01-10T09:59:00,1.02997,1.02999,1.02993,1.02998,197.609999760985
2025-01-10T10:00:00,1.02999,1.03012,1.02999,1.03003,146.879999399185
2025-01-10T10:01:00,1.03005,1.03008,1.02997,1.03003,137.009999625385
2025-01-10T10:02:00,1.03003,1.03013,1.03003,1.03007,86.939999461174
2025-01-10T10:03:00,1.03007,1.03008,1.02998,1.03007,181.259999513626
2025-01-10T10:04:00,1.03007,1.03007,1.03002,1.03004,75.5999997854233
2025-01-10T10:05:00,1.03003,1.03008,1.02999,1.03003,115.290000557899
2025-01-10T10:06:00,1.03005,1.03009,1.03002,1.03002,227.729999013245
2025-01-10T10:07:00,1.03003,1.03012,1.03002,1.03007,134.729999661446
2025-01-10T10:08:00,1.03008,1.03016,1.03,1.03016,130.499999165535
2025-01-10T10:09:00,1.03016,1.03017,1.03013,1.03015,79.289999961853
2025-01-10T10:10:00,1.03017,1.03023,1.03002,1.03002,195.239997431636
2025-01-10T10:11:00,1.03003,1.03034,1.03002,1.03033,204.769996620715
2025-01-10T10:12:00,1.03036,1.03045,1.03035,1.03036,120.120000936091
2025-01-10T10:13:00,1.03036,1.03048,1.03035,1.03039,102.469999164343
2025-01-10T10:14:00,1.03038,1.03038,1.03033,1.03033,61.1999998092651
2025-01-10T10:15:00,1.03033,1.0304,1.03024,1.03034,219.980001330376
2025-01-10T10:16:00,1.03033,1.03039,1.0303,1.03037,150.300000309944
2025-01-10T10:17:00,1.03037,1.03039,1.03032,1.03033,238.3300004825
2025-01-10T10:18:00,1.03036,1.03037,1.03023,1.03023,184.489998817444
2025-01-10T10:19:00,1.03026,1.03028,1.03017,1.03022,172.950000405312
2025-01-10T10:20:00,1.03022,1.03031,1.03022,1.03027,102.170000433922
2025-01-10T10:21:00,1.03027,1.03027,1.03015,1.03022,199.549999147654
2025-01-10T10:22:00,1.03022,1.03022,1.03003,1.03008,202.859999969602
2025-01-10T10:23:00,1.03008,1.03023,1.03008,1.03019,118.440000534058
2025-01-10T10:24:00,1.03018,1.03032,1.03016,1.03018,254.000001549721
2025-01-10T10:25:00,1.03017,1.03036,1.03016,1.03033,124.889999747276
2025-01-10T10:26:00,1.03032,1.03042,1.03027,1.03038,208.48999940604
2025-01-10T10:27:00,1.03039,1.0304,1.03029,1.03037,144.360000014305
2025-01-10T10:28:00,1.03036,1.03047,1.03036,1.03042,178.999998614192
2025-01-10T10:29:00,1.03042,1.03052,1.03038,1.03052,78.389999628067
2025-01-10T10:30:00,1.03051,1.03051,1.03033,1.0304,114.479998111725
2025-01-10T10:31:00,1.0304,1.03048,1.03038,1.03044,126.869999989867
2025-01-10T10:32:00,1.03043,1.03056,1.03043,1.03045,184.339998081326
2025-01-10T10:33:00,1.03044,1.03054,1.03042,1.03049,128.250000119209
2025-01-10T10:34:00,1.03049,1.03049,1.03039,1.0304,128.740000128746
2025-01-10T10:35:00,1.03044,1.03045,1.03025,1.0303,198.139999620616
2025-01-10T10:36:00,1.03032,1.03034,1.03012,1.03012,156.24000108242
2025-01-10T10:37:00,1.03012,1.03025,1.03012,1.03019,168.770000457764
2025-01-10T10:38:00,1.03019,1.03031,1.03013,1.0302,181.920000426471
2025-01-10T10:39:00,1.03019,1.03041,1.03018,1.03036,225.120001249015
2025-01-10T10:40:00,1.03037,1.0304,1.03032,1.03037,63.899999499321
2025-01-10T10:41:00,1.03037,1.03045,1.03036,1.03042,142.740000605583
2025-01-10T10:42:00,1.03043,1.03053,1.03041,1.03041,117.630000114441
2025-01-10T10:43:00,1.03041,1.03057,1.03039,1.03056,262.709998965263
2025-01-10T10:44:00,1.03056,1.03056,1.03037,1.03041,165.59999871254
2025-01-10T10:45:00,1.03041,1.03046,1.03035,1.03041,348.930002212524
2025-01-10T10:46:00,1.0304,1.03041,1.03021,1.03022,246.720000140369
2025-01-10T10:47:00,1.03022,1.03028,1.03016,1.03026,247.770001292229
2025-01-10T10:48:00,1.03025,1.0303,1.03021,1.0303,189.060000047088
2025-01-10T10:49:00,1.03028,1.0304,1.03028,1.03036,146.969999074936
2025-01-10T10:50:00,1.03034,1.03034,1.03015,1.03017,306.989999055862
2025-01-10T10:51:00,1.03016,1.03018,1.0301,1.03014,188.729999482632
2025-01-10T10:52:00,1.03013,1.03018,1.0301,1.03017,210.41999912262
2025-01-10T10:53:00,1.03016,1.0302,1.03008,1.03018,232.109996914864
2025-01-10T10:54:00,1.03017,1.03027,1.03014,1.03015,247.57999920845
2025-01-10T10:55:00,1.03014,1.03018,1.03014,1.03017,92.700001001358
2025-01-10T10:56:00,1.03017,1.03018,1.03013,1.03013,263.969998002052
2025-01-10T10:57:00,1.03013,1.03019,1.03011,1.03017,219.179998725653
2025-01-10T10:58:00,1.03018,1.03031,1.03017,1.0303,110.1899991557
2025-01-10T10:59:00,1.0303,1.0303,1.03021,1.03021,276.269999742508
2025-01-10T11:00:00,1.03021,1.03031,1.03017,1.03024,289.380001239479
2025-01-10T11:01:00,1.03025,1.03032,1.03022,1.03022,203.940001487732
2025-01-10T11:02:00,1.03022,1.03029,1.0302,1.0302,319.169999711215
2025-01-10T11:03:00,1.03021,1.03028,1.03018,1.03024,248.849998772144
2025-01-10T11:04:00,1.03023,1.03027,1.03021,1.03026,141.749998807907
2025-01-10T11:05:00,1.03026,1.03048,1.03026,1.03047,279.72000014782
2025-01-10T11:06:00,1.03047,1.03049,1.03021,1.03021,282.100000560284
2025-01-10T11:07:00,1.03021,1.03036,1.03017,1.0303,211.530000202358
2025-01-10T11:08:00,1.03031,1.03031,1.0302,1.03022,111.93000048399
2025-01-10T11:09:00,1.03022,1.0303,1.03016,1.03018,226.799997009337
2025-01-10T11:10:00,1.03019,1.03025,1.03015,1.03021,234.899999082088
2025-01-10T11:11:00,1.03021,1.03023,1.03013,1.03013,210.209997735918
2025-01-10T11:12:00,1.03015,1.03016,1.03001,1.03004,226.109998837113
2025-01-10T11:13:00,1.03003,1.03012,1.03002,1.03008,170.029998414218
2025-01-10T11:14:00,1.03007,1.03013,1.03001,1.03011,235.659997977316
2025-01-10T11:15:00,1.0301,1.03031,1.03007,1.03027,271.449996881187
2025-01-10T11:16:00,1.03026,1.03026,1.03016,1.03018,83.3200000524521
2025-01-10T11:17:00,1.03018,1.03024,1.03017,1.03024,57.7399991750717
2025-01-10T11:18:00,1.03025,1.03033,1.03022,1.03027,157.049999117851
2025-01-10T11:19:00,1.03028,1.03032,1.03026,1.03028,225.829999029636
2025-01-10T11:20:00,1.03028,1.03034,1.03023,1.03034,160.860001377761
2025-01-10T11:21:00,1.03033,1.03033,1.03013,1.03017,262.739999704063
2025-01-10T11:22:00,1.03012,1.03013,1.03002,1.03005,156.149999797344
2025-01-10T11:23:00,1.03006,1.03006,1.0299,1.02991,40.7099999114871
2025-01-10T11:24:00,1.0299,1.03007,1.02988,1.03005,140.219999432564
2025-01-10T11:25:00,1.03005,1.03028,1.03004,1.03027,76.8599991202354
2025-01-10T11:26:00,1.03029,1.03029,1.0302,1.03025,137.719999194145
2025-01-10T11:27:00,1.03026,1.03037,1.03025,1.03036,75.8099995180964
2025-01-10T11:28:00,1.03036,1.03036,1.03016,1.03016,191.340000368655
2025-01-10T11:29:00,1.03015,1.03024,1.03013,1.03023,79.6500006914139
2025-01-10T11:30:00,1.03024,1.03025,1.03006,1.03008,140.87000015378
2025-01-10T11:31:00,1.03006,1.03019,1.03006,1.03018,190.800001502037
2025-01-10T11:32:00,1.03018,1.0302,1.03014,1.03018,71.1400001049042
2025-01-10T11:33:00,1.03019,1.03024,1.03019,1.03023,58.0500001907349
2025-01-10T11:34:00,1.03022,1.0303,1.0302,1.03026,166.890000812709
2025-01-10T11:35:00,1.03027,1.03036,1.03019,1.03019,305.669999830425
2025-01-10T11:36:00,1.03019,1.03027,1.03019,1.03027,88.200000166893
2025-01-10T11:37:00,1.03027,1.03027,1.0302,1.03023,101.069999694824
2025-01-10T11:38:00,1.03024,1.03026,1.03019,1.03026,103.590000391006
2025-01-10T11:39:00,1.03025,1.03032,1.03025,1.03031,66.1799993440509
2025-01-10T11:40:00,1.03032,1.03046,1.03032,1.03046,95.7600001096725
2025-01-10T11:41:00,1.03049,1.03052,1.03039,1.0304,152.13000010699
2025-01-10T11:42:00,1.03039,1.03039,1.0303,1.03037,119.570000700653
2025-01-10T11:43:00,1.03036,1.03036,1.03019,1.03019,118.440001070499
2025-01-10T11:44:00,1.03019,1.03023,1.03018,1.03022,128.880000352859
2025-01-10T11:45:00,1.03022,1.03024,1.03016,1.03024,117.379999995232
2025-01-10T11:46:00,1.03024,1.03024,1.03012,1.03015,84.5399995967746
2025-01-10T11:47:00,1.03018,1.03018,1.03,1.03,95.3999997377396
2025-01-10T11:48:00,1.03001,1.03001,1.02995,1.03001,67.4999986886978
2025-01-10T11:49:00,1.03,1.03013,1.03,1.03011,102.689999938011
2025-01-10T11:50:00,1.03012,1.03016,1.03011,1.03015,239.399998903275
2025-01-10T11:51:00,1.03015,1.03017,1.03002,1.0301,344.040000781417
2025-01-10T11:52:00,1.03011,1.0302,1.03009,1.03011,338.4000005126
2025-01-10T11:53:00,1.0301,1.03011,1.03,1.03001,311.399998009205
2025-01-10T11:54:00,1.03002,1.03004,1.02996,1.02997,183.150000810623
2025-01-10T11:55:00,1.02998,1.03002,1.02995,1.03001,225.899999022484
2025-01-10T11:56:00,1.03002,1.03008,1.03001,1.03008,182.919998586178
2025-01-10T11:57:00,1.03008,1.03018,1.03008,1.03018,280.080001950264
2025-01-10T11:58:00,1.03017,1.03033,1.03015,1.03026,161.909998893738
2025-01-10T11:59:00,1.03025,1.03026,1.03009,1.03016,219.709998317063
2025-01-10T12:00:00,1.03016,1.03022,1.03011,1.03018,83.9999988302588
2025-01-10T12:01:00,1.03017,1.03019,1.03002,1.03007,121.239999845624
2025-01-10T12:02:00,1.03009,1.03011,1.03006,1.03007,86.9399988651276
2025-01-10T12:03:00,1.03008,1.03011,1.03007,1.03007,41.6999997347593
2025-01-10T12:04:00,1.03009,1.03017,1.02996,1.03017,83.6999995112419
2025-01-10T12:05:00,1.03017,1.03017,1.02992,1.02997,106.82999932766
2025-01-10T12:06:00,1.02997,1.02999,1.02994,1.02999,27.7199996039271
2025-01-10T12:07:00,1.03,1.03011,1.03,1.0301,53.5199989899993
2025-01-10T12:08:00,1.03011,1.0304,1.03011,1.03022,219.779997743666
2025-01-10T12:09:00,1.03021,1.03022,1.03006,1.03006,187.290000557899
2025-01-10T12:10:00,1.03007,1.03024,1.03006,1.03024,188.399999015033
2025-01-10T12:11:00,1.03024,1.03024,1.03008,1.03008,120.689998745918
2025-01-10T12:12:00,1.03008,1.03008,1.02992,1.02996,144.960000023246
2025-01-10T12:13:00,1.02997,1.03006,1.02992,1.02997,142.290000557899
2025-01-10T12:14:00,1.02997,1.0302,1.02997,1.03017,241.649999499321
2025-01-10T12:15:00,1.03017,1.03019,1.0301,1.03018,166.230000257492
2025-01-10T12:16:00,1.03019,1.0302,1.03008,1.03013,98.4599996507168
2025-01-10T12:17:00,1.03012,1.03024,1.03008,1.03014,124.979998581111
2025-01-10T12:18:00,1.03015,1.03018,1.03014,1.03017,123.390000343323
2025-01-10T12:19:00,1.03018,1.03026,1.03017,1.03025,123.180000409484
2025-01-10T12:20:00,1.03026,1.03045,1.03026,1.03038,45.0299995914102
2025-01-10T12:21:00,1.03038,1.03044,1.03034,1.03035,99.6599994525313
2025-01-10T12:22:00,1.03036,1.03045,1.03036,1.03043,69.2699996232986
2025-01-10T12:23:00,1.03042,1.03058,1.03038,1.03058,152.309999585152
2025-01-10T12:24:00,1.03057,1.03064,1.03057,1.03062,110.719998829067
2025-01-10T12:25:00,1.03062,1.03086,1.03062,1.03084,190.330000273883
2025-01-10T12:26:00,1.03083,1.03083,1.03065,1.03067,143.639998674393
2025-01-10T12:27:00,1.03067,1.0307,1.03053,1.03053,83.8799988031387
2025-01-10T12:28:00,1.03052,1.03067,1.0305,1.03052,149.699998259544
2025-01-10T12:29:00,1.03052,1.0307,1.03052,1.03067,97.5699998736382
2025-01-10T12:30:00,1.0307,1.03087,1.03067,1.03083,159.9499989748
2025-01-10T12:31:00,1.03084,1.03084,1.03075,1.03077,51.529999807477
2025-01-10T12:32:00,1.03079,1.03093,1.03079,1.03092,77.5299998447299
2025-01-10T12:33:00,1.03092,1.03092,1.03069,1.03072,105.709999196231
2025-01-10T12:34:00,1.03072,1.03078,1.0307,1.03072,49.4200000762939
2025-01-10T12:35:00,1.03071,1.03079,1.03067,1.03072,81.5199992060661
2025-01-10T12:36:00,1.03073,1.0308,1.03068,1.03071,137.649999260902
2025-01-10T12:37:00,1.03072,1.03074,1.03059,1.03071,102.609999284148
2025-01-10T12:38:00,1.03072,1.03074,1.0307,1.03073,95.4199992790818
2025-01-10T12:39:00,1.03072,1.03075,1.03061,1.03073,101.619999051094
2025-01-10T12:40:00,1.03073,1.03084,1.03071,1.03081,92.1200001239777
2025-01-10T12:41:00,1.03081,1.0309,1.0308,1.03088,69.3499997630715
2025-01-10T12:42:00,1.03088,1.03088,1.03067,1.03074,157.440000258386
2025-01-10T12:43:00,1.03074,1.03083,1.03071,1.03072,81.8199990987778
2025-01-10T12:44:00,1.03073,1.03073,1.03057,1.0306,124.079999320209
2025-01-10T12:45:00,1.03061,1.03067,1.03045,1.03057,229.069997899234
2025-01-10T12:46:00,1.03058,1.03066,1.03055,1.03065,215.839998587966
2025-01-10T12:47:00,1.03064,1.03065,1.03056,1.03058,111.049998879433
2025-01-10T12:48:00,1.03058,1.03072,1.03058,1.03067,133.689998149872
2025-01-10T12:49:00,1.03066,1.03066,1.03059,1.03061,88.2999991178513
2025-01-10T12:50:00,1.0306,1.03065,1.03047,1.03061,181.429998874664
2025-01-10T12:51:00,1.0306,1.03064,1.03036,1.03037,177.939999692142
2025-01-10T12:52:00,1.0304,1.03054,1.03036,1.03054,131.379998683929
2025-01-10T12:53:00,1.03053,1.03053,1.03043,1.03047,168.039999485016
2025-01-10T12:54:00,1.03046,1.03052,1.03043,1.03043,128.489998996258
2025-01-10T12:55:00,1.03044,1.03051,1.03035,1.03048,239.980000331998
2025-01-10T12:56:00,1.03047,1.03051,1.03042,1.03047,198.090000294149
2025-01-10T12:57:00,1.03047,1.03056,1.03038,1.03043,112.159999541938
2025-01-10T12:58:00,1.03041,1.03049,1.03041,1.03043,83.3800000846386
2025-01-10T12:59:00,1.03043,1.03055,1.03037,1.03055,137.949999690056
2025-01-10T13:00:00,1.03054,1.03065,1.03054,1.03056,117.269998960197
2025-01-10T13:01:00,1.03057,1.03058,1.03048,1.03057,42.7100004777312
2025-01-10T13:02:00,1.03057,1.03077,1.03057,1.03077,62.1899997368455
2025-01-10T13:03:00,1.03078,1.03089,1.03078,1.03087,45.6300002634525
2025-01-10T13:04:00,1.03086,1.03087,1.03067,1.03074,112.969998978078
2025-01-10T13:05:00,1.03074,1.03074,1.03055,1.03056,110.499998807907
2025-01-10T13:06:00,1.03056,1.03065,1.03046,1.0305,154.139998547733
2025-01-10T13:07:00,1.03051,1.03063,1.03045,1.03055,85.6300002709031
2025-01-10T13:08:00,1.03057,1.03061,1.03043,1.03053,141.759998604655
2025-01-10T13:09:00,1.03053,1.03058,1.03037,1.0304,100.129999123514
2025-01-10T13:10:00,1.0304,1.0304,1.03026,1.0304,249.59999743104
2025-01-10T13:11:00,1.03041,1.03051,1.03037,1.03037,167.039997391403
2025-01-10T13:12:00,1.03037,1.0306,1.03036,1.0306,238.22999984026
2025-01-10T13:13:00,1.03059,1.03059,1.03047,1.03058,222.140000700951
2025-01-10T13:14:00,1.03058,1.03069,1.03058,1.03062,200.619999878109
2025-01-10T13:15:00,1.03063,1.03076,1.03063,1.03068,203.04999756813
2025-01-10T13:16:00,1.03069,1.03085,1.03067,1.03083,125.349998831749
2025-01-10T13:17:00,1.03082,1.03088,1.03077,1.03083,116.419999949634
2025-01-10T13:18:00,1.03079,1.03096,1.03075,1.03093,159.549999237061
2025-01-10T13:19:00,1.03096,1.03118,1.03095,1.03116,145.469998687506
2025-01-10T13:20:00,1.03117,1.03117,1.03085,1.03096,159.879999190569
2025-01-10T13:21:00,1.03093,1.03106,1.03086,1.03087,112.710000172257
2025-01-10T13:22:00,1.03086,1.03093,1.03078,1.03086,191.919999785721
2025-01-10T13:23:00,1.03085,1.0309,1.03082,1.03085,154.67000003159
2025-01-10T13:24:00,1.03085,1.03087,1.03052,1.0306,233.379998385906
2025-01-10T13:25:00,1.03061,1.03071,1.03056,1.03061,276.599997155368
2025-01-10T13:26:00,1.03061,1.03061,1.03049,1.0305,200.929997324944
2025-01-10T13:27:00,1.0305,1.03053,1.03045,1.03051,150.959998957813
2025-01-10T13:28:00,1.03051,1.03056,1.03034,1.03037,412.259994789958
2025-01-10T13:29:00,1.03036,1.03077,1.03036,1.03055,450.109999015927
2025-01-10T13:30:00,1.03046,1.03046,1.02414,1.0247,1439.83999173343
2025-01-10T13:31:00,1.02471,1.02616,1.02457,1.02565,2694.6799788177
2025-01-10T13:32:00,1.02566,1.0258,1.02444,1.02463,1852.1699847132
2025-01-10T13:33:00,1.02462,1.02463,1.02219,1.02245,1726.53999485075
2025-01-10T13:34:00,1.02242,1.02257,1.02127,1.02241,1467.1699873656
2025-01-10T13:35:00,1.02238,1.02334,1.02218,1.02329,1277.8699940443
2025-01-10T13:36:00,1.02334,1.02385,1.02302,1.02384,1567.46998811513
2025-01-10T13:37:00,1.02383,1.02437,1.02362,1.02381,1447.4699921757
2025-01-10T13:38:00,1.02381,1.02451,1.02362,1.02416,944.429996550083
2025-01-10T13:39:00,1.02416,1.02442,1.02339,1.02346,1654.68998977542
2025-01-10T13:40:00,1.02348,1.02384,1.02293,1.02378,1340.10999538749
2025-01-10T13:41:00,1.02376,1.02406,1.02353,1.02392,1637.12998849154
2025-01-10T13:42:00,1.02391,1.02436,1.02356,1.02435,1232.72999703884
2025-01-10T13:43:00,1.02435,1.02455,1.02408,1.02429,1064.71999788284
2025-01-10T13:44:00,1.0243,1.02515,1.02415,1.02504,1260.65999191254
2025-01-10T13:45:00,1.02505,1.02505,1.02434,1.02484,1521.25999616086
2025-01-10T13:46:00,1.02485,1.02502,1.02456,1.02464,1148.57999975234
2025-01-10T13:47:00,1.02462,1.02462,1.02378,1.02411,1262.76999618858
2025-01-10T13:48:00,1.02413,1.02455,1.02409,1.02454,1237.46999891847
2025-01-10T13:49:00,1.02453,1.02503,1.02418,1.02474,1251.53999645263
2025-01-10T13:50:00,1.02475,1.0249,1.02442,1.02463,1181.61000136286
2025-01-10T13:51:00,1.02463,1.02477,1.02441,1.02462,1174.98000078648
2025-01-10T13:52:00,1.0246,1.02536,1.02449,1.02535,1163.85999869555
2025-01-10T13:53:00,1.02534,1.02604,1.0253,1.02599,1296.52999966592
2025-01-10T13:54:00,1.026,1.02602,1.02564,1.02592,1154.5700000599
2025-01-10T13:55:00,1.02593,1.026,1.02529,1.02533,1354.56998682767
2025-01-10T13:56:00,1.02532,1.02551,1.02512,1.02548,1184.82998553663
2025-01-10T13:57:00,1.02546,1.02562,1.02516,1.02549,1127.55999866128
2025-01-10T13:58:00,1.02547,1.02571,1.0253,1.02543,919.790000021458
2025-01-10T13:59:00,1.02546,1.02584,1.02533,1.02563,1101.36999690533
2025-01-10T14:00:00,1.02563,1.02573,1.02489,1.02493,1245.64999985695
2025-01-10T14:01:00,1.02493,1.02566,1.02489,1.02548,1207.76999406517
2025-01-10T14:02:00,1.02547,1.02608,1.02542,1.02588,1122.28999953717
2025-01-10T14:03:00,1.02588,1.02648,1.02516,1.02546,1383.91999649256
2025-01-10T14:04:00,1.02548,1.02608,1.02524,1.02587,1385.17999225855
2025-01-10T14:05:00,1.02588,1.02602,1.02526,1.0254,1311.96000104398
2025-01-10T14:06:00,1.0254,1.02561,1.02501,1.02501,932.310003653169
2025-01-10T14:07:00,1.02501,1.02508,1.02462,1.02488,1077.46999885887
2025-01-10T14:08:00,1.02486,1.02515,1.02474,1.02506,991.789997085929
2025-01-10T14:09:00,1.02506,1.02506,1.02452,1.02454,1227.38999394327
2025-01-10T14:10:00,1.02455,1.02517,1.02442,1.02507,1025.80999587476
2025-01-10T14:11:00,1.02507,1.02524,1.02489,1.02499,825.2100020051
2025-01-10T14:12:00,1.025,1.02527,1.02474,1.02527,721.239996686578
2025-01-10T14:13:00,1.02527,1.02573,1.02527,1.02545,977.129996173084
2025-01-10T14:14:00,1.02544,1.02553,1.02523,1.02537,1052.38999251276
2025-01-10T14:15:00,1.02537,1.02575,1.0251,1.02575,803.839996099472
2025-01-10T14:16:00,1.02574,1.02626,1.02566,1.02608,813.109998032451
2025-01-10T14:17:00,1.02608,1.0263,1.02602,1.02613,838.249999463558
2025-01-10T14:18:00,1.02612,1.02636,1.02606,1.02633,902.12999727577
2025-01-10T14:19:00,1.02635,1.02684,1.02623,1.02636,943.580000296235
2025-01-10T14:20:00,1.02636,1.02643,1.02596,1.02608,1132.21999556571
2025-01-10T14:21:00,1.0261,1.02658,1.02592,1.02642,853.019997499883
2025-01-10T14:22:00,1.02641,1.02642,1.02604,1.02617,845.729993596673
2025-01-10T14:23:00,1.02616,1.02627,1.02581,1.02611,1100.249995552
2025-01-10T14:24:00,1.02612,1.02637,1.02584,1.0263,1253.60000042617
2025-01-10T14:25:00,1.02629,1.02663,1.02626,1.02645,1109.08000138402
2025-01-10T14:26:00,1.02645,1.02652,1.02605,1.02607,1039.77000057697
2025-01-10T14:27:00,1.02608,1.02608,1.02573,1.02604,817.770001910627
2025-01-10T14:28:00,1.02606,1.02615,1.02583,1.02602,667.239997811615
2025-01-10T14:29:00,1.02602,1.02617,1.02591,1.02607,576.629996158183
2025-01-10T14:30:00,1.02608,1.02608,1.02541,1.02543,1079.10999526083
2025-01-10T14:31:00,1.02545,1.02555,1.02513,1.02518,917.939999036491
2025-01-10T14:32:00,1.02517,1.02537,1.02505,1.02533,666.289997950196
2025-01-10T14:33:00,1.02532,1.02591,1.02532,1.02578,765.629998974502
2025-01-10T14:34:00,1.02575,1.02605,1.02556,1.02578,902.929998628795
2025-01-10T14:35:00,1.02577,1.02647,1.02565,1.02646,1402.52999454737
2025-01-10T14:36:00,1.02644,1.02675,1.02642,1.02668,1034.19000185281
2025-01-10T14:37:00,1.02666,1.02673,1.02623,1.02645,868.500002145767
2025-01-10T14:38:00,1.02644,1.02649,1.02621,1.02643,997.629999153316
2025-01-10T14:39:00,1.02642,1.02644,1.02585,1.02603,867.440000772476
2025-01-10T14:40:00,1.02601,1.02633,1.02598,1.02617,994.320001512766
2025-01-10T14:41:00,1.02616,1.02633,1.02603,1.02631,915.920000955462
2025-01-10T14:42:00,1.02633,1.027,1.02632,1.02696,749.940002314746
2025-01-10T14:43:00,1.02697,1.02719,1.02672,1.02686,606.879994027317
2025-01-10T14:44:00,1.02685,1.02727,1.0268,1.02722,661.639993101358
2025-01-10T14:45:00,1.02722,1.02723,1.02672,1.02697,663.489996910095
2025-01-10T14:46:00,1.02698,1.02707,1.02632,1.02635,703.829994246364
2025-01-10T14:47:00,1.02636,1.02636,1.02582,1.02583,546.489996962249
2025-01-10T14:48:00,1.02584,1.02592,1.02571,1.02573,432.679997250438
2025-01-10T14:49:00,1.02572,1.02598,1.02569,1.02593,431.749995350838
2025-01-10T14:50:00,1.02592,1.02592,1.02541,1.02552,472.289995349944
2025-01-10T14:51:00,1.02554,1.02561,1.02542,1.02557,262.969997704029
2025-01-10T14:52:00,1.02557,1.02573,1.02519,1.02524,308.259998008609
2025-01-10T14:53:00,1.02524,1.0253,1.0251,1.02517,420.839997053146
2025-01-10T14:54:00,1.02515,1.02517,1.02472,1.02487,446.859995834529
2025-01-10T14:55:00,1.02487,1.02521,1.02487,1.02506,395.239996798337
2025-01-10T14:56:00,1.02506,1.02514,1.02495,1.02509,317.219997286797
2025-01-10T14:57:00,1.02508,1.0251,1.02489,1.02501,467.089997164905
2025-01-10T14:58:00,1.02501,1.02518,1.02495,1.02518,473.479995362461
2025-01-10T14:59:00,1.02517,1.02534,1.02516,1.02522,357.170000448823
2025-01-10T15:00:00,1.02522,1.02522,1.02409,1.02441,876.89999589324
2025-01-10T15:01:00,1.02442,1.02444,1.02361,1.02385,438.649995148182
2025-01-10T15:02:00,1.02384,1.0243,1.02379,1.02418,492.529994614422
2025-01-10T15:03:00,1.02418,1.02445,1.02402,1.0243,543.589998491108
2025-01-10T15:04:00,1.02431,1.0248,1.02424,1.02473,491.639995962381
2025-01-10T15:05:00,1.02473,1.02531,1.02473,1.0252,469.309995003045
2025-01-10T15:06:00,1.0252,1.02526,1.02445,1.02446,505.249996930361
2025-01-10T15:07:00,1.02447,1.0247,1.02446,1.02454,643.789997704327
2025-01-10T15:08:00,1.02451,1.02484,1.02415,1.02426,684.789997860789
2025-01-10T15:09:00,1.02427,1.02459,1.02427,1.02458,585.129996046424
2025-01-10T15:10:00,1.02458,1.02507,1.02457,1.02505,667.649996735156
2025-01-10T15:11:00,1.02505,1.02527,1.0249,1.02515,592.829995393753
2025-01-10T15:12:00,1.02517,1.02553,1.02504,1.02551,584.749996423721
2025-01-10T15:13:00,1.02552,1.02556,1.02532,1.02535,487.21999502182
2025-01-10T15:14:00,1.02537,1.02573,1.02528,1.02549,555.869997218251
2025-01-10T15:15:00,1.02549,1.02611,1.02541,1.02605,475.729996487498
2025-01-10T15:16:00,1.02603,1.02612,1.02585,1.02599,311.840000264347
2025-01-10T15:17:00,1.02598,1.02636,1.0259,1.02636,321.829999946058
2025-01-10T15:18:00,1.02637,1.02648,1.0262,1.02642,380.05999635905
2025-01-10T15:19:00,1.02643,1.02671,1.02629,1.02653,403.569994799793
2025-01-10T15:20:00,1.02653,1.02724,1.02651,1.02724,432.689994849265
2025-01-10T15:21:00,1.02725,1.02748,1.02716,1.02722,694.949995815754
2025-01-10T15:22:00,1.02723,1.02738,1.02682,1.02692,688.359995298088
2025-01-10T15:23:00,1.02696,1.0272,1.02692,1.02708,535.299997143447
2025-01-10T15:24:00,1.0271,1.02747,1.02709,1.02743,315.539996922016
2025-01-10T15:25:00,1.02741,1.02787,1.02729,1.02748,440.389996170998
2025-01-10T15:26:00,1.02748,1.02752,1.02701,1.02716,341.719997279346
2025-01-10T15:27:00,1.02716,1.02717,1.02667,1.02669,231.629996374249
2025-01-10T15:28:00,1.02669,1.02694,1.02662,1.02663,336.209997430444
2025-01-10T15:29:00,1.02662,1.02678,1.02661,1.02675,243.959999166429
2025-01-10T15:30:00,1.02674,1.02674,1.02632,1.02641,266.94999807328
2025-01-10T15:31:00,1.0264,1.02643,1.02611,1.02616,576.190000414848
2025-01-10T15:32:00,1.02615,1.02645,1.02611,1.02611,384.419997565448
2025-01-10T15:33:00,1.02612,1.02658,1.02612,1.02658,204.29999820143
2025-01-10T15:34:00,1.0266,1.02661,1.02601,1.02606,366.359997175634
2025-01-10T15:35:00,1.02604,1.02604,1.02576,1.02582,389.339996606112
2025-01-10T15:36:00,1.02583,1.026,1.0256,1.02594,482.529996693134
2025-01-10T15:37:00,1.02594,1.02608,1.02588,1.02597,395.759996719658
2025-01-10T15:38:00,1.02605,1.02631,1.02598,1.02618,421.890001580119
2025-01-10T15:39:00,1.02617,1.0266,1.02598,1.02628,319.409999288619
2025-01-10T15:40:00,1.02629,1.02629,1.02589,1.02594,200.77999740839
2025-01-10T15:41:00,1.02593,1.026,1.02572,1.02592,252.859996244311
2025-01-10T15:42:00,1.02591,1.02594,1.0257,1.0257,255.50999724865
2025-01-10T15:43:00,1.0257,1.02575,1.02544,1.02574,331.339998103678
2025-01-10T15:44:00,1.02574,1.02582,1.02551,1.02553,388.589997217059
2025-01-10T15:45:00,1.02552,1.02576,1.02528,1.02573,275.159997455776
2025-01-10T15:46:00,1.02574,1.02599,1.0257,1.02589,314.489997319877
2025-01-10T15:47:00,1.0259,1.02628,1.02584,1.02584,421.579998411238
2025-01-10T15:48:00,1.02582,1.026,1.02568,1.02584,406.579995125532
2025-01-10T15:49:00,1.02584,1.02593,1.02528,1.02548,461.649996213615
2025-01-10T15:50:00,1.02546,1.0255,1.02504,1.02513,532.349998295307
2025-01-10T15:51:00,1.02515,1.02522,1.02491,1.02491,321.659996569157
2025-01-10T15:52:00,1.02491,1.02491,1.02451,1.02472,336.149996161461
2025-01-10T15:53:00,1.02474,1.02504,1.02462,1.02502,366.859995044768
2025-01-10T15:54:00,1.02502,1.02544,1.025,1.02524,264.989997476339
2025-01-10T15:55:00,1.02524,1.02533,1.02491,1.02498,355.679994262755
2025-01-10T15:56:00,1.02498,1.02518,1.02498,1.02509,272.459996633232
2025-01-10T15:57:00,1.02508,1.02514,1.02477,1.02489,274.469997271895
2025-01-10T15:58:00,1.0249,1.02505,1.02488,1.02503,299.159995414317
2025-01-10T15:59:00,1.02504,1.02516,1.02498,1.02503,242.369996123016
2025-01-10T16:00:00,1.02503,1.02511,1.02483,1.02484,323.73999774456
2025-01-10T16:01:00,1.02486,1.02496,1.02462,1.02463,318.169997036457
2025-01-10T16:02:00,1.02463,1.02498,1.02454,1.0248,335.579996675253
2025-01-10T16:03:00,1.0248,1.02485,1.02433,1.02439,286.229997746646
2025-01-10T16:04:00,1.02439,1.02452,1.02413,1.02415,233.839997857809
2025-01-10T16:05:00,1.02414,1.02447,1.02399,1.02433,257.769997231662
2025-01-10T16:06:00,1.02433,1.02445,1.02424,1.02432,398.219998940825
2025-01-10T16:07:00,1.02432,1.02438,1.02394,1.02405,307.319996491075
2025-01-10T16:08:00,1.02406,1.02414,1.02393,1.02404,186.949997894466
2025-01-10T16:09:00,1.02403,1.02417,1.02384,1.02415,196.899997979403
2025-01-10T16:10:00,1.02416,1.02421,1.02394,1.02397,214.19999819994
2025-01-10T16:11:00,1.02398,1.024,1.02359,1.02363,340.870000958443
2025-01-10T16:12:00,1.02362,1.02378,1.02358,1.02359,272.930000633001
2025-01-10T16:13:00,1.0236,1.02415,1.0236,1.02405,295.120000384748
2025-01-10T16:14:00,1.02408,1.02412,1.02379,1.02379,229.719998769462
2025-01-10T16:15:00,1.02379,1.02396,1.02373,1.02383,192.599999055266
2025-01-10T16:16:00,1.02385,1.02398,1.02362,1.02368,251.659999668598
2025-01-10T16:17:00,1.02366,1.02387,1.02363,1.02384,290.750000476837
2025-01-10T16:18:00,1.02385,1.02385,1.0235,1.02354,223.569998785853
2025-01-10T16:19:00,1.02354,1.02354,1.02303,1.02313,237.379997685552
2025-01-10T16:20:00,1.02313,1.02328,1.02297,1.02319,252.989997208118
2025-01-10T16:21:00,1.02319,1.02319,1.0228,1.0229,274.319997310638
2025-01-10T16:22:00,1.02289,1.02338,1.02285,1.02331,209.909996509552
2025-01-10T16:23:00,1.02331,1.02351,1.02323,1.02332,183.509996071458
2025-01-10T16:24:00,1.0233,1.02345,1.023,1.02345,207.11999630183
2025-01-10T16:25:00,1.02345,1.02377,1.02345,1.02375,215.749998249114
2025-01-10T16:26:00,1.02375,1.02376,1.02347,1.0235,209.54999833554
2025-01-10T16:27:00,1.02349,1.0235,1.0232,1.02349,297.9899976179
2025-01-10T16:28:00,1.02349,1.02349,1.02323,1.02326,254.029998593032
2025-01-10T16:29:00,1.02327,1.02332,1.02317,1.02321,171.779999673367
2025-01-10T16:30:00,1.02322,1.02325,1.02294,1.0232,230.789997927845
2025-01-10T16:31:00,1.0232,1.02327,1.02306,1.02326,216.249998137355
2025-01-10T16:32:00,1.02325,1.02334,1.02308,1.02324,266.039999067783
2025-01-10T16:33:00,1.02323,1.02347,1.02315,1.02346,242.819998800755
2025-01-10T16:34:00,1.02347,1.02355,1.02333,1.02337,225.89999973774
2025-01-10T16:35:00,1.02338,1.02358,1.02332,1.0234,225.650001466274
2025-01-10T16:36:00,1.02338,1.02378,1.02321,1.02378,208.009998910129
2025-01-10T16:37:00,1.02379,1.02379,1.02316,1.02316,342.619997814298
2025-01-10T16:38:00,1.02316,1.02316,1.02296,1.02311,280.400000743568
2025-01-10T16:39:00,1.02311,1.02317,1.02291,1.02297,205.709997698665
2025-01-10T16:40:00,1.02297,1.023,1.02275,1.02275,170.369998790324
2025-01-10T16:41:00,1.02276,1.02328,1.02276,1.02308,243.660000488162
2025-01-10T16:42:00,1.02306,1.0232,1.023,1.0232,165.569999992847
2025-01-10T16:43:00,1.02319,1.02322,1.02295,1.02305,229.390000037849
2025-01-10T16:44:00,1.02306,1.02321,1.02306,1.0231,183.360001258552
2025-01-10T16:45:00,1.0231,1.02334,1.02305,1.02306,235.58999928087
2025-01-10T16:46:00,1.02307,1.02322,1.02301,1.02317,153.56999950856
2025-01-10T16:47:00,1.02317,1.02345,1.02311,1.02343,210.899999193847
2025-01-10T16:48:00,1.02345,1.02364,1.02333,1.02361,179.099999882281
2025-01-10T16:49:00,1.02362,1.02375,1.02356,1.02369,227.51999938488
2025-01-10T16:50:00,1.02369,1.02387,1.02364,1.02381,164.519999302924
2025-01-10T16:51:00,1.02381,1.02387,1.02365,1.02373,195.989999994636
2025-01-10T16:52:00,1.02373,1.02392,1.02363,1.02385,173.279999427497
2025-01-10T16:53:00,1.02386,1.02391,1.0237,1.02372,163.560000173748
2025-01-10T16:54:00,1.02373,1.02395,1.02373,1.02385,186.959998361766
2025-01-10T16:55:00,1.02387,1.0239,1.0237,1.0237,197.389999568462
2025-01-10T16:56:00,1.02371,1.0239,1.02367,1.02385,110.999999009073
2025-01-10T16:57:00,1.02385,1.02409,1.02383,1.02395,172.889999575913
2025-01-10T16:58:00,1.02396,1.02398,1.02374,1.02381,243.840000987053
2025-01-10T16:59:00,1.02381,1.02387,1.02365,1.02373,247.949999511242
2025-01-10T17:00:00,1.02373,1.02384,1.02364,1.02376,225.929998986423
2025-01-10T17:01:00,1.02376,1.02387,1.02371,1.02383,236.339999526739
2025-01-10T17:02:00,1.02382,1.02386,1.02373,1.0238,175.860000588
2025-01-10T17:03:00,1.02379,1.02379,1.02352,1.02355,183.149999916553
2025-01-10T17:04:00,1.02356,1.02365,1.02329,1.02334,267.770000398159
2025-01-10T17:05:00,1.02335,1.02373,1.02334,1.0237,229.470000505447
2025-01-10T17:06:00,1.02371,1.02386,1.02367,1.02385,189.689999140799
2025-01-10T17:07:00,1.02384,1.024,1.02381,1.02399,131.240000240505
2025-01-10T17:08:00,1.02399,1.02408,1.02388,1.02398,199.530001282692
2025-01-10T17:09:00,1.02399,1.02435,1.02399,1.02433,169.079998530447
2025-01-10T17:10:00,1.02434,1.02434,1.02392,1.02414,160.179998598993
2025-01-10T17:11:00,1.02414,1.02424,1.02414,1.02424,217.03999966383
2025-01-10T17:12:00,1.02423,1.02433,1.02418,1.02425,170.569999694824
2025-01-10T17:13:00,1.02425,1.02434,1.02424,1.02429,185.129998624325
2025-01-10T17:14:00,1.0243,1.02447,1.02429,1.02442,138.449999667704
2025-01-10T17:15:00,1.02442,1.02455,1.02429,1.02434,183.619996607304
2025-01-10T17:16:00,1.02434,1.02443,1.02419,1.02443,143.939997635782
2025-01-10T17:17:00,1.02442,1.02442,1.02418,1.02418,146.329998642206
2025-01-10T17:18:00,1.02419,1.02426,1.02407,1.02418,164.6399981305
2025-01-10T17:19:00,1.02418,1.0242,1.02387,1.02387,196.519997805357
2025-01-10T17:20:00,1.02387,1.02387,1.02357,1.02369,218.54999769479
2025-01-10T17:21:00,1.02367,1.0237,1.02343,1.02346,211.439999215305
2025-01-10T17:22:00,1.02345,1.02348,1.02339,1.02348,153.919999361038
2025-01-10T17:23:00,1.02347,1.0237,1.02347,1.02355,115.649999082088
2025-01-10T17:24:00,1.02354,1.02365,1.0235,1.02362,101.25
2025-01-10T17:25:00,1.02361,1.02368,1.02351,1.02366,180.000001907349
2025-01-10T17:26:00,1.02366,1.02386,1.02366,1.02383,162.429999701679
2025-01-10T17:27:00,1.02382,1.02387,1.02369,1.02373,160.090000145137
2025-01-10T17:28:00,1.02374,1.02381,1.02373,1.0238,109.10000038147
2025-01-10T17:29:00,1.02379,1.02398,1.02376,1.0239,135.509999975562
2025-01-10T17:30:00,1.02391,1.02445,1.0239,1.02439,176.189999192953
2025-01-10T17:31:00,1.02438,1.02443,1.02422,1.02426,104.909998819232
2025-01-10T17:32:00,1.02426,1.02436,1.02423,1.02436,127.939998216927
2025-01-10T17:33:00,1.02436,1.02443,1.0243,1.02434,104.789998956025
2025-01-10T17:34:00,1.02433,1.02455,1.02433,1.02455,93.8999996334314
2025-01-10T17:35:00,1.02454,1.02462,1.0245,1.02454,117.989998750389
2025-01-10T17:36:00,1.02454,1.02462,1.02451,1.0246,89.1900001168251
2025-01-10T17:37:00,1.02459,1.0249,1.0245,1.02478,160.949999518692
2025-01-10T17:38:00,1.02479,1.02484,1.02463,1.02471,150.149999253452
2025-01-10T17:39:00,1.02471,1.02475,1.02449,1.02459,115.199999332428
2025-01-10T17:40:00,1.02458,1.02469,1.02454,1.02465,76.8599992394447
2025-01-10T17:41:00,1.02465,1.02484,1.02455,1.02477,130.319998323917
2025-01-10T17:42:00,1.02477,1.02482,1.02469,1.02479,126.449999570847
2025-01-10T17:43:00,1.02478,1.02506,1.02466,1.02497,215.819997683167
2025-01-10T17:44:00,1.02498,1.02504,1.02483,1.02485,105.419999733567
2025-01-10T17:45:00,1.02485,1.02494,1.02467,1.02471,119.939999170601
2025-01-10T17:46:00,1.02472,1.0248,1.02469,1.0247,82.7999986931682
2025-01-10T17:47:00,1.0247,1.02484,1.02469,1.0248,107.549998879433
2025-01-10T17:48:00,1.02483,1.02489,1.02469,1.02475,128.789999425411
2025-01-10T17:49:00,1.02475,1.02475,1.02462,1.02465,109.389999508858
2025-01-10T17:50:00,1.02464,1.02464,1.02444,1.02449,179.189999222755
2025-01-10T17:51:00,1.02448,1.02452,1.02436,1.02438,161.190000653267
2025-01-10T17:52:00,1.02437,1.02441,1.02429,1.0244,145.169999480247
2025-01-10T17:53:00,1.0244,1.0245,1.02436,1.02436,292.649996720254
2025-01-10T17:54:00,1.02435,1.02443,1.02429,1.02442,346.049998283386
2025-01-10T17:55:00,1.02442,1.0245,1.02441,1.0245,303.389998912811
2025-01-10T17:56:00,1.02453,1.02457,1.02447,1.02455,350.999999761581
2025-01-10T17:57:00,1.02455,1.02469,1.02446,1.02467,230.789999835193
2025-01-10T17:58:00,1.02468,1.02475,1.02453,1.02454,304.219998031855
2025-01-10T17:59:00,1.02455,1.02455,1.02441,1.02445,329.939999639988
2025-01-10T18:00:00,1.02444,1.02449,1.02424,1.02424,338.96999835223
2025-01-10T18:01:00,1.02424,1.02446,1.0242,1.02444,269.460000038147
2025-01-10T18:02:00,1.02444,1.02445,1.0243,1.02445,300.780000902712
2025-01-10T18:03:00,1.02445,1.0246,1.02445,1.0245,279.149999842048
2025-01-10T18:04:00,1.02451,1.02451,1.02419,1.0242,218.489998422563
2025-01-10T18:05:00,1.02421,1.02426,1.02405,1.02408,307.859997414052
2025-01-10T18:06:00,1.02406,1.02416,1.02405,1.02415,107.910000778735
2025-01-10T18:07:00,1.02418,1.02426,1.02418,1.02423,170.760000579059
2025-01-10T18:08:00,1.02424,1.02428,1.02419,1.02425,159.659998513758
2025-01-10T18:09:00,1.02424,1.0244,1.02422,1.02433,292.829999484122
2025-01-10T18:10:00,1.02434,1.02436,1.02426,1.0243,328.679996848106
2025-01-10T18:11:00,1.0243,1.02435,1.02417,1.0242,349.92000067234
2025-01-10T18:12:00,1.0242,1.0242,1.02404,1.02404,231.749999403954
2025-01-10T18:13:00,1.02405,1.02423,1.02404,1.02423,269.820001840591
2025-01-10T18:14:00,1.02422,1.02426,1.02398,1.024,342.449999883771
2025-01-10T18:15:00,1.024,1.024,1.02381,1.02381,387.090000152588
2025-01-10T18:16:00,1.02381,1.02381,1.02369,1.02379,139.500000715256
2025-01-10T18:17:00,1.02378,1.02379,1.02372,1.02374,103.950000047684
2025-01-10T18:18:00,1.02374,1.02377,1.02361,1.02377,205.830000400543
2025-01-10T18:19:00,1.02378,1.0239,1.02378,1.02384,184.139998197556
2025-01-10T18:20:00,1.02382,1.02388,1.02378,1.02388,123.839999675751
2025-01-10T18:21:00,1.02387,1.02397,1.02386,1.02393,217.299999833107
2025-01-10T18:22:00,1.02393,1.02403,1.0239,1.02399,225.629998803139
2025-01-10T18:23:00,1.02398,1.02414,1.02398,1.0241,109.569999665022
2025-01-10T18:24:00,1.02409,1.02415,1.02409,1.02414,75.1499993801117
2025-01-10T18:25:00,1.02415,1.02415,1.02393,1.02399,177.02999985218
2025-01-10T18:26:00,1.02398,1.024,1.02394,1.02399,167.400000214577
2025-01-10T18:27:00,1.02397,1.02405,1.02384,1.02404,206.100001513958
2025-01-10T18:28:00,1.02404,1.0241,1.024,1.02404,149.850000739098
2025-01-10T18:29:00,1.02405,1.02405,1.02399,1.02399,85.0500004291534
2025-01-10T18:30:00,1.024,1.024,1.02374,1.02374,133.290000081062
2025-01-10T18:31:00,1.02374,1.0238,1.02367,1.0238,130.949999213219
2025-01-10T18:32:00,1.0238,1.02381,1.02372,1.02381,125.099999785423
2025-01-10T18:33:00,1.0238,1.02394,1.0238,1.02385,206.399998515844
2025-01-10T18:34:00,1.02387,1.02389,1.02373,1.02375,142.739998459816
2025-01-10T18:35:00,1.02375,1.0238,1.02369,1.0238,97.2000005245209
2025-01-10T18:36:00,1.02378,1.02383,1.02373,1.02379,161.190001010895
2025-01-10T18:37:00,1.02379,1.02379,1.02366,1.02368,208.530000030994
2025-01-10T18:38:00,1.02368,1.02371,1.02359,1.02364,295.559999346733
2025-01-10T18:39:00,1.02365,1.02374,1.02362,1.02374,139.950000286102
2025-01-10T18:40:00,1.02373,1.0238,1.02373,1.02375,178.830001235008
2025-01-10T18:41:00,1.02377,1.02383,1.02376,1.02378,135.000000357628
2025-01-10T18:42:00,1.02378,1.02395,1.02377,1.02395,113.399999976158
2025-01-10T18:43:00,1.02395,1.02415,1.02395,1.02414,135.029999732971
2025-01-10T18:44:00,1.02415,1.02415,1.02405,1.0241,71.3700003474951
2025-01-10T18:45:00,1.02409,1.02428,1.02409,1.02425,138.86999925226
2025-01-10T18:46:00,1.02425,1.02425,1.02407,1.02411,176.909999623895
2025-01-10T18:47:00,1.02412,1.02415,1.02401,1.02409,176.039998888969
2025-01-10T18:48:00,1.0241,1.02414,1.02401,1.02401,87.389999628067
2025-01-10T18:49:00,1.02402,1.02412,1.02401,1.02411,194.219999432564
2025-01-10T18:50:00,1.02409,1.02409,1.02393,1.02393,266.84999859333
2025-01-10T18:51:00,1.02394,1.02396,1.02387,1.02395,121.679999947548
2025-01-10T18:52:00,1.02395,1.02419,1.02394,1.024,194.970000676811
2025-01-10T18:53:00,1.02399,1.02403,1.02391,1.02403,207.000001549721
2025-01-10T18:54:00,1.02403,1.02403,1.02374,1.02375,220.950000107288
2025-01-10T18:55:00,1.02376,1.02391,1.0237,1.02388,280.800000071526
2025-01-10T18:56:00,1.02389,1.02404,1.02385,1.02404,152.120000600815
2025-01-10T18:57:00,1.02405,1.02423,1.02405,1.02419,163.980000138283
2025-01-10T18:58:00,1.0242,1.02424,1.02409,1.02412,164.789999008179
2025-01-10T18:59:00,1.02413,1.0242,1.02409,1.02415,156.599999427795
2025-01-10T19:00:00,1.02417,1.02422,1.02393,1.02399,295.650000393391
2025-01-10T19:01:00,1.02398,1.02399,1.02369,1.02373,249.030002117157
2025-01-10T19:02:00,1.02373,1.02378,1.02363,1.02378,413.099998354912
2025-01-10T19:03:00,1.02378,1.02385,1.02374,1.02385,228.689999938011
2025-01-10T19:04:00,1.02385,1.02393,1.02383,1.0239,144.719998955727
2025-01-10T19:05:00,1.02389,1.0239,1.02371,1.02375,462.14999973774
2025-01-10T19:06:00,1.02374,1.02375,1.02363,1.02368,260.549998521805
2025-01-10T19:07:00,1.02368,1.0237,1.0236,1.02361,328.490000844002
2025-01-10T19:08:00,1.02361,1.02361,1.02354,1.02355,68.8400003910065
2025-01-10T19:09:00,1.02356,1.0236,1.02348,1.0235,234.99000030756
2025-01-10T19:10:00,1.0235,1.02371,1.0235,1.02371,179.790001094341
2025-01-10T19:11:00,1.02372,1.02385,1.02369,1.02375,88.019998729229
2025-01-10T19:12:00,1.02375,1.0238,1.02364,1.02365,60.8399992063642
2025-01-10T19:13:00,1.02363,1.0239,1.02362,1.02377,63.0299993380904
2025-01-10T19:14:00,1.02379,1.02391,1.02379,1.02388,207.839999720454
2025-01-10T19:15:00,1.0239,1.02402,1.02387,1.02394,197.249999962747
2025-01-10T19:16:00,1.02393,1.0241,1.02391,1.0241,299.070000648499
2025-01-10T19:17:00,1.02409,1.02411,1.024,1.02403,238.500002622604
2025-01-10T19:18:00,1.02403,1.02412,1.024,1.0241,187.410000532866
2025-01-10T19:19:00,1.02411,1.02414,1.02405,1.0241,164.700000524521
2025-01-10T19:20:00,1.02408,1.02408,1.024,1.024,223.649998664856
2025-01-10T19:21:00,1.024,1.02402,1.0239,1.02397,156.599999904633
2025-01-10T19:22:00,1.02399,1.024,1.02391,1.02391,132.300000309944
2025-01-10T19:23:00,1.02393,1.02409,1.02392,1.02409,196.649999260902
2025-01-10T19:24:00,1.0241,1.02415,1.02403,1.02412,149.85000026226
2025-01-10T19:25:00,1.02412,1.02414,1.02407,1.02407,153.900000214577
2025-01-10T19:26:00,1.02408,1.0243,1.02407,1.0243,211.499999284744
2025-01-10T19:27:00,1.02429,1.02437,1.02429,1.02435,108
2025-01-10T19:28:00,1.02436,1.02437,1.02415,1.02416,159.149999074638
2025-01-10T19:29:00,1.02414,1.0242,1.02406,1.02406,137.789998650551
2025-01-10T19:30:00,1.02405,1.02405,1.02385,1.02395,153.990001261234
2025-01-10T19:31:00,1.02394,1.02395,1.02384,1.0239,122.339999459684
2025-01-10T19:32:00,1.02393,1.02406,1.02393,1.024,128.899999506772
2025-01-10T19:33:00,1.02401,1.02411,1.024,1.0241,125.429998196661
2025-01-10T19:34:00,1.02409,1.02409,1.0239,1.02395,82.4699995815754
2025-01-10T19:35:00,1.02394,1.02415,1.02394,1.0241,58.5899994000793
2025-01-10T19:36:00,1.02409,1.02411,1.02398,1.02408,134.099998787045
2025-01-10T19:37:00,1.02408,1.02415,1.02403,1.0241,144.990000426769
2025-01-10T19:38:00,1.0241,1.02429,1.0241,1.02425,130.949999332428
2025-01-10T19:39:00,1.02425,1.02445,1.02425,1.02445,118.67999945581
2025-01-10T19:40:00,1.02444,1.02454,1.02435,1.02447,186.989998802543
2025-01-10T19:41:00,1.02449,1.02451,1.02444,1.02445,264.59999704361
2025-01-10T19:42:00,1.02446,1.02451,1.02441,1.0245,159.509999625385
2025-01-10T19:43:00,1.02453,1.02471,1.02453,1.0247,134.550000071526
2025-01-10T19:44:00,1.02471,1.0248,1.0246,1.0246,146.819999091327
2025-01-10T19:45:00,1.0246,1.02461,1.02441,1.02444,197.189999103546
2025-01-10T19:46:00,1.02443,1.0245,1.02435,1.02444,165.150000691414
2025-01-10T19:47:00,1.02444,1.02458,1.0244,1.02456,117.419998824596
2025-01-10T19:48:00,1.02456,1.02465,1.02455,1.02464,182.250001013279
2025-01-10T19:49:00,1.02463,1.0247,1.02449,1.02451,186.870000056922
2025-01-10T19:50:00,1.02451,1.02489,1.02444,1.02478,274.40999853611
2025-01-10T19:51:00,1.02477,1.02481,1.02465,1.02476,144.269999146461
2025-01-10T19:52:00,1.02475,1.02483,1.0247,1.0248,225.539998590946
2025-01-10T19:53:00,1.02481,1.02484,1.0247,1.0247,252.449998140335
2025-01-10T19:54:00,1.02469,1.0247,1.02459,1.0246,166.049998760223
2025-01-10T19:55:00,1.02459,1.02468,1.02449,1.02467,207.899998605251
2025-01-10T19:56:00,1.02466,1.02468,1.0246,1.02465,208.799999713898
2025-01-10T19:57:00,1.02465,1.02475,1.02459,1.02465,269.189999997616
2025-01-10T19:58:00,1.02466,1.02471,1.02458,1.02462,93.5100003182888
2025-01-10T19:59:00,1.02462,1.02463,1.02448,1.02454,438.390000700951
2025-01-10T20:00:00,1.02454,1.02454,1.02433,1.02434,303.749999940395
2025-01-10T20:01:00,1.02434,1.02446,1.0243,1.02434,317.519999086857
2025-01-10T20:02:00,1.02434,1.02439,1.02425,1.02435,274.169999420643
2025-01-10T20:03:00,1.02434,1.02439,1.02423,1.0243,203.490000009537
2025-01-10T20:04:00,1.02431,1.02439,1.02427,1.02428,132.869998276234
2025-01-10T20:05:00,1.02427,1.02443,1.02427,1.02434,152.999998688698
2025-01-10T20:06:00,1.02435,1.02446,1.02434,1.02445,132.749998688698
2025-01-10T20:07:00,1.02444,1.02445,1.02439,1.02441,110.249998807907
2025-01-10T20:08:00,1.02441,1.02443,1.02434,1.02435,79.6499989032745
2025-01-10T20:09:00,1.02434,1.02436,1.02429,1.02429,102.149998903275
2025-01-10T20:10:00,1.0243,1.02434,1.02425,1.02425,93.1499996185303
2025-01-10T20:11:00,1.02427,1.02428,1.02409,1.0241,121.259999863803
2025-01-10T20:12:00,1.02409,1.02422,1.02409,1.02411,423.750000350177
2025-01-10T20:13:00,1.0241,1.02415,1.02408,1.02409,296.100002288818
2025-01-10T20:14:00,1.0241,1.02417,1.0241,1.02417,252.090003013611
2025-01-10T20:15:00,1.02416,1.02419,1.02405,1.0241,180.000000238419
2025-01-10T20:16:00,1.0241,1.02411,1.0239,1.02391,212.400002479553
2025-01-10T20:17:00,1.02391,1.02395,1.02385,1.02386,146.700000345707
2025-01-10T20:18:00,1.02385,1.02385,1.02372,1.02376,179.820000290871
2025-01-10T20:19:00,1.02375,1.02383,1.0237,1.02378,78.8999995589256
2025-01-10T20:20:00,1.02378,1.02381,1.0237,1.02371,79.1699994206429
2025-01-10T20:21:00,1.02371,1.02381,1.02371,1.02376,141.119999721646
2025-01-10T20:22:00,1.02376,1.02386,1.02375,1.0238,77.2199988141656
2025-01-10T20:23:00,1.02384,1.0239,1.02375,1.0239,104.309999443591
2025-01-10T20:24:00,1.02391,1.02391,1.0238,1.0238,61.1099991798401
2025-01-10T20:25:00,1.02382,1.02385,1.02377,1.0238,97.4999994933605
2025-01-10T20:26:00,1.0238,1.02388,1.02378,1.02385,90.9600000232458
2025-01-10T20:27:00,1.02387,1.02394,1.0238,1.02391,181.799999952316
2025-01-10T20:28:00,1.02392,1.02397,1.02392,1.02395,49.0499991178513
2025-01-10T20:29:00,1.02395,1.02405,1.02391,1.02404,67.0499997138977
2025-01-10T20:30:00,1.02405,1.02409,1.02404,1.02405,80.9999997615814
2025-01-10T20:31:00,1.02405,1.02411,1.02395,1.02405,136.819998502731
2025-01-10T20:32:00,1.02406,1.02409,1.02397,1.024,139.500000596046
2025-01-10T20:33:00,1.02403,1.0241,1.02403,1.0241,71.5499999523163
2025-01-10T20:34:00,1.02409,1.0241,1.02405,1.02405,72.4499996900558
2025-01-10T20:35:00,1.02404,1.02406,1.02399,1.02401,104.039999842644
2025-01-10T20:36:00,1.024,1.02401,1.02395,1.02399,140.489998936653
2025-01-10T20:37:00,1.024,1.02405,1.02399,1.02405,108.359999775887
2025-01-10T20:38:00,1.02405,1.02422,1.02405,1.02421,182.069998383522
2025-01-10T20:39:00,1.0242,1.02421,1.02411,1.02412,111.059999346733
2025-01-10T20:40:00,1.02413,1.02414,1.0241,1.0241,94.5000001192093
2025-01-10T20:41:00,1.02411,1.02414,1.02407,1.02411,102.14999961853
2025-01-10T20:42:00,1.02412,1.02423,1.02411,1.02422,68.4899994134903
2025-01-10T20:43:00,1.02424,1.02437,1.02424,1.0243,116.999999403954
2025-01-10T20:44:00,1.02432,1.02436,1.02429,1.0243,104.399998664856
2025-01-10T20:45:00,1.0243,1.0243,1.02419,1.02421,114.749998927116
2025-01-10T20:46:00,1.0242,1.02424,1.02416,1.02424,56.6999989748001
2025-01-10T20:47:00,1.02423,1.02425,1.02419,1.02419,98.5499994754791
2025-01-10T20:48:00,1.0242,1.0242,1.02405,1.02405,105.299999475479
2025-01-10T20:49:00,1.02404,1.02414,1.02403,1.02411,86.3099983930588
2025-01-10T20:50:00,1.0241,1.02433,1.02407,1.02432,184.949997782707
2025-01-10T20:51:00,1.02432,1.02432,1.02421,1.02421,94.4999985694885
2025-01-10T20:52:00,1.02421,1.02431,1.0242,1.02429,94.4999996423721
2025-01-10T20:53:00,1.0243,1.02436,1.02429,1.02436,74.4299994707108
2025-01-10T20:54:00,1.02437,1.02442,1.02431,1.02442,126.179999709129
2025-01-10T20:55:00,1.02442,1.0245,1.02439,1.0244,242.490000359714
2025-01-10T20:56:00,1.02439,1.02456,1.02439,1.02451,109.530000269413
2025-01-10T20:57:00,1.0245,1.02458,1.02446,1.02455,140.070000819862
2025-01-10T20:58:00,1.02455,1.02456,1.02438,1.02439,275.689999811351
2025-01-10T20:59:00,1.0244,1.02446,1.02438,1.02446,191.65999840945
